filename,timestamp
media_w1516295642_6212.ts,2025-10-15T02:45:15.801Z
media_w1516295642_6213.ts,2025-10-15T02:45:16.436Z
media_w1516295642_6214.ts,2025-10-15T02:45:16.847Z
media_w1636196609_7014.ts,2025-10-15T04:58:55.241Z
media_w1636196609_7015.ts,2025-10-15T04:58:55.688Z
media_w1636196609_7016.ts,2025-10-15T04:58:56.180Z
media_w1428604048_7017.ts,2025-10-15T04:59:00.793Z
media_w2013182427_7018.ts,2025-10-15T04:59:13.560Z
media_w1983057157_7019.ts,2025-10-15T04:59:22.402Z
media_w715493836_7020.ts,2025-10-15T04:59:31.157Z
media_w832676677_7021.ts,2025-10-15T04:59:44.035Z
media_w511937578_7022.ts,2025-10-15T04:59:52.716Z
media_w117581340_7023.ts,2025-10-15T05:00:05.513Z
media_w2071706752_7024.ts,2025-10-15T05:00:14.382Z
media_w921685545_7025.ts,2025-10-15T05:00:22.877Z
media_w1646874252_7026.ts,2025-10-15T05:00:32.764Z
media_w1838519792_7027.ts,2025-10-15T05:00:42.234Z
media_w1730093505_7028.ts,2025-10-15T05:00:50.925Z
media_w24886328_7029.ts,2025-10-15T05:01:03.567Z
media_w1474453063_7030.ts,2025-10-15T05:01:12.132Z
media_w1985345993_7031.ts,2025-10-15T05:01:24.735Z
media_w174418843_7032.ts,2025-10-15T05:01:33.411Z
media_w1932079027_7033.ts,2025-10-15T05:01:41.866Z
media_w345344676_7034.ts,2025-10-15T05:01:54.512Z
media_w1989991488_7035.ts,2025-10-15T05:02:03.021Z
media_w136789655_7036.ts,2025-10-15T05:02:11.690Z
media_w1220171043_7037.ts,2025-10-15T05:02:24.303Z
media_w1407492733_7038.ts,2025-10-15T05:02:32.782Z
media_w1064621208_7039.ts,2025-10-15T05:02:41.321Z
media_w1641642463_7040.ts,2025-10-15T05:02:53.946Z
media_w1174757853_7041.ts,2025-10-15T05:03:02.453Z
media_w1192980567_7042.ts,2025-10-15T05:03:15.333Z
media_w1934418741_7043.ts,2025-10-15T05:03:24.017Z
media_w1168315747_7044.ts,2025-10-15T05:03:32.521Z
media_w1259480066_7045.ts,2025-10-15T05:03:40.993Z
media_w1664721462_7046.ts,2025-10-15T05:03:53.605Z
media_w1308296288_7047.ts,2025-10-15T05:04:02.077Z
media_w230380676_7048.ts,2025-10-15T05:04:14.861Z
media_w885190724_7049.ts,2025-10-15T05:04:23.313Z
media_w1354119483_7050.ts,2025-10-15T05:04:32.002Z
media_w408709869_7051.ts,2025-10-15T05:04:44.694Z
media_w1550642945_7052.ts,2025-10-15T05:04:53.181Z
media_w240180374_7053.ts,2025-10-15T05:05:01.761Z
media_w1499786205_7054.ts,2025-10-15T05:05:14.378Z
media_w388386322_7055.ts,2025-10-15T05:05:22.865Z
media_w1472535316_7056.ts,2025-10-15T05:05:31.502Z
media_w824358402_7057.ts,2025-10-15T05:05:44.363Z
media_w634720318_7058.ts,2025-10-15T05:05:53.190Z
media_w923323246_7059.ts,2025-10-15T05:06:01.872Z
media_w763143239_7060.ts,2025-10-15T05:06:14.729Z
media_w2073957047_7061.ts,2025-10-15T05:06:23.208Z
media_w1582410772_7062.ts,2025-10-15T05:06:31.905Z
media_w2057072195_7063.ts,2025-10-15T05:06:44.586Z
media_w785260457_7064.ts,2025-10-15T05:06:53.240Z
media_w1774225083_7065.ts,2025-10-15T05:07:01.888Z
media_w69802946_7066.ts,2025-10-15T05:07:14.852Z
media_w881526690_7067.ts,2025-10-15T05:07:23.341Z
media_w2019535550_7068.ts,2025-10-15T05:07:31.905Z
media_w1119085859_7069.ts,2025-10-15T05:07:44.694Z
media_w89197822_7070.ts,2025-10-15T05:07:53.175Z
media_w2109154359_7071.ts,2025-10-15T05:08:01.625Z
media_w236953095_7072.ts,2025-10-15T05:08:14.372Z
media_w143161663_7073.ts,2025-10-15T05:08:23.077Z
media_w1848093380_7074.ts,2025-10-15T05:08:31.697Z
media_w1577691376_7075.ts,2025-10-15T05:08:44.329Z
media_w53231941_7076.ts,2025-10-15T05:08:52.981Z
media_w120164493_7077.ts,2025-10-15T05:09:01.776Z
media_w1669774409_7078.ts,2025-10-15T05:09:14.419Z
media_w642975915_7079.ts,2025-10-15T05:09:23.039Z
media_w241068969_7080.ts,2025-10-15T05:09:31.765Z
media_w1311299931_7081.ts,2025-10-15T05:09:44.648Z
media_w709041477_7082.ts,2025-10-15T05:09:53.476Z
media_w1422609735_7083.ts,2025-10-15T05:10:01.954Z
media_w874300432_7084.ts,2025-10-15T05:10:10.518Z
media_w1074464169_7085.ts,2025-10-15T05:10:23.319Z
media_w1008678096_7086.ts,2025-10-15T05:10:32.131Z
media_w959597632_7087.ts,2025-10-15T05:10:44.743Z
media_w2144904338_7088.ts,2025-10-15T05:10:53.395Z
media_w310124168_7089.ts,2025-10-15T05:11:01.996Z
media_w966638306_7090.ts,2025-10-15T05:11:14.826Z
media_w1886160643_7091.ts,2025-10-15T05:11:23.396Z
media_w266664174_7092.ts,2025-10-15T05:11:32.226Z
media_w1481103980_7093.ts,2025-10-15T05:11:45.083Z
media_w1106826903_7094.ts,2025-10-15T05:11:53.605Z
media_w2037771778_7095.ts,2025-10-15T05:12:02.417Z
media_w1542845044_7096.ts,2025-10-15T05:12:15.368Z
media_w2026174922_7097.ts,2025-10-15T05:12:24.012Z
media_w653408026_7098.ts,2025-10-15T05:12:32.674Z
media_w2057255770_7099.ts,2025-10-15T05:12:41.343Z
media_w104887628_7100.ts,2025-10-15T05:12:54.168Z
media_w1354269178_7101.ts,2025-10-15T05:13:02.854Z
media_w195984937_7102.ts,2025-10-15T05:13:11.490Z
media_w597611433_7103.ts,2025-10-15T05:13:24.263Z
media_w1332982322_7104.ts,2025-10-15T05:13:32.871Z
media_w18291155_7105.ts,2025-10-15T05:13:41.439Z
media_w1747341494_7106.ts,2025-10-15T05:13:54.170Z
media_w27218746_7107.ts,2025-10-15T05:14:02.826Z
media_w2099292247_7108.ts,2025-10-15T05:14:11.506Z
media_w2107194015_7109.ts,2025-10-15T05:14:24.447Z
media_w1037162226_7110.ts,2025-10-15T05:14:33.129Z
media_w1156820254_7111.ts,2025-10-15T05:14:41.715Z
media_w923264683_7112.ts,2025-10-15T05:14:54.458Z
media_w889460409_7113.ts,2025-10-15T05:15:03.038Z
media_w558255866_7114.ts,2025-10-15T05:15:11.708Z
media_w1296404866_7115.ts,2025-10-15T05:15:24.806Z
media_w2025413455_7116.ts,2025-10-15T05:15:33.611Z
media_w1296756830_7117.ts,2025-10-15T05:15:42.186Z
media_w2014942688_7118.ts,2025-10-15T05:15:50.859Z
media_w1374551952_7119.ts,2025-10-15T05:16:03.758Z
media_w438676807_7120.ts,2025-10-15T05:16:12.426Z
media_w2042365587_7121.ts,2025-10-15T05:16:25.338Z
media_w1613722916_7122.ts,2025-10-15T05:16:34.132Z
media_w1351198522_7123.ts,2025-10-15T05:16:42.816Z
media_w1835692331_7124.ts,2025-10-15T05:16:51.396Z
media_w605901131_7125.ts,2025-10-15T05:17:04.199Z
media_w2118096251_7126.ts,2025-10-15T05:17:12.742Z
media_w582865248_7127.ts,2025-10-15T05:17:21.458Z
media_w906571090_7128.ts,2025-10-15T05:17:34.284Z
media_w1299979468_7129.ts,2025-10-15T05:17:43.094Z
media_w1378694539_7130.ts,2025-10-15T05:17:51.919Z
media_w1550689369_7131.ts,2025-10-15T05:18:04.930Z
media_w1526805227_7132.ts,2025-10-15T05:18:13.440Z
media_w987376696_7133.ts,2025-10-15T05:18:22.130Z
media_w300897180_7134.ts,2025-10-15T05:18:34.795Z
media_w1191451631_7135.ts,2025-10-15T05:18:43.434Z
media_w1005138269_7136.ts,2025-10-15T05:18:52.214Z
media_w1130525718_7137.ts,2025-10-15T05:19:00.866Z
media_w62807088_7138.ts,2025-10-15T05:19:13.670Z
media_w1222315591_7139.ts,2025-10-15T05:19:22.543Z
media_w1355534512_7140.ts,2025-10-15T05:19:31.178Z
media_w432465428_7141.ts,2025-10-15T05:19:43.974Z
media_w1537373476_7142.ts,2025-10-15T05:19:52.586Z
media_w1790477694_7143.ts,2025-10-15T05:20:01.237Z
media_w1436452367_7144.ts,2025-10-15T05:20:14.098Z
media_w405646550_7145.ts,2025-10-15T05:20:22.735Z
media_w1840976993_7146.ts,2025-10-15T05:20:31.273Z
media_w2131868921_7147.ts,2025-10-15T05:20:44.075Z
media_w1608759823_7148.ts,2025-10-15T05:20:52.778Z
media_w1819923428_7149.ts,2025-10-15T05:21:01.377Z
media_w365342534_7150.ts,2025-10-15T05:21:14.469Z
media_w467511600_7151.ts,2025-10-15T05:21:23.086Z
media_w501333052_7152.ts,2025-10-15T05:21:31.714Z
media_w1670368039_7153.ts,2025-10-15T05:21:44.775Z
media_w487868957_7154.ts,2025-10-15T05:21:53.414Z
media_w1427108061_7155.ts,2025-10-15T05:22:01.986Z
media_w2071653027_7156.ts,2025-10-15T05:22:14.809Z
media_w744397659_7157.ts,2025-10-15T05:22:23.473Z
media_w964161590_7158.ts,2025-10-15T05:22:31.902Z
media_w390067824_7159.ts,2025-10-15T05:22:44.606Z
media_w15796277_7160.ts,2025-10-15T05:22:53.162Z
media_w1754179223_7161.ts,2025-10-15T05:23:01.949Z
media_w2013538365_7162.ts,2025-10-15T05:23:14.689Z
media_w650503348_7163.ts,2025-10-15T05:23:23.233Z
media_w1833100163_7164.ts,2025-10-15T05:23:31.831Z
media_w2135066527_7165.ts,2025-10-15T05:23:44.493Z
media_w1286037524_7166.ts,2025-10-15T05:23:53.023Z
media_w1363792362_7167.ts,2025-10-15T05:24:01.527Z
media_w137184413_7168.ts,2025-10-15T05:24:14.502Z
media_w1003713079_7169.ts,2025-10-15T05:24:23.049Z
media_w1282226567_7170.ts,2025-10-15T05:24:31.733Z
media_w546724312_7171.ts,2025-10-15T05:24:44.509Z
media_w440841449_7172.ts,2025-10-15T05:24:53.073Z
media_w2129533985_7173.ts,2025-10-15T05:25:01.611Z
media_w432735932_7174.ts,2025-10-15T05:25:14.622Z
media_w1249694013_7175.ts,2025-10-15T05:25:23.079Z
media_w220088607_7176.ts,2025-10-15T05:25:31.669Z
media_w2045109162_7177.ts,2025-10-15T05:25:44.562Z
media_w1359259262_7178.ts,2025-10-15T05:25:53.215Z
media_w285766156_7179.ts,2025-10-15T05:26:01.894Z
media_w717549377_7180.ts,2025-10-15T05:26:14.722Z
media_w984345714_7181.ts,2025-10-15T05:26:23.302Z
media_w1652696115_7182.ts,2025-10-15T05:26:31.782Z
media_w352025967_7183.ts,2025-10-15T05:26:44.546Z
media_w1024035097_7184.ts,2025-10-15T05:26:53.187Z
media_w919101892_7185.ts,2025-10-15T05:27:01.734Z
media_w1780230906_7186.ts,2025-10-15T05:27:14.575Z
media_w523792304_7187.ts,2025-10-15T05:27:23.188Z
media_w1183456783_7188.ts,2025-10-15T05:27:32.059Z
media_w1481629196_7189.ts,2025-10-15T05:27:44.833Z
media_w711108065_7190.ts,2025-10-15T05:27:53.316Z
media_w543895626_7191.ts,2025-10-15T05:28:01.846Z
media_w2115502029_7192.ts,2025-10-15T05:28:14.664Z
media_w2100555229_7193.ts,2025-10-15T05:28:23.299Z
media_w1530237220_7194.ts,2025-10-15T05:28:31.928Z
media_w537566681_7195.ts,2025-10-15T05:28:44.691Z
media_w194459882_7196.ts,2025-10-15T05:28:53.244Z
media_w575152239_7197.ts,2025-10-15T05:29:01.932Z
media_w465911089_7198.ts,2025-10-15T05:29:14.702Z
media_w2024057471_7199.ts,2025-10-15T05:29:23.515Z
media_w862827303_7200.ts,2025-10-15T05:29:32.015Z
media_w793620261_7201.ts,2025-10-15T05:29:44.697Z
media_w1153618483_7202.ts,2025-10-15T05:29:53.312Z
media_w1848017303_7203.ts,2025-10-15T05:30:02.071Z
media_w1916831354_7204.ts,2025-10-15T05:30:10.536Z
media_w2068882641_7205.ts,2025-10-15T05:30:23.419Z
media_w2118214445_7206.ts,2025-10-15T05:30:32.025Z
media_w1546814688_7207.ts,2025-10-15T05:30:44.803Z
media_w1980329062_7208.ts,2025-10-15T05:30:53.369Z
media_w86775261_7209.ts,2025-10-15T05:31:02.072Z
media_w1343187323_7210.ts,2025-10-15T05:31:10.691Z
media_w1696939694_7211.ts,2025-10-15T05:31:23.536Z
media_w123324638_7212.ts,2025-10-15T05:31:32.261Z
media_w980026364_7213.ts,2025-10-15T05:31:45.052Z
media_w1673378521_7214.ts,2025-10-15T05:31:53.611Z
media_w584297169_7215.ts,2025-10-15T05:32:02.229Z
media_w1918766606_7216.ts,2025-10-15T05:32:14.849Z
media_w1928986502_7217.ts,2025-10-15T05:32:23.448Z
media_w1569689545_7218.ts,2025-10-15T05:32:32.155Z
media_w1974530545_7219.ts,2025-10-15T05:32:44.800Z
media_w1647433361_7220.ts,2025-10-15T05:32:53.468Z
media_w1375824172_7221.ts,2025-10-15T05:33:02.046Z
media_w1953587558_7222.ts,2025-10-15T05:33:14.855Z
media_w1592093915_7223.ts,2025-10-15T05:33:23.453Z
media_w1799929402_7224.ts,2025-10-15T05:33:32.196Z
media_w2010232480_7225.ts,2025-10-15T05:33:44.853Z
media_w1586932917_7226.ts,2025-10-15T05:33:53.333Z
media_w735985072_7227.ts,2025-10-15T05:34:01.960Z
media_w1588685387_7228.ts,2025-10-15T05:34:14.573Z
media_w521860172_7229.ts,2025-10-15T05:34:23.204Z
media_w1708614104_7230.ts,2025-10-15T05:34:31.785Z
media_w1528196659_7231.ts,2025-10-15T05:34:44.560Z
media_w179890799_7232.ts,2025-10-15T05:34:53.169Z
media_w1309237320_7233.ts,2025-10-15T05:35:01.805Z
media_w1486553528_7234.ts,2025-10-15T05:35:14.589Z
media_w258169231_7235.ts,2025-10-15T05:35:23.280Z
media_w1096417579_7236.ts,2025-10-15T05:35:31.944Z
media_w1633285773_7237.ts,2025-10-15T05:35:44.665Z
media_w188969512_7238.ts,2025-10-15T05:35:53.164Z
media_w1589210723_7239.ts,2025-10-15T05:36:01.745Z
media_w1863314159_7240.ts,2025-10-15T05:36:14.500Z
media_w315387798_7241.ts,2025-10-15T05:36:23.082Z
media_w94950214_7242.ts,2025-10-15T05:36:31.755Z
media_w776597739_7243.ts,2025-10-15T05:36:44.657Z
media_w427567554_7244.ts,2025-10-15T05:36:53.230Z
media_w1768350061_7245.ts,2025-10-15T05:37:01.860Z
media_w684324859_7246.ts,2025-10-15T05:37:14.716Z
media_w1637018041_7247.ts,2025-10-15T05:37:23.316Z
media_w1704776996_7248.ts,2025-10-15T05:37:31.953Z
media_w1198003991_7249.ts,2025-10-15T05:37:44.670Z
media_w1609709902_7250.ts,2025-10-15T05:37:53.293Z
media_w939501090_7251.ts,2025-10-15T05:38:01.994Z
media_w192938499_7252.ts,2025-10-15T05:38:14.770Z
media_w824005618_7253.ts,2025-10-15T05:38:23.268Z
media_w1468622776_7254.ts,2025-10-15T05:38:31.708Z
media_w2143796001_7255.ts,2025-10-15T05:38:44.449Z
media_w1629691926_7256.ts,2025-10-15T05:38:53.073Z
media_w2134150802_7257.ts,2025-10-15T05:39:01.692Z
media_w2075009361_7258.ts,2025-10-15T05:39:14.525Z
media_w903112687_7259.ts,2025-10-15T05:39:23.181Z
media_w376083767_7260.ts,2025-10-15T05:39:31.774Z
media_w1642976883_7261.ts,2025-10-15T05:39:44.621Z
media_w294634126_7262.ts,2025-10-15T05:39:53.092Z
media_w929682083_7263.ts,2025-10-15T05:40:01.689Z
media_w1282753364_7264.ts,2025-10-15T05:40:14.434Z
media_w1914320703_7265.ts,2025-10-15T05:40:23.033Z
media_w1825953455_7266.ts,2025-10-15T05:40:31.653Z
media_w1483635504_7267.ts,2025-10-15T05:40:44.398Z
media_w854038000_7268.ts,2025-10-15T05:40:53.113Z
media_w954607901_7269.ts,2025-10-15T05:41:01.781Z
media_w1654641235_7270.ts,2025-10-15T05:41:14.564Z
media_w2077559766_7271.ts,2025-10-15T05:41:23.009Z
media_w1549938024_7272.ts,2025-10-15T05:41:31.637Z
media_w712202281_7273.ts,2025-10-15T05:41:44.370Z
media_w1923222798_7274.ts,2025-10-15T05:41:52.847Z
media_w326063139_7275.ts,2025-10-15T05:42:01.416Z
media_w1267317483_7276.ts,2025-10-15T05:42:14.017Z
media_w1523594801_7277.ts,2025-10-15T05:42:22.698Z
media_w1593131907_7278.ts,2025-10-15T05:42:31.345Z
media_w1681822987_7279.ts,2025-10-15T05:42:44.138Z
media_w191472339_7280.ts,2025-10-15T05:42:52.816Z
media_w1229457780_7281.ts,2025-10-15T05:43:01.426Z
media_w1148379955_7282.ts,2025-10-15T05:43:14.272Z
media_w525007145_7283.ts,2025-10-15T05:43:22.994Z
media_w2054497781_7284.ts,2025-10-15T05:43:31.610Z
media_w1872031063_7285.ts,2025-10-15T05:43:44.432Z
media_w316137320_7286.ts,2025-10-15T05:43:52.930Z
media_w491575275_7287.ts,2025-10-15T05:44:01.385Z
media_w479123890_7288.ts,2025-10-15T05:44:14.109Z
media_w1647754460_7289.ts,2025-10-15T05:44:22.945Z
media_w212338225_7290.ts,2025-10-15T05:44:31.448Z
media_w204843873_7291.ts,2025-10-15T05:44:44.389Z
media_w1640464229_7292.ts,2025-10-15T05:44:53.080Z
media_w1321071369_7293.ts,2025-10-15T05:45:01.732Z
media_w259999118_7294.ts,2025-10-15T05:45:14.464Z
media_w389370750_7295.ts,2025-10-15T05:45:23.092Z
media_w771350933_7296.ts,2025-10-15T05:45:31.928Z
media_w1864565714_7297.ts,2025-10-15T05:45:44.861Z
media_w790313516_7298.ts,2025-10-15T05:45:53.358Z
media_w1281653703_7299.ts,2025-10-15T05:46:01.957Z
media_w470313625_7300.ts,2025-10-15T05:46:10.562Z
media_w297133099_7301.ts,2025-10-15T05:46:23.216Z
media_w1348298339_7302.ts,2025-10-15T05:46:31.843Z
media_w857964761_7303.ts,2025-10-15T05:46:44.457Z
media_w1574988654_7304.ts,2025-10-15T05:46:53.120Z
media_w2141065060_7305.ts,2025-10-15T05:47:01.817Z
media_w250321355_7306.ts,2025-10-15T05:47:14.666Z
media_w643097302_7307.ts,2025-10-15T05:47:23.248Z
media_w128405393_7308.ts,2025-10-15T05:47:31.969Z
media_w1623551671_7309.ts,2025-10-15T05:47:44.588Z
media_w862167085_7310.ts,2025-10-15T05:47:53.308Z
media_w287299375_7311.ts,2025-10-15T05:48:01.977Z
media_w1544541349_7312.ts,2025-10-15T05:48:14.862Z
media_w1775973481_7313.ts,2025-10-15T05:48:23.476Z
media_w1619387739_7314.ts,2025-10-15T05:48:32.056Z
media_w1677217753_7315.ts,2025-10-15T05:48:44.761Z
media_w1417837695_7316.ts,2025-10-15T05:48:53.417Z
media_w1948375781_7317.ts,2025-10-15T05:49:02.016Z
media_w368269885_7318.ts,2025-10-15T05:49:14.880Z
media_w1073856907_7319.ts,2025-10-15T05:49:23.464Z
media_w1677945584_7320.ts,2025-10-15T05:49:32.230Z
media_w1860896818_7321.ts,2025-10-15T05:49:40.677Z
media_w524959539_7322.ts,2025-10-15T05:49:53.536Z
media_w1120631657_7323.ts,2025-10-15T05:50:02.170Z
media_w928179256_7324.ts,2025-10-15T05:50:14.912Z
media_w2038852042_7325.ts,2025-10-15T05:50:23.602Z
media_w2057376686_7326.ts,2025-10-15T05:50:32.336Z
media_w2087978478_7327.ts,2025-10-15T05:50:45.072Z
media_w633909785_7328.ts,2025-10-15T05:50:53.640Z
media_w2003362899_7329.ts,2025-10-15T05:51:02.421Z
media_w597932705_7330.ts,2025-10-15T05:51:11.003Z
media_w1346010075_7331.ts,2025-10-15T05:51:23.784Z
media_w474495950_7332.ts,2025-10-15T05:51:32.384Z
media_w512763146_7333.ts,2025-10-15T05:51:45.149Z
media_w1588562326_7334.ts,2025-10-15T05:51:53.797Z
media_w395395752_7335.ts,2025-10-15T05:52:02.524Z
media_w1830747866_7336.ts,2025-10-15T05:52:11.225Z
media_w2103328656_7337.ts,2025-10-15T05:52:24.023Z
media_w259966098_7338.ts,2025-10-15T05:52:32.689Z
media_w995485132_7339.ts,2025-10-15T05:52:41.240Z
media_w1310321962_7340.ts,2025-10-15T05:52:53.860Z
media_w267182068_7341.ts,2025-10-15T05:53:02.717Z
media_w1605590501_7342.ts,2025-10-15T05:53:11.193Z
media_w2034003541_7343.ts,2025-10-15T05:53:23.806Z
media_w481504775_7344.ts,2025-10-15T05:53:32.355Z
media_w1275641869_7345.ts,2025-10-15T05:53:45.132Z
media_w760988080_7346.ts,2025-10-15T05:53:53.605Z
media_w9542674_7347.ts,2025-10-15T05:54:02.081Z
media_w1195480811_7348.ts,2025-10-15T05:54:14.842Z
media_w1256898010_7349.ts,2025-10-15T05:54:23.400Z
media_w1924379673_7350.ts,2025-10-15T05:54:32.012Z
media_w1411022282_7351.ts,2025-10-15T05:54:44.793Z
media_w440358796_7352.ts,2025-10-15T05:54:53.359Z
media_w1139812100_7353.ts,2025-10-15T05:55:01.838Z
media_w458704305_7354.ts,2025-10-15T05:55:14.651Z
media_w1574559950_7355.ts,2025-10-15T05:55:23.324Z
media_w1212535518_7356.ts,2025-10-15T05:55:31.985Z
media_w1501372970_7357.ts,2025-10-15T05:55:44.759Z
media_w333793381_7358.ts,2025-10-15T05:55:53.393Z
media_w496184457_7359.ts,2025-10-15T05:56:01.970Z
media_w63093459_7360.ts,2025-10-15T05:56:14.763Z
media_w355539101_7361.ts,2025-10-15T05:56:23.359Z
media_w1754919532_7362.ts,2025-10-15T05:56:31.812Z
media_w1307028919_7363.ts,2025-10-15T05:56:44.397Z
media_w51111169_7364.ts,2025-10-15T05:56:53.008Z
media_w213695273_7365.ts,2025-10-15T05:57:01.632Z
media_w999940895_7366.ts,2025-10-15T05:57:14.240Z
media_w10690669_7367.ts,2025-10-15T05:57:22.876Z
media_w265223850_7368.ts,2025-10-15T05:57:31.504Z
media_w1628577729_7369.ts,2025-10-15T05:57:44.311Z
media_w1284818396_7370.ts,2025-10-15T05:57:52.944Z
media_w280271503_7371.ts,2025-10-15T05:58:01.517Z
media_w1037721867_7372.ts,2025-10-15T05:58:14.212Z
media_w569785960_7373.ts,2025-10-15T05:58:22.838Z
media_w1310775208_7374.ts,2025-10-15T05:58:31.428Z
media_w317106781_7375.ts,2025-10-15T05:58:44.176Z
media_w69304332_7376.ts,2025-10-15T05:58:52.858Z
media_w43518865_7377.ts,2025-10-15T05:59:01.436Z
media_w207012952_7378.ts,2025-10-15T05:59:14.161Z
media_w946373648_7379.ts,2025-10-15T05:59:22.616Z
media_w1124499621_7380.ts,2025-10-15T05:59:31.159Z
media_w60332842_7381.ts,2025-10-15T05:59:43.900Z
media_w919979958_7382.ts,2025-10-15T05:59:52.324Z
media_w1806468401_7383.ts,2025-10-15T06:00:05.106Z
media_w1718165143_7384.ts,2025-10-15T06:00:13.526Z
media_w1607132659_7385.ts,2025-10-15T06:00:22.133Z
media_w2019317027_7386.ts,2025-10-15T06:00:30.572Z
media_w1524798903_7387.ts,2025-10-15T06:00:43.421Z
media_w1187861738_7388.ts,2025-10-15T06:00:51.845Z
media_w642328030_7389.ts,2025-10-15T06:01:04.556Z
media_w583312576_7390.ts,2025-10-15T06:01:13.084Z
media_w467811944_7391.ts,2025-10-15T06:01:21.513Z
media_w690475110_7392.ts,2025-10-15T06:01:34.213Z
media_w904589689_7393.ts,2025-10-15T06:01:42.908Z
media_w2029414430_7394.ts,2025-10-15T06:01:51.540Z
media_w1333958310_7395.ts,2025-10-15T06:02:04.256Z
media_w629035220_7396.ts,2025-10-15T06:02:12.952Z
media_w1582276623_7397.ts,2025-10-15T06:02:21.650Z
media_w1225766258_7398.ts,2025-10-15T06:02:34.436Z
media_w1781337025_7399.ts,2025-10-15T06:02:42.946Z
media_w1538049105_7400.ts,2025-10-15T06:02:51.621Z
media_w672466787_7401.ts,2025-10-15T06:03:04.442Z
media_w268218716_7402.ts,2025-10-15T06:03:12.902Z
media_w799933719_7403.ts,2025-10-15T06:03:21.416Z
media_w1871508805_7404.ts,2025-10-15T06:03:34.305Z
media_w1118181172_7405.ts,2025-10-15T06:03:42.901Z
media_w633480420_7406.ts,2025-10-15T06:03:51.569Z
media_w1606812553_7407.ts,2025-10-15T06:04:04.246Z
media_w255567560_7408.ts,2025-10-15T06:04:12.881Z
media_w1326695692_7409.ts,2025-10-15T06:04:21.332Z
media_w584399452_7410.ts,2025-10-15T06:04:34.048Z
media_w1998970870_7411.ts,2025-10-15T06:04:42.573Z
media_w1983653615_7412.ts,2025-10-15T06:04:55.185Z
media_w1043156028_7413.ts,2025-10-15T06:05:03.637Z
media_w593257512_7414.ts,2025-10-15T06:05:12.234Z
media_w1888308977_7415.ts,2025-10-15T06:05:24.881Z
media_w1269760863_7416.ts,2025-10-15T06:05:33.549Z
media_w1839723472_7417.ts,2025-10-15T06:05:42.185Z
media_w1536079043_7418.ts,2025-10-15T06:05:50.813Z
media_w1291146958_7419.ts,2025-10-15T06:06:03.589Z
media_w2094160246_7420.ts,2025-10-15T06:06:12.200Z
media_w1757298096_7421.ts,2025-10-15T06:06:25.009Z
media_w2059537067_7422.ts,2025-10-15T06:06:33.585Z
media_w1463210846_7423.ts,2025-10-15T06:06:42.129Z
media_w79456353_7424.ts,2025-10-15T06:06:50.761Z
media_w2055979671_7425.ts,2025-10-15T06:07:03.397Z
media_w591639243_7426.ts,2025-10-15T06:07:11.957Z
media_w16284533_7427.ts,2025-10-15T06:07:24.714Z
media_w944034016_7428.ts,2025-10-15T06:07:33.325Z
media_w25552061_7429.ts,2025-10-15T06:07:41.876Z
media_w349791869_7430.ts,2025-10-15T06:07:54.442Z
media_w55108838_7431.ts,2025-10-15T06:08:02.929Z
media_w461068396_7432.ts,2025-10-15T06:08:11.548Z
media_w456741474_7433.ts,2025-10-15T06:08:24.373Z
media_w343713711_7434.ts,2025-10-15T06:08:33.012Z
media_w1403217684_7435.ts,2025-10-15T06:08:41.637Z
media_w745568977_7436.ts,2025-10-15T06:08:54.261Z
media_w255243002_7437.ts,2025-10-15T06:09:02.970Z
media_w720161497_7438.ts,2025-10-15T06:09:11.618Z
media_w1998956430_7439.ts,2025-10-15T06:09:24.373Z
media_w1077114860_7440.ts,2025-10-15T06:09:33.001Z
media_w2008728487_7441.ts,2025-10-15T06:09:41.654Z
media_w1760007204_7442.ts,2025-10-15T06:09:54.373Z
media_w865589207_7443.ts,2025-10-15T06:10:02.997Z
media_w180168825_7444.ts,2025-10-15T06:10:11.753Z
media_w1676863660_7445.ts,2025-10-15T06:10:24.503Z
media_w779694847_7446.ts,2025-10-15T06:10:32.994Z
media_w1319752271_7447.ts,2025-10-15T06:10:41.569Z
media_w1606557321_7448.ts,2025-10-15T06:10:54.324Z
media_w774131146_7449.ts,2025-10-15T06:11:02.893Z
media_w463676689_7450.ts,2025-10-15T06:11:11.627Z
media_w537579136_7451.ts,2025-10-15T06:11:24.368Z
media_w910828713_7452.ts,2025-10-15T06:11:33.022Z
media_w1452300924_7453.ts,2025-10-15T06:11:41.654Z
media_w251151604_7454.ts,2025-10-15T06:11:54.496Z
media_w814496098_7455.ts,2025-10-15T06:12:03.011Z
media_w976289549_7456.ts,2025-10-15T06:12:11.581Z
media_w1610664237_7457.ts,2025-10-15T06:12:24.277Z
media_w364037021_7458.ts,2025-10-15T06:12:32.734Z
media_w2055163056_7459.ts,2025-10-15T06:12:41.194Z
media_w1304205238_7460.ts,2025-10-15T06:12:53.850Z
media_w65471287_7461.ts,2025-10-15T06:13:02.509Z
media_w552210789_7462.ts,2025-10-15T06:13:11.065Z
media_w178823463_7463.ts,2025-10-15T06:13:23.853Z
media_w846638962_7464.ts,2025-10-15T06:13:32.509Z
media_w1167124571_7465.ts,2025-10-15T06:13:45.093Z
media_w41041948_7466.ts,2025-10-15T06:13:53.806Z
media_w956018408_7467.ts,2025-10-15T06:14:02.412Z
media_w1455258502_7468.ts,2025-10-15T06:14:11.021Z
media_w1684250458_7469.ts,2025-10-15T06:14:23.845Z
media_w1786311876_7470.ts,2025-10-15T06:14:32.281Z
media_w712476355_7471.ts,2025-10-15T06:14:45.096Z
media_w179942962_7472.ts,2025-10-15T06:14:53.621Z
media_w1694711406_7473.ts,2025-10-15T06:15:02.056Z
media_w1439281895_7474.ts,2025-10-15T06:15:10.529Z
media_w1600039506_7475.ts,2025-10-15T06:15:23.382Z
media_w501409910_7476.ts,2025-10-15T06:15:32.032Z
media_w879101366_7477.ts,2025-10-15T06:15:44.845Z
media_w1464114364_7478.ts,2025-10-15T06:15:53.476Z
media_w1374761495_7479.ts,2025-10-15T06:16:02.056Z
media_w1370771277_7480.ts,2025-10-15T06:16:14.957Z
media_w34534982_7481.ts,2025-10-15T06:16:23.525Z
media_w1474368013_7482.ts,2025-10-15T06:16:32.101Z
media_w372968663_7483.ts,2025-10-15T06:16:44.785Z
media_w1771839351_7484.ts,2025-10-15T06:16:53.344Z
media_w830638407_7485.ts,2025-10-15T06:17:01.925Z
media_w68511728_7486.ts,2025-10-15T06:17:14.816Z
media_w727888363_7487.ts,2025-10-15T06:17:23.476Z
media_w1708787015_7488.ts,2025-10-15T06:17:32.233Z
media_w213211240_7489.ts,2025-10-15T06:17:40.821Z
media_w937912370_7490.ts,2025-10-15T06:17:53.570Z
media_w787639903_7491.ts,2025-10-15T06:18:02.214Z
media_w1275917414_7492.ts,2025-10-15T06:18:14.894Z
media_w887872747_7493.ts,2025-10-15T06:18:23.497Z
media_w355832042_7494.ts,2025-10-15T06:18:32.150Z
media_w1052205835_7495.ts,2025-10-15T06:18:40.793Z
media_w31379423_7496.ts,2025-10-15T06:18:53.405Z
media_w940785330_7497.ts,2025-10-15T06:19:01.984Z
media_w1846660410_7498.ts,2025-10-15T06:19:14.609Z
media_w982459321_7499.ts,2025-10-15T06:19:23.269Z
media_w865475772_7500.ts,2025-10-15T06:19:31.809Z
media_w1194876393_7501.ts,2025-10-15T06:19:44.518Z
media_w1687552985_7502.ts,2025-10-15T06:19:53.189Z
media_w2100897508_7503.ts,2025-10-15T06:20:01.670Z
media_w324256551_7504.ts,2025-10-15T06:20:14.272Z
media_w27751586_7505.ts,2025-10-15T06:20:22.758Z
media_w879738243_7506.ts,2025-10-15T06:20:31.388Z
media_w621863476_7507.ts,2025-10-15T06:20:43.996Z
media_w1213663121_7508.ts,2025-10-15T06:20:52.584Z
media_w302584506_7509.ts,2025-10-15T06:21:05.405Z
media_w755374895_7510.ts,2025-10-15T06:21:14.005Z
media_w1934597078_7511.ts,2025-10-15T06:21:22.629Z
media_w2135231782_7512.ts,2025-10-15T06:21:31.257Z
media_w417046498_7513.ts,2025-10-15T06:21:44.118Z
media_w2102529151_7514.ts,2025-10-15T06:21:52.758Z
media_w2028397067_7515.ts,2025-10-15T06:22:01.258Z
media_w29465588_7516.ts,2025-10-15T06:22:14.231Z
media_w867931535_7517.ts,2025-10-15T06:22:22.932Z
media_w1327167066_7518.ts,2025-10-15T06:22:31.544Z
media_w1030119013_7519.ts,2025-10-15T06:22:44.348Z
media_w507945559_7520.ts,2025-10-15T06:22:52.925Z
media_w1262160995_7521.ts,2025-10-15T06:23:01.561Z
media_w80963390_7522.ts,2025-10-15T06:23:14.298Z
media_w1300663303_7523.ts,2025-10-15T06:23:22.941Z
media_w325023360_7524.ts,2025-10-15T06:23:31.561Z
media_w204040710_7525.ts,2025-10-15T06:23:44.125Z
media_w1832587127_7526.ts,2025-10-15T06:23:52.688Z
media_w974556779_7527.ts,2025-10-15T06:24:01.153Z
media_w1049378669_7528.ts,2025-10-15T06:24:13.885Z
media_w1847948523_7529.ts,2025-10-15T06:24:22.333Z
media_w653305946_7530.ts,2025-10-15T06:24:35.135Z
media_w412380823_7531.ts,2025-10-15T06:24:43.726Z
media_w863552873_7532.ts,2025-10-15T06:24:52.341Z
media_w934227662_7533.ts,2025-10-15T06:25:00.789Z
media_w267167543_7534.ts,2025-10-15T06:25:13.569Z
media_w1933866367_7535.ts,2025-10-15T06:25:22.119Z
media_w1215990092_7536.ts,2025-10-15T06:25:34.759Z
media_w729796470_7537.ts,2025-10-15T06:25:43.413Z
media_w1494869388_7538.ts,2025-10-15T06:25:51.992Z
media_w124259823_7539.ts,2025-10-15T06:26:00.615Z
media_w233054759_7540.ts,2025-10-15T06:26:13.218Z
media_w1330967970_7541.ts,2025-10-15T06:26:21.882Z
media_w1755052931_7542.ts,2025-10-15T06:26:34.622Z
media_w1792005575_7543.ts,2025-10-15T06:26:43.094Z
media_w828043671_7544.ts,2025-10-15T06:26:51.706Z
media_w1624869879_7545.ts,2025-10-15T06:27:04.448Z
media_w1435890268_7546.ts,2025-10-15T06:27:12.889Z
media_w581553809_7547.ts,2025-10-15T06:27:21.445Z
media_w1362549472_7548.ts,2025-10-15T06:27:34.211Z
media_w1268094164_7549.ts,2025-10-15T06:27:42.943Z
media_w497379589_7550.ts,2025-10-15T06:27:51.579Z
media_w588818703_7551.ts,2025-10-15T06:28:04.387Z
media_w721099292_7552.ts,2025-10-15T06:28:12.999Z
media_w419825377_7553.ts,2025-10-15T06:28:21.545Z
media_w491202056_7554.ts,2025-10-15T06:28:34.233Z
media_w252532725_7555.ts,2025-10-15T06:28:42.696Z
media_w232037573_7556.ts,2025-10-15T06:28:51.234Z
media_w1878475834_7557.ts,2025-10-15T06:29:04.119Z
media_w481756226_7558.ts,2025-10-15T06:29:12.758Z
media_w500731412_7559.ts,2025-10-15T06:29:21.197Z
media_w815654604_7560.ts,2025-10-15T06:29:33.893Z
media_w2103716985_7561.ts,2025-10-15T06:29:42.497Z
media_w1689780825_7562.ts,2025-10-15T06:29:51.023Z
media_w381789547_7563.ts,2025-10-15T06:30:03.853Z
media_w224805924_7564.ts,2025-10-15T06:30:12.423Z
media_w996564655_7565.ts,2025-10-15T06:30:20.996Z
media_w238222011_7566.ts,2025-10-15T06:30:33.805Z
media_w1597981382_7567.ts,2025-10-15T06:30:42.257Z
media_w1151754431_7568.ts,2025-10-15T06:30:54.943Z
media_w195335963_7569.ts,2025-10-15T06:31:03.568Z
media_w1499133280_7570.ts,2025-10-15T06:31:12.228Z
media_w1396744624_7571.ts,2025-10-15T06:31:24.968Z
media_w255920526_7572.ts,2025-10-15T06:31:33.579Z
media_w607292440_7573.ts,2025-10-15T06:31:42.140Z
media_w1141009612_7574.ts,2025-10-15T06:31:54.991Z
media_w1434275532_7575.ts,2025-10-15T06:32:03.622Z
media_w682932713_7576.ts,2025-10-15T06:32:12.158Z
media_w1492560594_7577.ts,2025-10-15T06:32:20.745Z
media_w984849801_7578.ts,2025-10-15T06:32:33.500Z
media_w572727522_7579.ts,2025-10-15T06:32:42.013Z
media_w866740448_7580.ts,2025-10-15T06:32:54.775Z
media_w77798015_7581.ts,2025-10-15T06:33:03.320Z
media_w765750819_7582.ts,2025-10-15T06:33:12.072Z
media_w1811467099_7583.ts,2025-10-15T06:33:20.726Z
media_w1092640257_7584.ts,2025-10-15T06:33:33.497Z
media_w892659309_7585.ts,2025-10-15T06:33:42.009Z
media_w311106306_7586.ts,2025-10-15T06:33:54.696Z
media_w1568225638_7587.ts,2025-10-15T06:34:03.318Z
media_w2045988216_7588.ts,2025-10-15T06:34:11.872Z
media_w1321189323_7589.ts,2025-10-15T06:34:24.576Z
media_w1882429834_7590.ts,2025-10-15T06:34:33.330Z
media_w428988482_7591.ts,2025-10-15T06:34:41.831Z
media_w923445877_7592.ts,2025-10-15T06:34:54.445Z
media_w780091684_7593.ts,2025-10-15T06:35:03.033Z
media_w1787194912_7594.ts,2025-10-15T06:35:11.649Z
media_w301053948_7595.ts,2025-10-15T06:35:24.440Z
media_w1847235402_7596.ts,2025-10-15T06:35:33.020Z
media_w1043177198_7597.ts,2025-10-15T06:35:41.610Z
media_w1822145120_7598.ts,2025-10-15T06:35:54.350Z
media_w1063762707_7599.ts,2025-10-15T06:36:02.989Z
media_w2141111274_7600.ts,2025-10-15T06:36:11.439Z
media_w1910668474_7601.ts,2025-10-15T06:36:24.249Z
media_w972279932_7602.ts,2025-10-15T06:36:32.718Z
media_w1505714067_7603.ts,2025-10-15T06:36:41.340Z
media_w308111973_7604.ts,2025-10-15T06:36:54.030Z
media_w1861610931_7605.ts,2025-10-15T06:37:02.627Z
media_w1809149166_7606.ts,2025-10-15T06:37:11.231Z
media_w1908614249_7607.ts,2025-10-15T06:37:23.912Z
media_w953699019_7608.ts,2025-10-15T06:37:32.496Z
media_w7152982_7609.ts,2025-10-15T06:37:41.141Z
media_w1942915916_7610.ts,2025-10-15T06:37:53.778Z
media_w1034747798_7611.ts,2025-10-15T06:38:02.322Z
media_w1908034427_7612.ts,2025-10-15T06:38:15.051Z
media_w2019291551_7613.ts,2025-10-15T06:38:23.542Z
media_w2096511257_7614.ts,2025-10-15T06:38:32.118Z
media_w1267307172_7615.ts,2025-10-15T06:38:44.929Z
media_w1266170188_7616.ts,2025-10-15T06:38:53.523Z
media_w88194694_7617.ts,2025-10-15T06:39:02.059Z
media_w550602454_7618.ts,2025-10-15T06:39:14.817Z
media_w489206917_7619.ts,2025-10-15T06:39:23.423Z
media_w2062331672_7620.ts,2025-10-15T06:39:32.087Z
media_w991953524_7621.ts,2025-10-15T06:39:44.710Z
media_w2124112675_7622.ts,2025-10-15T06:39:53.191Z
media_w210988414_7623.ts,2025-10-15T06:40:01.662Z
media_w857825276_7624.ts,2025-10-15T06:40:14.392Z
media_w849536578_7625.ts,2025-10-15T06:40:22.959Z
media_w96784163_7626.ts,2025-10-15T06:40:31.526Z
media_w2147203161_7627.ts,2025-10-15T06:40:44.212Z
media_w1563377439_7628.ts,2025-10-15T06:40:52.816Z
media_w1842230014_7629.ts,2025-10-15T06:41:01.401Z
media_w1030698491_7630.ts,2025-10-15T06:41:14.103Z
media_w1645975479_7631.ts,2025-10-15T06:41:22.587Z
media_w1731159011_7632.ts,2025-10-15T06:41:31.118Z
media_w2112546948_7633.ts,2025-10-15T06:41:43.862Z
media_w806276091_7634.ts,2025-10-15T06:41:52.495Z
media_w604008091_7635.ts,2025-10-15T06:42:05.258Z
media_w829426410_7636.ts,2025-10-15T06:42:13.706Z
media_w673227686_7637.ts,2025-10-15T06:42:22.387Z
media_w2032527674_7638.ts,2025-10-15T06:42:30.939Z
media_w2079885409_7639.ts,2025-10-15T06:42:43.676Z
media_w2095560366_7640.ts,2025-10-15T06:42:52.319Z
media_w1019011707_7641.ts,2025-10-15T06:43:05.199Z
media_w8246363_7642.ts,2025-10-15T06:43:13.762Z
media_w457627701_7643.ts,2025-10-15T06:43:22.367Z
media_w1173193860_7644.ts,2025-10-15T06:43:30.985Z
media_w499677316_7645.ts,2025-10-15T06:43:43.724Z
media_w1392117993_7646.ts,2025-10-15T06:43:52.202Z
media_w84772251_7647.ts,2025-10-15T06:44:04.962Z
media_w82995051_7648.ts,2025-10-15T06:44:13.539Z
media_w1815026312_7649.ts,2025-10-15T06:44:22.085Z
media_w489865131_7650.ts,2025-10-15T06:44:30.656Z
media_w2043199682_7651.ts,2025-10-15T06:44:43.304Z
media_w1324298356_7652.ts,2025-10-15T06:44:51.962Z
media_w1360070421_7653.ts,2025-10-15T06:45:04.723Z
media_w362758952_7654.ts,2025-10-15T06:45:13.417Z
media_w1231771350_7655.ts,2025-10-15T06:45:22.067Z
media_w1944368212_7656.ts,2025-10-15T06:45:34.704Z
media_w1703148953_7657.ts,2025-10-15T06:45:43.175Z
media_w1387314253_7658.ts,2025-10-15T06:45:51.755Z
media_w1199115254_7659.ts,2025-10-15T06:46:04.474Z
media_w64175556_7660.ts,2025-10-15T06:46:12.955Z
media_w822446866_7661.ts,2025-10-15T06:46:21.534Z
media_w1743218333_7662.ts,2025-10-15T06:46:34.382Z
media_w896643555_7663.ts,2025-10-15T06:46:43.033Z
media_w796376217_7664.ts,2025-10-15T06:46:51.647Z
media_w94116622_7665.ts,2025-10-15T06:47:04.394Z
media_w536154111_7666.ts,2025-10-15T06:47:12.982Z
media_w97078150_7667.ts,2025-10-15T06:47:21.572Z
media_w752107035_7668.ts,2025-10-15T06:47:34.285Z
media_w733345573_7669.ts,2025-10-15T06:47:42.871Z
media_w1608969040_7670.ts,2025-10-15T06:47:51.476Z
media_w236466971_7671.ts,2025-10-15T06:48:04.259Z
media_w821044849_7672.ts,2025-10-15T06:48:12.969Z
media_w1356658645_7673.ts,2025-10-15T06:48:21.697Z
media_w1396453880_7674.ts,2025-10-15T06:48:34.530Z
media_w346126764_7675.ts,2025-10-15T06:48:43.067Z
media_w798876109_7676.ts,2025-10-15T06:48:51.699Z
media_w1890687087_7677.ts,2025-10-15T06:49:04.342Z
media_w1716778288_7678.ts,2025-10-15T06:49:12.860Z
media_w1802698249_7679.ts,2025-10-15T06:49:21.480Z
media_w1195633922_7680.ts,2025-10-15T06:49:34.253Z
media_w470984762_7681.ts,2025-10-15T06:49:42.756Z
media_w691929807_7682.ts,2025-10-15T06:49:51.303Z
media_w2044891208_7683.ts,2025-10-15T06:50:04.067Z
media_w799637983_7684.ts,2025-10-15T06:50:12.758Z
media_w1619268365_7685.ts,2025-10-15T06:50:21.435Z
media_w1345784067_7686.ts,2025-10-15T06:50:34.107Z
media_w2104146379_7687.ts,2025-10-15T06:50:42.563Z
media_w1921428623_7688.ts,2025-10-15T06:50:51.180Z
media_w679837778_7689.ts,2025-10-15T06:51:04.071Z
media_w641050606_7690.ts,2025-10-15T06:51:12.815Z
media_w498072035_7691.ts,2025-10-15T06:51:21.422Z
media_w1162625737_7692.ts,2025-10-15T06:51:34.135Z
media_w893759644_7693.ts,2025-10-15T06:51:42.665Z
media_w339445272_7694.ts,2025-10-15T06:51:51.267Z
media_w810372599_7695.ts,2025-10-15T06:52:04.040Z
media_w1198235757_7696.ts,2025-10-15T06:52:12.702Z
media_w1068988415_7697.ts,2025-10-15T06:52:21.307Z
media_w650079331_7698.ts,2025-10-15T06:52:33.929Z
media_w1342787114_7699.ts,2025-10-15T06:52:42.419Z
media_w1783838786_7700.ts,2025-10-15T06:52:55.306Z
media_w1025610319_7701.ts,2025-10-15T06:53:03.739Z
media_w459266765_7702.ts,2025-10-15T06:53:12.355Z
media_w1738084001_7703.ts,2025-10-15T06:53:20.943Z
media_w136685518_7704.ts,2025-10-15T06:53:33.714Z
media_w2068528661_7705.ts,2025-10-15T06:53:42.308Z
media_w1630887593_7706.ts,2025-10-15T06:53:55.163Z
media_w103397420_7707.ts,2025-10-15T06:54:03.647Z
media_w410797453_7708.ts,2025-10-15T06:54:12.135Z
media_w1102958202_7709.ts,2025-10-15T06:54:20.827Z
media_w2059371330_7710.ts,2025-10-15T06:54:33.703Z
media_w1357320968_7711.ts,2025-10-15T06:54:42.279Z
media_w191722302_7712.ts,2025-10-15T06:54:55.023Z
media_w1414060803_7713.ts,2025-10-15T06:55:03.644Z
media_w2013584002_7714.ts,2025-10-15T06:55:12.220Z
media_w142466835_7715.ts,2025-10-15T06:55:20.843Z
media_w1131102385_7716.ts,2025-10-15T06:55:33.559Z
media_w790758536_7717.ts,2025-10-15T06:55:42.159Z
media_w225206537_7718.ts,2025-10-15T06:55:54.896Z
media_w643840766_7719.ts,2025-10-15T06:56:03.583Z
media_w1024668548_7720.ts,2025-10-15T06:56:12.197Z
media_w1697986534_7721.ts,2025-10-15T06:56:24.855Z
media_w1630854317_7722.ts,2025-10-15T06:56:33.504Z
media_w1452543804_7723.ts,2025-10-15T06:56:42.128Z
media_w31544977_7724.ts,2025-10-15T06:56:54.935Z
media_w1910824125_7725.ts,2025-10-15T06:57:03.588Z
media_w981246348_7726.ts,2025-10-15T06:57:12.048Z
media_w1165197893_7727.ts,2025-10-15T06:57:24.804Z
media_w404041708_7728.ts,2025-10-15T06:57:33.487Z
media_w2044651639_7729.ts,2025-10-15T06:57:42.106Z
media_w354937361_7730.ts,2025-10-15T06:57:50.680Z
media_w404561904_7731.ts,2025-10-15T06:58:03.439Z
media_w1172483707_7732.ts,2025-10-15T06:58:12.040Z
media_w1624072962_7733.ts,2025-10-15T06:58:24.688Z
media_w941446591_7734.ts,2025-10-15T06:58:33.220Z
media_w1658901848_7735.ts,2025-10-15T06:58:41.783Z
media_w918690709_7736.ts,2025-10-15T06:58:54.531Z
media_w1987942744_7737.ts,2025-10-15T06:59:03.049Z
media_w1612295149_7738.ts,2025-10-15T06:59:11.632Z
media_w1773675777_7739.ts,2025-10-15T06:59:24.326Z
media_w14706196_7740.ts,2025-10-15T06:59:33.012Z
media_w1488301541_7741.ts,2025-10-15T06:59:41.548Z
media_w448576903_7742.ts,2025-10-15T06:59:54.292Z
media_w1798555939_7743.ts,2025-10-15T07:00:02.815Z
media_w1808797723_7744.ts,2025-10-15T07:00:11.410Z
media_w84929691_7745.ts,2025-10-15T07:00:24.187Z
media_w797803091_7746.ts,2025-10-15T07:00:32.753Z
media_w1008885956_7747.ts,2025-10-15T07:00:41.248Z
media_w817263010_7748.ts,2025-10-15T07:00:54.027Z
media_w1128428416_7749.ts,2025-10-15T07:01:02.653Z
media_w1173620808_7750.ts,2025-10-15T07:01:11.277Z
media_w842720317_7751.ts,2025-10-15T07:01:23.893Z
media_w1846505478_7752.ts,2025-10-15T07:01:32.533Z
media_w2070510425_7753.ts,2025-10-15T07:01:41.180Z
media_w2085565755_7754.ts,2025-10-15T07:01:53.862Z
media_w718122673_7755.ts,2025-10-15T07:02:02.563Z
media_w996538568_7756.ts,2025-10-15T07:02:11.229Z
media_w322948566_7757.ts,2025-10-15T07:02:24.004Z
media_w1727760077_7758.ts,2025-10-15T07:02:32.677Z
media_w1764363785_7759.ts,2025-10-15T07:02:41.273Z
media_w180732558_7760.ts,2025-10-15T07:02:54.041Z
media_w811122555_7761.ts,2025-10-15T07:03:02.614Z
media_w810716219_7762.ts,2025-10-15T07:03:11.089Z
media_w33312307_7763.ts,2025-10-15T07:03:23.840Z
media_w35320793_7764.ts,2025-10-15T07:03:32.405Z
media_w274235844_7765.ts,2025-10-15T07:03:45.140Z
media_w482886298_7766.ts,2025-10-15T07:03:53.696Z
media_w1953191126_7767.ts,2025-10-15T07:04:02.316Z
media_w628941262_7768.ts,2025-10-15T07:04:10.732Z
media_w350907517_7769.ts,2025-10-15T07:04:23.329Z
media_w87845995_7770.ts,2025-10-15T07:04:31.802Z
media_w728755408_7771.ts,2025-10-15T07:04:44.492Z
media_w1056753994_7772.ts,2025-10-15T07:04:53.053Z
media_w277718420_7773.ts,2025-10-15T07:05:01.547Z
media_w770539139_7774.ts,2025-10-15T07:05:14.154Z
media_w1272509599_7775.ts,2025-10-15T07:05:22.745Z
media_w342874801_7776.ts,2025-10-15T07:05:31.408Z
media_w17286887_7777.ts,2025-10-15T07:05:44.168Z
media_w1834736226_7778.ts,2025-10-15T07:05:52.853Z
media_w905561056_7779.ts,2025-10-15T07:06:01.441Z
media_w223605777_7780.ts,2025-10-15T07:06:14.140Z
media_w1238216427_7781.ts,2025-10-15T07:06:22.845Z
media_w1913175099_7782.ts,2025-10-15T07:06:31.431Z
media_w1693234309_7783.ts,2025-10-15T07:06:44.145Z
media_w663336790_7784.ts,2025-10-15T07:06:52.694Z
media_w1696157275_7785.ts,2025-10-15T07:07:01.129Z
media_w1375341402_7786.ts,2025-10-15T07:07:13.828Z
media_w749645073_7787.ts,2025-10-15T07:07:22.297Z
media_w1799685214_7788.ts,2025-10-15T07:07:35.061Z
media_w1658894626_7789.ts,2025-10-15T07:07:43.702Z
media_w1003988707_7790.ts,2025-10-15T07:07:52.356Z
media_w26231892_7791.ts,2025-10-15T07:08:00.896Z
media_w759010593_7792.ts,2025-10-15T07:08:13.684Z
media_w626080175_7793.ts,2025-10-15T07:08:22.246Z
media_w1038739774_7794.ts,2025-10-15T07:08:34.870Z
media_w1883129748_7795.ts,2025-10-15T07:08:43.361Z
media_w687393718_7796.ts,2025-10-15T07:08:51.989Z
media_w476546829_7797.ts,2025-10-15T07:09:00.612Z
media_w1070116870_7798.ts,2025-10-15T07:09:13.405Z
media_w898865474_7799.ts,2025-10-15T07:09:22.115Z
media_w1224580439_7800.ts,2025-10-15T07:09:34.892Z
media_w70618252_7801.ts,2025-10-15T07:09:43.401Z
media_w761115972_7802.ts,2025-10-15T07:09:52.034Z
media_w1582308949_7803.ts,2025-10-15T07:10:00.581Z
media_w1101334533_7804.ts,2025-10-15T07:10:13.431Z
media_w1947023569_7805.ts,2025-10-15T07:10:22.039Z
media_w1685545411_7806.ts,2025-10-15T07:10:34.828Z
media_w146808319_7807.ts,2025-10-15T07:10:43.512Z
media_w162561102_7808.ts,2025-10-15T07:10:52.043Z
media_w580745372_7809.ts,2025-10-15T07:11:04.657Z
media_w1625702421_7810.ts,2025-10-15T07:11:13.265Z
media_w1304171205_7811.ts,2025-10-15T07:11:21.797Z
media_w693216347_7812.ts,2025-10-15T07:11:34.427Z
media_w1432087221_7813.ts,2025-10-15T07:11:43.057Z
media_w1446346042_7814.ts,2025-10-15T07:11:51.577Z
media_w1245122103_7815.ts,2025-10-15T07:12:04.185Z
media_w650399817_7816.ts,2025-10-15T07:12:12.762Z
media_w1964538395_7817.ts,2025-10-15T07:12:21.373Z
media_w1332198217_7818.ts,2025-10-15T07:12:34.070Z
media_w789568895_7819.ts,2025-10-15T07:12:42.665Z
media_w1153763483_7820.ts,2025-10-15T07:12:51.221Z
media_w1461912570_7821.ts,2025-10-15T07:13:03.899Z
media_w1258485456_7822.ts,2025-10-15T07:13:12.393Z
media_w1912375154_7823.ts,2025-10-15T07:13:25.122Z
media_w970207585_7824.ts,2025-10-15T07:13:33.676Z
media_w1278849697_7825.ts,2025-10-15T07:13:42.275Z
media_w1207301519_7826.ts,2025-10-15T07:13:54.893Z
media_w2398205_7827.ts,2025-10-15T07:14:03.461Z
media_w66478136_7828.ts,2025-10-15T07:14:11.926Z
media_w153602599_7829.ts,2025-10-15T07:14:24.685Z
media_w2062823118_7830.ts,2025-10-15T07:14:33.317Z
media_w1585530558_7831.ts,2025-10-15T07:14:41.945Z
media_w1933693299_7832.ts,2025-10-15T07:14:54.717Z
media_w1138875485_7833.ts,2025-10-15T07:15:03.309Z
media_w122407052_7834.ts,2025-10-15T07:15:11.788Z
media_w32400919_7835.ts,2025-10-15T07:15:24.501Z
media_w2136161368_7836.ts,2025-10-15T07:15:33.069Z
media_w1036639850_7837.ts,2025-10-15T07:15:41.674Z
media_w1235330316_7838.ts,2025-10-15T07:15:54.273Z
media_w1254278726_7839.ts,2025-10-15T07:16:02.949Z
media_w163477397_7840.ts,2025-10-15T07:16:11.497Z
media_w1883571658_7841.ts,2025-10-15T07:16:24.201Z
media_w1938731918_7842.ts,2025-10-15T07:16:32.731Z
media_w870087969_7843.ts,2025-10-15T07:16:41.394Z
media_w1216582768_7844.ts,2025-10-15T07:16:54.017Z
media_w710794181_7845.ts,2025-10-15T07:17:02.681Z
media_w175851498_7846.ts,2025-10-15T07:17:11.325Z
media_w45274856_7847.ts,2025-10-15T07:17:23.965Z
media_w2066975254_7848.ts,2025-10-15T07:17:32.511Z
media_w1164000934_7849.ts,2025-10-15T07:17:45.133Z
media_w548164494_7850.ts,2025-10-15T07:17:53.621Z
media_w359747540_7851.ts,2025-10-15T07:18:02.255Z
media_w1246125030_7852.ts,2025-10-15T07:18:14.992Z
media_w386131028_7853.ts,2025-10-15T07:18:23.563Z
media_w1200560449_7854.ts,2025-10-15T07:18:32.225Z
media_w468887073_7855.ts,2025-10-15T07:18:44.998Z
media_w339804599_7856.ts,2025-10-15T07:18:53.697Z
media_w1214880726_7857.ts,2025-10-15T07:19:02.348Z
media_w1204922900_7858.ts,2025-10-15T07:19:11.057Z
media_w1825281169_7859.ts,2025-10-15T07:19:23.833Z
media_w782668193_7860.ts,2025-10-15T07:19:32.515Z
media_w529241137_7861.ts,2025-10-15T07:19:45.281Z
media_w662537739_7862.ts,2025-10-15T07:19:54.110Z
media_w1060351729_7863.ts,2025-10-15T07:20:02.782Z
media_w850564758_7864.ts,2025-10-15T07:20:11.450Z
media_w1039245195_7865.ts,2025-10-15T07:20:24.305Z
media_w1458933340_7866.ts,2025-10-15T07:20:32.941Z
media_w745521491_7867.ts,2025-10-15T07:20:41.570Z
media_w1193364976_7868.ts,2025-10-15T07:20:54.177Z
media_w70947651_7869.ts,2025-10-15T07:21:02.662Z
media_w187545979_7870.ts,2025-10-15T07:21:15.283Z
media_w859897125_7871.ts,2025-10-15T07:21:23.953Z
media_w1311593051_7872.ts,2025-10-15T07:21:32.574Z
media_w723016461_7873.ts,2025-10-15T07:21:41.118Z
media_w77324580_7874.ts,2025-10-15T07:21:53.760Z
media_w628160433_7875.ts,2025-10-15T07:22:02.403Z
media_w2121318094_7876.ts,2025-10-15T07:22:15.151Z
media_w86359879_7877.ts,2025-10-15T07:22:23.749Z
media_w2028163281_7878.ts,2025-10-15T07:22:32.367Z
media_w667136488_7879.ts,2025-10-15T07:22:40.908Z
media_w478270957_7880.ts,2025-10-15T07:22:53.676Z
media_w180063087_7881.ts,2025-10-15T07:23:02.354Z
media_w1664016702_7882.ts,2025-10-15T07:23:15.114Z
media_w1618474048_7883.ts,2025-10-15T07:23:23.658Z
media_w1264931100_7884.ts,2025-10-15T07:23:32.338Z
media_w2128446873_7885.ts,2025-10-15T07:23:40.861Z
media_w646518093_7886.ts,2025-10-15T07:23:53.482Z
media_w1164947105_7887.ts,2025-10-15T07:24:01.999Z
media_w658619895_7888.ts,2025-10-15T07:24:14.606Z
media_w994631480_7889.ts,2025-10-15T07:24:23.078Z
media_w389636859_7890.ts,2025-10-15T07:24:31.674Z
media_w214080064_7891.ts,2025-10-15T07:24:44.353Z
media_w2135279942_7892.ts,2025-10-15T07:24:52.944Z
media_w1741749339_7893.ts,2025-10-15T07:25:01.544Z
media_w406168258_7894.ts,2025-10-15T07:25:14.267Z
media_w1518742471_7895.ts,2025-10-15T07:25:22.823Z
media_w321374995_7896.ts,2025-10-15T07:25:31.351Z
media_w390035997_7897.ts,2025-10-15T07:25:44.043Z
media_w475400138_7898.ts,2025-10-15T07:25:52.615Z
media_w1344963833_7899.ts,2025-10-15T07:26:01.260Z
media_w1794686599_7900.ts,2025-10-15T07:26:14.015Z
media_w425139704_7901.ts,2025-10-15T07:26:22.632Z
media_w1157410029_7902.ts,2025-10-15T07:26:31.214Z
media_w1232854262_7903.ts,2025-10-15T07:26:43.958Z
media_w2007636906_7904.ts,2025-10-15T07:26:52.563Z
media_w793919048_7905.ts,2025-10-15T07:27:05.188Z
media_w133826951_7906.ts,2025-10-15T07:27:13.659Z
media_w718209328_7907.ts,2025-10-15T07:27:22.298Z
media_w1620187897_7908.ts,2025-10-15T07:27:30.882Z
media_w1242656085_7909.ts,2025-10-15T07:27:43.607Z
media_w1323959514_7910.ts,2025-10-15T07:27:52.222Z
media_w997621920_7911.ts,2025-10-15T07:28:04.938Z
media_w1264575374_7912.ts,2025-10-15T07:28:13.607Z
media_w754585244_7913.ts,2025-10-15T07:28:22.216Z
media_w1038062553_7914.ts,2025-10-15T07:28:35.034Z
media_w155450664_7915.ts,2025-10-15T07:28:43.703Z
media_w1752648222_7916.ts,2025-10-15T07:28:52.176Z
media_w174411996_7917.ts,2025-10-15T07:29:00.717Z
media_w547045895_7918.ts,2025-10-15T07:29:13.372Z
media_w1827648677_7919.ts,2025-10-15T07:29:21.899Z
media_w449986804_7920.ts,2025-10-15T07:29:34.503Z
media_w2090138666_7921.ts,2025-10-15T07:29:43.081Z
media_w1787229283_7922.ts,2025-10-15T07:29:51.607Z
media_w376285049_7923.ts,2025-10-15T07:30:04.347Z
media_w250098627_7924.ts,2025-10-15T07:30:12.971Z
media_w578184137_7925.ts,2025-10-15T07:30:21.586Z
media_w539195073_7926.ts,2025-10-15T07:30:34.342Z
media_w2065961669_7927.ts,2025-10-15T07:30:42.807Z
media_w1731165404_7928.ts,2025-10-15T07:30:51.413Z
media_w251669455_7929.ts,2025-10-15T07:31:04.187Z
media_w779060429_7930.ts,2025-10-15T07:31:12.691Z
media_w1384147964_7931.ts,2025-10-15T07:31:21.269Z
media_w1554574771_7932.ts,2025-10-15T07:31:34.003Z
media_w769484948_7933.ts,2025-10-15T07:31:42.461Z
media_w1988720350_7934.ts,2025-10-15T07:31:55.310Z
media_w2025198162_7935.ts,2025-10-15T07:32:03.928Z
media_w1247679297_7936.ts,2025-10-15T07:32:12.530Z
media_w36613628_7937.ts,2025-10-15T07:32:25.296Z
media_w698527831_7938.ts,2025-10-15T07:32:33.772Z
media_w1237141763_7939.ts,2025-10-15T07:32:42.341Z
media_w1969954163_7940.ts,2025-10-15T07:32:50.807Z
media_w1048001220_7941.ts,2025-10-15T07:33:03.541Z
media_w177269236_7942.ts,2025-10-15T07:33:12.099Z
media_w129291494_7943.ts,2025-10-15T07:33:24.818Z
media_w207204261_7944.ts,2025-10-15T07:33:33.293Z
media_w1933380335_7945.ts,2025-10-15T07:33:41.811Z
media_w1587875608_7946.ts,2025-10-15T07:33:54.535Z
media_w2125728486_7947.ts,2025-10-15T07:34:03.029Z
media_w1437771442_7948.ts,2025-10-15T07:34:11.681Z
media_w1134153146_7949.ts,2025-10-15T07:34:24.296Z
media_w1597048847_7950.ts,2025-10-15T07:34:32.874Z
media_w1032570955_7951.ts,2025-10-15T07:34:41.375Z
media_w99713993_7952.ts,2025-10-15T07:34:54.195Z
media_w630496778_7953.ts,2025-10-15T07:35:02.828Z
media_w1269712710_7954.ts,2025-10-15T07:35:11.499Z
media_w1732898375_7955.ts,2025-10-15T07:35:24.197Z
media_w1684875790_7956.ts,2025-10-15T07:35:32.791Z
media_w1214331937_7957.ts,2025-10-15T07:35:41.372Z
media_w511753208_7958.ts,2025-10-15T07:35:53.980Z
media_w1346438935_7959.ts,2025-10-15T07:36:02.479Z
media_w65222371_7960.ts,2025-10-15T07:36:15.193Z
media_w115126669_7961.ts,2025-10-15T07:36:23.771Z
media_w1146052323_7962.ts,2025-10-15T07:36:32.345Z
media_w2042630048_7963.ts,2025-10-15T07:36:40.923Z
media_w410911939_7964.ts,2025-10-15T07:36:53.635Z
media_w361791631_7965.ts,2025-10-15T07:37:02.198Z
media_w33020009_7966.ts,2025-10-15T07:37:14.920Z
media_w1729526637_7967.ts,2025-10-15T07:37:23.471Z
media_w1704751666_7968.ts,2025-10-15T07:37:32.097Z
media_w1722458089_7969.ts,2025-10-15T07:37:44.720Z
media_w1397779068_7970.ts,2025-10-15T07:37:53.284Z
media_w234276998_7971.ts,2025-10-15T07:38:01.899Z
media_w762473865_7972.ts,2025-10-15T07:38:14.516Z
media_w1455492076_7973.ts,2025-10-15T07:38:23.105Z
media_w1522084734_7974.ts,2025-10-15T07:38:31.636Z
media_w1810087246_7975.ts,2025-10-15T07:38:44.218Z
media_w1819320430_7976.ts,2025-10-15T07:38:52.809Z
media_w1237662824_7977.ts,2025-10-15T07:39:01.268Z
media_w535578701_7978.ts,2025-10-15T07:39:14.032Z
media_w1370972588_7979.ts,2025-10-15T07:39:22.668Z
media_w2147466453_7980.ts,2025-10-15T07:39:31.263Z
media_w44866016_7981.ts,2025-10-15T07:39:44.046Z
media_w1944949332_7982.ts,2025-10-15T07:39:52.652Z
media_w98146370_7983.ts,2025-10-15T07:40:05.482Z
media_w2133997085_7984.ts,2025-10-15T07:40:14.081Z
media_w1991122189_7985.ts,2025-10-15T07:40:22.655Z
media_w143015522_7986.ts,2025-10-15T07:40:31.176Z
media_w2015933947_7987.ts,2025-10-15T07:40:43.796Z
media_w36287062_7988.ts,2025-10-15T07:40:52.359Z
media_w613169752_7989.ts,2025-10-15T07:41:04.979Z
media_w942106222_7990.ts,2025-10-15T07:41:13.435Z
media_w631238461_7991.ts,2025-10-15T07:41:22.059Z
media_w828416945_7992.ts,2025-10-15T07:41:30.652Z
media_w138423674_7993.ts,2025-10-15T07:41:43.448Z
media_w78222012_7994.ts,2025-10-15T07:41:52.060Z
media_w1252925225_7995.ts,2025-10-15T07:42:04.881Z
media_w1281001619_7996.ts,2025-10-15T07:42:13.525Z
media_w1432445710_7997.ts,2025-10-15T07:42:22.025Z
media_w1184929249_7998.ts,2025-10-15T07:42:30.489Z
media_w1378014333_7999.ts,2025-10-15T07:42:43.136Z
media_w2062443153_8000.ts,2025-10-15T07:42:51.736Z
media_w1272813403_8001.ts,2025-10-15T07:43:04.503Z
media_w1271546024_8002.ts,2025-10-15T07:43:13.053Z
media_w2008873174_8003.ts,2025-10-15T07:43:21.683Z
media_w299453787_8004.ts,2025-10-15T07:43:34.420Z
media_w995877560_8005.ts,2025-10-15T07:43:42.906Z
media_w1243093269_8006.ts,2025-10-15T07:43:51.455Z
media_w614688759_8007.ts,2025-10-15T07:44:04.168Z
media_w1987184724_8008.ts,2025-10-15T07:44:12.691Z
media_w1028310408_8009.ts,2025-10-15T07:44:21.193Z
media_w804328347_8010.ts,2025-10-15T07:44:33.833Z
media_w705332776_8011.ts,2025-10-15T07:44:42.292Z
media_w1873594787_8012.ts,2025-10-15T07:44:54.932Z
media_w1088884906_8013.ts,2025-10-15T07:45:03.412Z
media_w1796008456_8014.ts,2025-10-15T07:45:12.066Z
media_w1246837212_8015.ts,2025-10-15T07:45:20.552Z
media_w1212538702_8016.ts,2025-10-15T07:45:33.331Z
media_w629700423_8017.ts,2025-10-15T07:45:41.965Z
media_w1941786014_8018.ts,2025-10-15T07:45:54.728Z
media_w1052845963_8019.ts,2025-10-15T07:46:03.302Z
media_w1285494814_8020.ts,2025-10-15T07:46:11.867Z
media_w901152023_8021.ts,2025-10-15T07:46:24.489Z
media_w1996498768_8022.ts,2025-10-15T07:46:33.145Z
media_w1241808141_8023.ts,2025-10-15T07:46:41.696Z
media_w385291269_8024.ts,2025-10-15T07:46:54.387Z
media_w594772934_8025.ts,2025-10-15T07:47:03.041Z
media_w1007695089_8026.ts,2025-10-15T07:47:11.607Z
media_w1418210990_8027.ts,2025-10-15T07:47:24.233Z
media_w419759285_8028.ts,2025-10-15T07:47:32.865Z
media_w1208963385_8029.ts,2025-10-15T07:47:41.488Z
media_w389219522_8030.ts,2025-10-15T07:47:54.190Z
media_w1019050451_8031.ts,2025-10-15T07:48:02.809Z
media_w554919437_8032.ts,2025-10-15T07:48:11.372Z
media_w1587339897_8033.ts,2025-10-15T07:48:24.152Z
media_w451643769_8034.ts,2025-10-15T07:48:32.797Z
media_w1983942581_8035.ts,2025-10-15T07:48:41.347Z
media_w1234955055_8036.ts,2025-10-15T07:48:54.068Z
media_w515853608_8037.ts,2025-10-15T07:49:02.548Z
media_w1898419947_8038.ts,2025-10-15T07:49:11.145Z
media_w805187318_8039.ts,2025-10-15T07:49:23.925Z
media_w332495781_8040.ts,2025-10-15T07:49:32.498Z
media_w432711379_8041.ts,2025-10-15T07:49:45.097Z
media_w671558561_8042.ts,2025-10-15T07:49:53.685Z
media_w1114206098_8043.ts,2025-10-15T07:50:02.233Z
media_w1887402953_8044.ts,2025-10-15T07:50:15.032Z
media_w387543078_8045.ts,2025-10-15T07:50:23.542Z
media_w1570755606_8046.ts,2025-10-15T07:50:32.206Z
media_w1377264306_8047.ts,2025-10-15T07:50:44.864Z
media_w1443971866_8048.ts,2025-10-15T07:50:53.499Z
media_w89813442_8049.ts,2025-10-15T07:51:02.063Z
media_w932599424_8050.ts,2025-10-15T07:51:15.001Z
media_w1323934474_8051.ts,2025-10-15T07:51:23.696Z
media_w629133860_8052.ts,2025-10-15T07:51:32.404Z
media_w278636560_8053.ts,2025-10-15T07:51:41.063Z
media_w1700321632_8054.ts,2025-10-15T07:51:53.887Z
media_w847939681_8055.ts,2025-10-15T07:52:02.469Z
media_w1511274368_8056.ts,2025-10-15T07:52:15.178Z
media_w2105211128_8057.ts,2025-10-15T07:52:23.785Z
media_w1249749096_8058.ts,2025-10-15T07:52:32.348Z
media_w579702677_8059.ts,2025-10-15T07:52:40.928Z
media_w1617859847_8060.ts,2025-10-15T07:52:53.713Z
media_w400807560_8061.ts,2025-10-15T07:53:02.344Z
media_w1095602569_8062.ts,2025-10-15T07:53:15.051Z
media_w1961645981_8063.ts,2025-10-15T07:53:23.585Z
media_w839029385_8064.ts,2025-10-15T07:53:32.179Z
media_w872168157_8065.ts,2025-10-15T07:53:40.640Z
media_w188366710_8066.ts,2025-10-15T07:53:53.417Z
media_w167272523_8067.ts,2025-10-15T07:54:02.109Z
media_w1069485787_8068.ts,2025-10-15T07:54:14.848Z
media_w1258883628_8069.ts,2025-10-15T07:54:23.458Z
media_w1668679970_8070.ts,2025-10-15T07:54:31.933Z
media_w1076451005_8071.ts,2025-10-15T07:54:44.659Z
media_w1829622990_8072.ts,2025-10-15T07:54:53.240Z
media_w1085465628_8073.ts,2025-10-15T07:55:01.813Z
media_w1125366957_8074.ts,2025-10-15T07:55:14.656Z
media_w427261427_8075.ts,2025-10-15T07:55:23.324Z
media_w8067124_8076.ts,2025-10-15T07:55:32.009Z
media_w1795824416_8077.ts,2025-10-15T07:55:44.870Z
media_w39766514_8078.ts,2025-10-15T07:55:53.364Z
media_w1728888098_8079.ts,2025-10-15T07:56:01.940Z
media_w1852981589_8080.ts,2025-10-15T07:56:14.737Z
media_w1615960642_8081.ts,2025-10-15T07:56:23.197Z
media_w1406266004_8082.ts,2025-10-15T07:56:31.724Z
media_w935154178_8083.ts,2025-10-15T07:56:44.523Z
media_w802405785_8084.ts,2025-10-15T07:56:53.097Z
media_w594669857_8085.ts,2025-10-15T07:57:01.661Z
media_w1882348286_8086.ts,2025-10-15T07:57:14.273Z
media_w1993285353_8087.ts,2025-10-15T07:57:22.964Z
media_w1550902562_8088.ts,2025-10-15T07:57:31.487Z
media_w1037550019_8089.ts,2025-10-15T07:57:44.245Z
media_w1369329001_8090.ts,2025-10-15T07:57:52.908Z
media_w1188208414_8091.ts,2025-10-15T07:58:01.473Z
media_w561166371_8092.ts,2025-10-15T07:58:14.108Z
media_w350661548_8093.ts,2025-10-15T07:58:22.652Z
media_w125271707_8094.ts,2025-10-15T07:58:35.431Z
media_w514582580_8095.ts,2025-10-15T07:58:43.971Z
media_w87644624_8096.ts,2025-10-15T07:58:52.537Z
media_w573181892_8097.ts,2025-10-15T07:59:01.318Z
media_w1285107690_8098.ts,2025-10-15T07:59:14.101Z
media_w1650723211_8099.ts,2025-10-15T07:59:22.690Z
media_w737211404_8100.ts,2025-10-15T07:59:35.429Z
media_w654043045_8101.ts,2025-10-15T07:59:44.012Z
media_w1008035877_8102.ts,2025-10-15T07:59:52.583Z
media_w682430090_8103.ts,2025-10-15T08:00:01.057Z
media_w1120165138_8104.ts,2025-10-15T08:00:14.273Z
media_w1188724591_8105.ts,2025-10-15T08:00:22.913Z
media_w1257213184_8106.ts,2025-10-15T08:00:31.684Z
media_w388109132_8107.ts,2025-10-15T08:00:44.472Z
media_w1615093439_8108.ts,2025-10-15T08:00:52.922Z
media_w119416489_8109.ts,2025-10-15T08:01:01.381Z
media_w2081745779_8110.ts,2025-10-15T08:01:14.027Z
media_w1370422188_8111.ts,2025-10-15T08:01:22.648Z
media_w1815249175_8112.ts,2025-10-15T08:01:31.252Z
media_w1205688208_8113.ts,2025-10-15T08:01:44.017Z
media_w1560510814_8114.ts,2025-10-15T08:01:52.668Z
media_w1217131629_8115.ts,2025-10-15T08:02:01.234Z
media_w1590600175_8116.ts,2025-10-15T08:02:13.997Z
media_w2099173916_8117.ts,2025-10-15T08:02:22.516Z
media_w261153494_8118.ts,2025-10-15T08:02:31.101Z
media_w218959784_8119.ts,2025-10-15T08:02:43.853Z
media_w726626231_8120.ts,2025-10-15T08:02:52.409Z
media_w2030998408_8121.ts,2025-10-15T08:03:05.154Z
media_w1947443156_8122.ts,2025-10-15T08:03:13.603Z
media_w1869582085_8123.ts,2025-10-15T08:03:22.102Z
media_w550508769_8124.ts,2025-10-15T08:03:30.696Z
media_w193764267_8125.ts,2025-10-15T08:03:43.320Z
media_w452315667_8126.ts,2025-10-15T08:03:51.830Z
media_w182183294_8127.ts,2025-10-15T08:04:04.589Z
media_w1108904325_8128.ts,2025-10-15T08:04:13.117Z
media_w915500035_8129.ts,2025-10-15T08:04:21.671Z
media_w1736657367_8130.ts,2025-10-15T08:04:34.390Z
media_w856875391_8131.ts,2025-10-15T08:04:43.065Z
media_w641924748_8132.ts,2025-10-15T08:04:55.817Z
media_w594518415_8133.ts,2025-10-15T08:05:04.370Z
media_w1149378549_8134.ts,2025-10-15T08:05:12.982Z
media_w1183868219_8135.ts,2025-10-15T08:05:21.561Z
media_w1977036031_8136.ts,2025-10-15T08:05:34.155Z
media_w1102098758_8137.ts,2025-10-15T08:05:42.729Z
media_w670993727_8138.ts,2025-10-15T08:05:55.346Z
media_w877038889_8139.ts,2025-10-15T08:06:03.834Z
media_w946710352_8140.ts,2025-10-15T08:06:12.483Z
media_w199031416_8141.ts,2025-10-15T08:06:21.145Z
media_w1077164653_8142.ts,2025-10-15T08:06:33.949Z
media_w1629947347_8143.ts,2025-10-15T08:06:42.546Z
media_w312953208_8144.ts,2025-10-15T08:06:55.317Z
media_w49704989_8145.ts,2025-10-15T08:07:03.885Z
media_w677226023_8146.ts,2025-10-15T08:07:12.479Z
media_w1972005025_8147.ts,2025-10-15T08:07:21.030Z
media_w313984601_8148.ts,2025-10-15T08:07:33.774Z
media_w1090740602_8149.ts,2025-10-15T08:07:42.366Z
media_w1384189766_8150.ts,2025-10-15T08:07:54.962Z
media_w573098826_8151.ts,2025-10-15T08:08:03.582Z
media_w1367207547_8152.ts,2025-10-15T08:08:12.259Z
media_w1834813315_8153.ts,2025-10-15T08:08:25.105Z
media_w1190255666_8154.ts,2025-10-15T08:08:33.566Z
media_w2012657055_8155.ts,2025-10-15T08:08:42.073Z
media_w1186377764_8156.ts,2025-10-15T08:08:54.679Z
media_w1185578758_8157.ts,2025-10-15T08:09:03.289Z
media_w953101446_8158.ts,2025-10-15T08:09:11.887Z
media_w1830853131_8159.ts,2025-10-15T08:09:24.687Z
media_w983009674_8160.ts,2025-10-15T08:09:33.166Z
media_w1026330617_8161.ts,2025-10-15T08:09:41.838Z
media_w163708506_8162.ts,2025-10-15T08:09:54.621Z
media_w1360694368_8163.ts,2025-10-15T08:10:03.214Z
media_w452899780_8164.ts,2025-10-15T08:10:11.693Z
media_w1772734191_8165.ts,2025-10-15T08:10:24.390Z
media_w1868537092_8166.ts,2025-10-15T08:10:33.126Z
media_w756705793_8167.ts,2025-10-15T08:10:41.875Z
media_w1193875000_8168.ts,2025-10-15T08:10:50.501Z
media_w1827606471_8169.ts,2025-10-15T08:11:03.234Z
media_w883313703_8170.ts,2025-10-15T08:11:11.794Z
media_w1683229995_8171.ts,2025-10-15T08:11:24.513Z
media_w646032139_8172.ts,2025-10-15T08:11:33.126Z
media_w1272150560_8173.ts,2025-10-15T08:11:41.590Z
media_w1082645223_8174.ts,2025-10-15T08:11:54.350Z
media_w2075978162_8175.ts,2025-10-15T08:12:02.919Z
media_w1470621014_8176.ts,2025-10-15T08:12:11.538Z
media_w681567477_8177.ts,2025-10-15T08:12:24.241Z
media_w100039226_8178.ts,2025-10-15T08:12:32.867Z
media_w1180793693_8179.ts,2025-10-15T08:12:41.474Z
media_w251386078_8180.ts,2025-10-15T08:12:54.084Z
media_w905820097_8181.ts,2025-10-15T08:13:02.707Z
media_w1069104883_8182.ts,2025-10-15T08:13:15.369Z
media_w191378650_8183.ts,2025-10-15T08:13:23.915Z
media_w1021293850_8184.ts,2025-10-15T08:13:32.504Z
media_w667571273_8185.ts,2025-10-15T08:13:41.035Z
media_w786956345_8186.ts,2025-10-15T08:13:53.754Z
media_w957546520_8187.ts,2025-10-15T08:14:02.378Z
media_w1086738561_8188.ts,2025-10-15T08:14:15.138Z
media_w811620954_8189.ts,2025-10-15T08:14:23.716Z
media_w1197906502_8190.ts,2025-10-15T08:14:32.328Z
media_w686171209_8191.ts,2025-10-15T08:14:40.873Z
media_w1818755472_8192.ts,2025-10-15T08:14:53.594Z
media_w177743880_8193.ts,2025-10-15T08:15:02.227Z
media_w1985298669_8194.ts,2025-10-15T08:15:14.937Z
media_w2132833740_8195.ts,2025-10-15T08:15:23.495Z
media_w1899153094_8196.ts,2025-10-15T08:15:31.949Z
media_w636047772_8197.ts,2025-10-15T08:15:44.702Z
media_w1797277175_8198.ts,2025-10-15T08:15:53.269Z
media_w217529370_8199.ts,2025-10-15T08:16:01.937Z
media_w1877670616_8200.ts,2025-10-15T08:16:14.693Z
media_w75074578_8201.ts,2025-10-15T08:16:23.305Z
media_w560370724_8202.ts,2025-10-15T08:16:31.861Z
media_w248878986_8203.ts,2025-10-15T08:16:44.450Z
media_w1839346157_8204.ts,2025-10-15T08:16:52.953Z
media_w1131678822_8205.ts,2025-10-15T08:17:01.573Z
media_w2065718367_8206.ts,2025-10-15T08:17:14.160Z
media_w271079349_8207.ts,2025-10-15T08:17:22.639Z
media_w1657732412_8208.ts,2025-10-15T08:17:31.168Z
media_w1829026394_8209.ts,2025-10-15T08:17:43.964Z
media_w1503435703_8210.ts,2025-10-15T08:17:52.533Z
media_w584840777_8211.ts,2025-10-15T08:18:01.033Z
media_w700358136_8212.ts,2025-10-15T08:18:13.809Z
media_w2088392749_8213.ts,2025-10-15T08:18:22.445Z
media_w893855933_8214.ts,2025-10-15T08:18:30.921Z
media_w1203665195_8215.ts,2025-10-15T08:18:43.837Z
media_w2072033154_8216.ts,2025-10-15T08:18:52.414Z
media_w824707726_8217.ts,2025-10-15T08:19:00.801Z
media_w470599694_8218.ts,2025-10-15T08:19:13.532Z
media_w155083442_8219.ts,2025-10-15T08:19:22.128Z
media_w602373326_8220.ts,2025-10-15T08:19:34.835Z
media_w693291022_8221.ts,2025-10-15T08:19:43.435Z
media_w829790349_8222.ts,2025-10-15T08:19:52.003Z
media_w2041910670_8223.ts,2025-10-15T08:20:04.583Z
media_w128391423_8224.ts,2025-10-15T08:20:13.195Z
media_w1025356413_8225.ts,2025-10-15T08:20:21.791Z
media_w1559955336_8226.ts,2025-10-15T08:20:34.513Z
media_w1373607991_8227.ts,2025-10-15T08:20:43.003Z
media_w30082488_8228.ts,2025-10-15T08:20:51.575Z
media_w38287158_8229.ts,2025-10-15T08:21:04.276Z
media_w1705190568_8230.ts,2025-10-15T08:21:12.879Z
media_w346733265_8231.ts,2025-10-15T08:21:21.475Z
media_w1322771429_8232.ts,2025-10-15T08:21:34.190Z
media_w784656119_8233.ts,2025-10-15T08:21:42.717Z
media_w1479691371_8234.ts,2025-10-15T08:21:51.350Z
media_w1777665593_8235.ts,2025-10-15T08:22:04.103Z
media_w582095278_8236.ts,2025-10-15T08:22:12.735Z
media_w1664463030_8237.ts,2025-10-15T08:22:21.327Z
media_w708523256_8238.ts,2025-10-15T08:22:34.060Z
media_w541729041_8239.ts,2025-10-15T08:22:42.540Z
media_w1864819502_8240.ts,2025-10-15T08:22:51.130Z
media_w1425017152_8241.ts,2025-10-15T08:23:03.752Z
media_w1700258823_8242.ts,2025-10-15T08:23:12.291Z
media_w768654801_8243.ts,2025-10-15T08:23:24.990Z
media_w121159393_8244.ts,2025-10-15T08:23:33.575Z
media_w1964825046_8245.ts,2025-10-15T08:23:42.238Z
media_w503439003_8246.ts,2025-10-15T08:23:54.994Z
media_w1595525606_8247.ts,2025-10-15T08:24:03.588Z
media_w1466094635_8248.ts,2025-10-15T08:24:12.130Z
media_w364280561_8249.ts,2025-10-15T08:24:24.847Z
media_w1704000290_8250.ts,2025-10-15T08:24:33.439Z
media_w2096795710_8251.ts,2025-10-15T08:24:41.978Z
media_w1759300085_8252.ts,2025-10-15T08:24:54.663Z
media_w2018715072_8253.ts,2025-10-15T08:25:04.379Z
media_w537687638_8254.ts,2025-10-15T08:25:13.274Z
media_w1812940970_8255.ts,2025-10-15T08:25:21.911Z
media_w1999578561_8256.ts,2025-10-15T08:25:30.570Z
media_w156848953_8257.ts,2025-10-15T08:25:43.228Z
media_w271443367_8258.ts,2025-10-15T08:25:51.867Z
media_w1713709084_8259.ts,2025-10-15T08:26:04.722Z
media_w1501451561_8260.ts,2025-10-15T08:26:13.207Z
media_w1706319379_8261.ts,2025-10-15T08:26:21.838Z
media_w567322244_8262.ts,2025-10-15T08:26:34.654Z
media_w1809422855_8263.ts,2025-10-15T08:26:43.094Z
media_w777533891_8264.ts,2025-10-15T08:26:51.535Z
media_w777877096_8265.ts,2025-10-15T08:27:04.122Z
media_w860496343_8266.ts,2025-10-15T08:27:12.722Z
media_w1476257326_8267.ts,2025-10-15T08:27:21.333Z
media_w652556998_8268.ts,2025-10-15T08:27:34.182Z
media_w442073863_8269.ts,2025-10-15T08:27:42.733Z
media_w94298830_8270.ts,2025-10-15T08:27:51.222Z
media_w1424047995_8271.ts,2025-10-15T08:28:03.806Z
media_w1853367930_8272.ts,2025-10-15T08:28:12.378Z
media_w1011801297_8273.ts,2025-10-15T08:28:20.922Z
media_w668402121_8274.ts,2025-10-15T08:28:33.625Z
media_w186654745_8275.ts,2025-10-15T08:28:42.150Z
media_w2009519251_8276.ts,2025-10-15T08:28:54.978Z
media_w326683299_8277.ts,2025-10-15T08:29:03.582Z
media_w719131731_8278.ts,2025-10-15T08:29:12.158Z
media_w1737811694_8279.ts,2025-10-15T08:29:20.781Z
media_w1973689993_8280.ts,2025-10-15T08:29:33.473Z
media_w1071004968_8281.ts,2025-10-15T08:29:42.034Z
media_w1538645154_8282.ts,2025-10-15T08:29:54.670Z
media_w810124687_8283.ts,2025-10-15T08:30:03.432Z
media_w1266096759_8284.ts,2025-10-15T08:30:12.045Z
media_w320557777_8285.ts,2025-10-15T08:30:24.782Z
media_w2026807022_8286.ts,2025-10-15T08:30:33.238Z
media_w2086069355_8287.ts,2025-10-15T08:30:41.698Z
media_w529000509_8288.ts,2025-10-15T08:30:54.537Z
media_w371704114_8289.ts,2025-10-15T08:31:03.063Z
media_w1715705381_8290.ts,2025-10-15T08:31:11.641Z
media_w1233174228_8291.ts,2025-10-15T08:31:24.230Z
media_w1706588140_8292.ts,2025-10-15T08:31:32.830Z
media_w1777811839_8293.ts,2025-10-15T08:31:41.477Z
media_w1178280417_8294.ts,2025-10-15T08:31:54.123Z
media_w1822157026_8295.ts,2025-10-15T08:32:02.662Z
media_w1834021494_8296.ts,2025-10-15T08:32:11.200Z
media_w1348783753_8297.ts,2025-10-15T08:32:23.823Z
media_w943859416_8298.ts,2025-10-15T08:32:32.266Z
media_w1488209926_8299.ts,2025-10-15T08:32:45.089Z
media_w1484606192_8300.ts,2025-10-15T08:32:53.714Z
media_w1850690791_8301.ts,2025-10-15T08:33:02.311Z
media_w1970425154_8302.ts,2025-10-15T08:33:10.989Z
media_w892569049_8303.ts,2025-10-15T08:33:23.594Z
media_w1037891566_8304.ts,2025-10-15T08:33:32.096Z
media_w2060833985_8305.ts,2025-10-15T08:33:44.878Z
media_w1525291832_8306.ts,2025-10-15T08:33:53.305Z
media_w1956244928_8307.ts,2025-10-15T08:34:01.713Z
media_w705385501_8308.ts,2025-10-15T08:34:14.386Z
media_w2099767932_8309.ts,2025-10-15T08:34:22.998Z
media_w346835775_8310.ts,2025-10-15T08:34:31.661Z
media_w1725751801_8311.ts,2025-10-15T08:34:44.222Z
media_w539516932_8312.ts,2025-10-15T08:34:52.760Z
media_w1423833941_8313.ts,2025-10-15T08:35:01.221Z
media_w332085967_8314.ts,2025-10-15T08:35:13.908Z
media_w1087260030_8315.ts,2025-10-15T08:35:22.489Z
media_w719846678_8316.ts,2025-10-15T08:35:35.069Z
media_w1529453723_8317.ts,2025-10-15T08:35:43.569Z
media_w520305367_8318.ts,2025-10-15T08:35:52.257Z
media_w1247349422_8319.ts,2025-10-15T08:36:00.849Z
media_w2017668229_8320.ts,2025-10-15T08:36:13.568Z
media_w443356935_8321.ts,2025-10-15T08:36:22.105Z
media_w1663531748_8322.ts,2025-10-15T08:36:34.689Z
media_w489713760_8323.ts,2025-10-15T08:36:43.201Z
media_w1150102524_8324.ts,2025-10-15T08:36:51.657Z
media_w494818779_8325.ts,2025-10-15T08:37:04.389Z
media_w1370064135_8326.ts,2025-10-15T08:37:13.024Z
media_w359843571_6160.ts,2025-10-16T02:37:54.139Z
media_w359843571_6161.ts,2025-10-16T02:37:54.456Z
media_w359843571_6162.ts,2025-10-16T02:37:54.648Z
media_w1359296321_6163.ts,2025-10-16T02:38:03.297Z
media_w536627222_6164.ts,2025-10-16T02:38:11.974Z
media_w1916183331_6165.ts,2025-10-16T02:38:24.721Z
media_w1273919277_6166.ts,2025-10-16T02:38:33.430Z
media_w1084665124_6167.ts,2025-10-16T02:38:42.442Z
media_w1728212996_6168.ts,2025-10-16T02:38:51.161Z
media_w1157816686_6169.ts,2025-10-16T02:39:04.152Z
media_w320623276_6170.ts,2025-10-16T02:39:13.161Z
media_w1903219185_6171.ts,2025-10-16T02:39:21.865Z
media_w1993131107_6172.ts,2025-10-16T02:39:34.877Z
media_w738842867_6173.ts,2025-10-16T02:39:43.941Z
media_w221699936_6174.ts,2025-10-16T02:39:52.964Z
media_w385013580_6175.ts,2025-10-16T02:40:01.733Z
media_w1186634285_6176.ts,2025-10-16T02:40:14.363Z
media_w61577512_6177.ts,2025-10-16T02:40:22.979Z
media_w1186652131_6178.ts,2025-10-16T02:40:31.798Z
media_w1137050608_6179.ts,2025-10-16T02:40:44.489Z
media_w1115627806_6180.ts,2025-10-16T02:40:53.572Z
media_w1148751723_6181.ts,2025-10-16T02:41:02.557Z
media_w355466380_6182.ts,2025-10-16T02:41:11.404Z
media_w1950504241_6183.ts,2025-10-16T02:41:24.005Z
media_w2035640004_6184.ts,2025-10-16T02:41:33.013Z
media_w744148827_6185.ts,2025-10-16T02:41:41.798Z
media_w640142134_6186.ts,2025-10-16T02:41:55.031Z
media_w1737363075_6187.ts,2025-10-16T02:42:03.684Z
media_w1508197155_6188.ts,2025-10-16T02:42:12.530Z
media_w709112992_6189.ts,2025-10-16T02:42:21.145Z
media_w1534129774_6190.ts,2025-10-16T02:42:34.025Z
media_w1803843545_6191.ts,2025-10-16T02:42:42.997Z
media_w1862275844_6192.ts,2025-10-16T02:42:51.740Z
media_w647853645_6193.ts,2025-10-16T02:43:04.497Z
media_w488569617_6194.ts,2025-10-16T02:43:13.001Z
media_w631794723_6195.ts,2025-10-16T02:43:21.941Z
media_w228162208_6196.ts,2025-10-16T02:43:35.000Z
media_w525747698_6197.ts,2025-10-16T02:43:43.902Z
media_w196003344_6198.ts,2025-10-16T02:43:52.624Z
media_w215923631_6199.ts,2025-10-16T02:44:01.144Z
media_w1379424810_6200.ts,2025-10-16T02:44:13.885Z
media_w1286713331_6201.ts,2025-10-16T02:44:22.824Z
media_w47597368_6202.ts,2025-10-16T02:44:31.676Z
media_w1170785154_6203.ts,2025-10-16T02:44:44.536Z
media_w1589960709_6204.ts,2025-10-16T02:44:53.684Z
media_w1076784809_6205.ts,2025-10-16T02:45:02.820Z
media_w2000422336_6206.ts,2025-10-16T02:45:11.649Z
media_w724177439_6207.ts,2025-10-16T02:45:25.058Z
media_w1024801409_6208.ts,2025-10-16T02:45:33.732Z
media_w998183427_6209.ts,2025-10-16T02:45:42.560Z
media_w866374828_6210.ts,2025-10-16T02:45:51.660Z
media_w200855727_6211.ts,2025-10-16T02:46:04.480Z
media_w2045916397_6212.ts,2025-10-16T02:46:13.432Z
media_w1671059547_6213.ts,2025-10-16T02:46:22.156Z
media_w475318821_6214.ts,2025-10-16T02:46:34.908Z
media_w617583767_6215.ts,2025-10-16T02:46:43.720Z
media_w1355186512_6216.ts,2025-10-16T02:46:52.201Z
media_w1192356329_6217.ts,2025-10-16T02:47:05.023Z
media_w1670527601_6218.ts,2025-10-16T02:47:13.804Z
media_w2146602380_6219.ts,2025-10-16T02:47:22.349Z
media_w1421493405_6220.ts,2025-10-16T02:47:35.148Z
media_w2010517563_6221.ts,2025-10-16T02:47:43.895Z
media_w290787287_6222.ts,2025-10-16T02:47:52.592Z
media_w1793179010_6223.ts,2025-10-16T02:48:01.167Z
media_w2003078859_6224.ts,2025-10-16T02:48:14.229Z
media_w1941899524_6225.ts,2025-10-16T02:48:23.008Z
media_w1237271215_6226.ts,2025-10-16T02:48:31.840Z
media_w79805950_6227.ts,2025-10-16T02:48:44.725Z
media_w1860247318_6228.ts,2025-10-16T02:48:53.327Z
media_w2108615601_6229.ts,2025-10-16T02:49:01.944Z
media_w1092563486_6230.ts,2025-10-16T02:49:15.042Z
media_w1664562961_6231.ts,2025-10-16T02:49:23.737Z
media_w1891729658_6232.ts,2025-10-16T02:49:32.633Z
media_w1753462580_6233.ts,2025-10-16T02:49:41.368Z
media_w1839454598_6234.ts,2025-10-16T02:49:54.244Z
media_w1890823770_6235.ts,2025-10-16T02:50:02.741Z
media_w1441683454_6236.ts,2025-10-16T02:50:11.487Z
media_w1611702859_6237.ts,2025-10-16T02:50:24.403Z
media_w529367380_6238.ts,2025-10-16T02:50:33.008Z
media_w320273449_6239.ts,2025-10-16T02:50:41.752Z
media_w1686371767_6240.ts,2025-10-16T02:50:54.915Z
media_w399890666_6241.ts,2025-10-16T02:51:03.428Z
media_w273163208_6242.ts,2025-10-16T02:51:12.074Z
media_w2057727559_6243.ts,2025-10-16T02:51:25.295Z
media_w860126200_6244.ts,2025-10-16T02:51:33.991Z
media_w1115594972_6245.ts,2025-10-16T02:51:42.796Z
media_w1845382671_6246.ts,2025-10-16T02:51:51.524Z
media_w2056657208_6247.ts,2025-10-16T02:52:04.173Z
media_w1870056988_6248.ts,2025-10-16T02:52:12.869Z
media_w1846668937_6249.ts,2025-10-16T02:52:21.464Z
media_w551615524_6250.ts,2025-10-16T02:52:34.415Z
media_w712792379_6251.ts,2025-10-16T02:52:43.339Z
media_w2042195099_6252.ts,2025-10-16T02:52:52.125Z
media_w2104751566_6253.ts,2025-10-16T02:53:04.736Z
media_w960164994_6254.ts,2025-10-16T02:53:13.575Z
media_w109779512_6255.ts,2025-10-16T02:53:22.320Z
media_w2036080852_6256.ts,2025-10-16T02:53:35.332Z
media_w235194715_6257.ts,2025-10-16T02:53:44.344Z
media_w122880963_6258.ts,2025-10-16T02:53:53.343Z
media_w1248889349_6259.ts,2025-10-16T02:54:01.951Z
media_w1530413928_6260.ts,2025-10-16T02:54:14.938Z
media_w627298810_6261.ts,2025-10-16T02:54:23.857Z
media_w2022093956_6262.ts,2025-10-16T02:54:32.646Z
media_w224987114_6263.ts,2025-10-16T02:54:41.282Z
media_w1582291814_6264.ts,2025-10-16T02:54:54.088Z
media_w1190324318_6265.ts,2025-10-16T02:55:02.891Z
media_w1202998274_6266.ts,2025-10-16T02:55:11.643Z
media_w1279166758_6267.ts,2025-10-16T02:55:24.698Z
media_w1466420991_6268.ts,2025-10-16T02:55:33.431Z
media_w1721343423_6269.ts,2025-10-16T02:55:41.891Z
media_w2118431819_6270.ts,2025-10-16T02:55:54.651Z
media_w1004201445_6271.ts,2025-10-16T02:56:03.111Z
media_w1888981093_6272.ts,2025-10-16T02:56:11.569Z
media_w1827385254_6273.ts,2025-10-16T02:56:24.347Z
media_w1279602519_6274.ts,2025-10-16T02:56:32.885Z
media_w1710198783_6275.ts,2025-10-16T02:56:41.515Z
media_w919397962_6276.ts,2025-10-16T02:56:54.490Z
media_w193237256_6277.ts,2025-10-16T02:57:03.138Z
media_w1561869689_6278.ts,2025-10-16T02:57:11.787Z
media_w319753111_6279.ts,2025-10-16T02:57:24.700Z
media_w788886307_6280.ts,2025-10-16T02:57:33.198Z
media_w2017753148_6281.ts,2025-10-16T02:57:41.955Z
media_w1929023207_6282.ts,2025-10-16T02:57:54.637Z
media_w481762336_6283.ts,2025-10-16T02:58:03.539Z
media_w147290880_6284.ts,2025-10-16T02:58:12.574Z
media_w621035495_6285.ts,2025-10-16T02:58:25.610Z
media_w38452324_6286.ts,2025-10-16T02:58:34.334Z
media_w1189217611_6287.ts,2025-10-16T02:58:43.424Z
media_w438820677_6288.ts,2025-10-16T02:58:52.323Z
media_w1217759045_6289.ts,2025-10-16T02:59:04.995Z
media_w1981418370_6290.ts,2025-10-16T02:59:13.622Z
media_w1380332609_6291.ts,2025-10-16T02:59:22.475Z
media_w1172967638_6292.ts,2025-10-16T02:59:31.322Z
media_w637807880_6293.ts,2025-10-16T02:59:44.198Z
media_w552153043_6294.ts,2025-10-16T02:59:52.983Z
media_w411569240_6295.ts,2025-10-16T03:00:01.827Z
media_w1896458295_6296.ts,2025-10-16T03:00:14.839Z
media_w269279892_6297.ts,2025-10-16T03:00:23.643Z
media_w745278123_6298.ts,2025-10-16T03:00:32.375Z
media_w963863291_6299.ts,2025-10-16T03:00:45.011Z
media_w1307510621_6300.ts,2025-10-16T03:00:53.826Z
media_w1764675340_6301.ts,2025-10-16T03:01:02.839Z
media_w244430241_6302.ts,2025-10-16T03:01:11.558Z
media_w1491041735_6303.ts,2025-10-16T03:01:24.479Z
media_w161531029_6304.ts,2025-10-16T03:01:33.223Z
media_w1765614668_6305.ts,2025-10-16T03:01:42.162Z
media_w1052121653_6306.ts,2025-10-16T03:01:54.996Z
media_w1362858729_6307.ts,2025-10-16T03:02:03.854Z
media_w915218689_6308.ts,2025-10-16T03:02:12.782Z
media_w1459906982_6309.ts,2025-10-16T03:02:21.631Z
media_w1661461885_6310.ts,2025-10-16T03:02:34.750Z
media_w1291976115_6311.ts,2025-10-16T03:02:43.486Z
media_w1039203264_6312.ts,2025-10-16T03:02:52.098Z
media_w1223806333_6313.ts,2025-10-16T03:03:00.970Z
media_w1244263281_6314.ts,2025-10-16T03:03:13.838Z
media_w925259295_6315.ts,2025-10-16T03:03:22.538Z
media_w1576902087_6316.ts,2025-10-16T03:03:31.046Z
media_w1275849607_6317.ts,2025-10-16T03:03:44.102Z
media_w1655450950_6318.ts,2025-10-16T03:03:53.073Z
media_w281714370_6319.ts,2025-10-16T03:04:01.799Z
media_w107725134_6320.ts,2025-10-16T03:04:14.429Z
media_w1356995135_6321.ts,2025-10-16T03:04:23.277Z
media_w72739573_6322.ts,2025-10-16T03:04:31.760Z
media_w1834532488_6323.ts,2025-10-16T03:04:44.689Z
media_w161992853_6324.ts,2025-10-16T03:04:53.377Z
media_w1906456791_6325.ts,2025-10-16T03:05:02.473Z
media_w169611573_6326.ts,2025-10-16T03:05:11.206Z
media_w2104322786_6327.ts,2025-10-16T03:05:24.305Z
media_w2139177080_6328.ts,2025-10-16T03:05:33.425Z
media_w1574125184_6329.ts,2025-10-16T03:05:42.236Z
media_w367806965_6330.ts,2025-10-16T03:05:51.058Z
media_w1772990186_6331.ts,2025-10-16T03:06:04.082Z
media_w1463357803_6332.ts,2025-10-16T03:06:13.101Z
media_w1448197135_6333.ts,2025-10-16T03:06:21.845Z
media_w1953159554_6334.ts,2025-10-16T03:06:34.778Z
media_w144448009_6335.ts,2025-10-16T03:06:43.354Z
media_w432760812_6336.ts,2025-10-16T03:06:52.147Z
media_w1600917675_6337.ts,2025-10-16T03:07:04.949Z
media_w1799061575_6338.ts,2025-10-16T03:07:13.554Z
media_w1343568446_6339.ts,2025-10-16T03:07:22.467Z
media_w659120119_6340.ts,2025-10-16T03:07:31.235Z
media_w204281262_6341.ts,2025-10-16T03:07:44.205Z
media_w126444371_6342.ts,2025-10-16T03:07:53.159Z
media_w1677286910_6343.ts,2025-10-16T03:08:02.061Z
media_w251862101_6344.ts,2025-10-16T03:08:14.749Z
media_w387492134_6345.ts,2025-10-16T03:08:23.606Z
media_w1445549575_6346.ts,2025-10-16T03:08:32.217Z
media_w772516009_6347.ts,2025-10-16T03:08:40.887Z
media_w14567774_6348.ts,2025-10-16T03:08:53.985Z
media_w380048940_6349.ts,2025-10-16T03:09:02.645Z
media_w1981489706_6350.ts,2025-10-16T03:09:15.669Z
media_w1401366266_6351.ts,2025-10-16T03:09:24.186Z
media_w910344055_6352.ts,2025-10-16T03:09:33.029Z
media_w840625415_6353.ts,2025-10-16T03:09:41.690Z
media_w573808380_6354.ts,2025-10-16T03:09:54.656Z
media_w1530625897_6355.ts,2025-10-16T03:10:03.346Z
media_w748307857_6356.ts,2025-10-16T03:10:11.893Z
media_w1380024007_6357.ts,2025-10-16T03:10:24.630Z
media_w518207003_6358.ts,2025-10-16T03:10:33.621Z
media_w32253890_6359.ts,2025-10-16T03:10:42.597Z
media_w1482493947_6360.ts,2025-10-16T03:10:51.257Z
media_w508184847_6361.ts,2025-10-16T03:11:04.240Z
media_w1270041169_6362.ts,2025-10-16T03:11:13.068Z
media_w781411495_6363.ts,2025-10-16T03:11:21.553Z
media_w1940226488_6364.ts,2025-10-16T03:11:34.481Z
media_w2080359227_6365.ts,2025-10-16T03:11:43.249Z
media_w92331349_6366.ts,2025-10-16T03:11:52.069Z
media_w938850614_6367.ts,2025-10-16T03:12:04.753Z
media_w655223671_6368.ts,2025-10-16T03:12:13.483Z
media_w335275553_6369.ts,2025-10-16T03:12:21.932Z
media_w265100383_6370.ts,2025-10-16T03:12:34.605Z
media_w385357694_6371.ts,2025-10-16T03:12:43.836Z
media_w1047734633_6372.ts,2025-10-16T03:12:52.337Z
media_w1422483756_6373.ts,2025-10-16T03:13:05.044Z
media_w692339611_6374.ts,2025-10-16T03:13:13.849Z
media_w602592904_6375.ts,2025-10-16T03:13:22.744Z
media_w1066771717_6376.ts,2025-10-16T03:13:31.556Z
media_w1614929503_6377.ts,2025-10-16T03:13:44.580Z
media_w1878210294_6378.ts,2025-10-16T03:13:53.172Z
media_w1171037680_6379.ts,2025-10-16T03:14:01.652Z
media_w642540191_6380.ts,2025-10-16T03:14:14.588Z
media_w1954292446_6381.ts,2025-10-16T03:14:23.500Z
media_w2043169612_6382.ts,2025-10-16T03:14:31.992Z
media_w527638239_6383.ts,2025-10-16T03:14:44.900Z
media_w1055216076_6384.ts,2025-10-16T03:14:53.364Z
media_w1217677816_6385.ts,2025-10-16T03:15:01.980Z
media_w1822321044_6386.ts,2025-10-16T03:15:10.436Z
media_w975619497_6387.ts,2025-10-16T03:15:23.608Z
media_w214094709_6388.ts,2025-10-16T03:15:32.513Z
media_w38997677_6389.ts,2025-10-16T03:15:41.179Z
media_w1983062693_6390.ts,2025-10-16T03:15:54.059Z
media_w1503864197_6391.ts,2025-10-16T03:16:02.916Z
media_w1951492948_6392.ts,2025-10-16T03:16:11.836Z
media_w734844454_6393.ts,2025-10-16T03:16:24.531Z
media_w1771092200_6394.ts,2025-10-16T03:16:33.203Z
media_w545351944_6395.ts,2025-10-16T03:16:41.999Z
media_w2027216148_6396.ts,2025-10-16T03:16:55.100Z
media_w50520601_6397.ts,2025-10-16T03:17:03.822Z
media_w406993251_6398.ts,2025-10-16T03:17:12.776Z
media_w750110898_6399.ts,2025-10-16T03:17:21.360Z
media_w778185595_6400.ts,2025-10-16T03:17:34.040Z
media_w211371362_6401.ts,2025-10-16T03:17:42.650Z
media_w339656725_6402.ts,2025-10-16T03:17:51.475Z
media_w1393739333_6403.ts,2025-10-16T03:18:04.295Z
media_w684451690_6404.ts,2025-10-16T03:18:13.193Z
media_w377620006_6405.ts,2025-10-16T03:18:21.933Z
media_w1004489499_6406.ts,2025-10-16T03:18:34.999Z
media_w887863476_6407.ts,2025-10-16T03:18:43.469Z
media_w27407696_6408.ts,2025-10-16T03:18:51.990Z
media_w1161456594_6409.ts,2025-10-16T03:19:04.864Z
media_w74413219_6410.ts,2025-10-16T03:19:13.576Z
media_w1057624862_6411.ts,2025-10-16T03:19:22.239Z
media_w196305832_6412.ts,2025-10-16T03:19:34.916Z
media_w1312285979_6413.ts,2025-10-16T03:19:43.467Z
media_w1089025273_6414.ts,2025-10-16T03:19:52.141Z
media_w376917216_6415.ts,2025-10-16T03:20:05.067Z
media_w1275652900_6416.ts,2025-10-16T03:20:13.786Z
media_w406936776_6417.ts,2025-10-16T03:20:22.752Z
media_w177614323_6418.ts,2025-10-16T03:20:31.292Z
media_w748442677_6419.ts,2025-10-16T03:20:43.972Z
media_w795729500_6420.ts,2025-10-16T03:20:52.669Z
media_w1322163799_6421.ts,2025-10-16T03:21:01.391Z
media_w911484484_6422.ts,2025-10-16T03:21:14.194Z
media_w1887369376_6423.ts,2025-10-16T03:21:22.703Z
media_w7983519_6424.ts,2025-10-16T03:21:31.507Z
media_w685983740_6425.ts,2025-10-16T03:21:44.343Z
media_w707955487_6426.ts,2025-10-16T03:21:53.507Z
media_w786462138_6427.ts,2025-10-16T03:22:02.162Z
media_w58326705_6428.ts,2025-10-16T03:22:10.962Z
media_w685816825_6429.ts,2025-10-16T03:22:23.659Z
media_w867763838_6430.ts,2025-10-16T03:22:32.220Z
media_w700121646_6431.ts,2025-10-16T03:22:45.180Z
media_w1521056627_6432.ts,2025-10-16T03:22:54.030Z
media_w1704325303_6433.ts,2025-10-16T03:23:02.713Z
media_w817218467_6434.ts,2025-10-16T03:23:15.355Z
media_w1843168021_6435.ts,2025-10-16T03:23:24.042Z
media_w486844519_6436.ts,2025-10-16T03:23:32.831Z
media_w2125479966_6437.ts,2025-10-16T03:23:41.564Z
media_w1572288851_6438.ts,2025-10-16T03:23:54.238Z
media_w263581916_6439.ts,2025-10-16T03:24:02.929Z
media_w1297578684_6440.ts,2025-10-16T03:24:11.679Z
media_w896698527_6441.ts,2025-10-16T03:24:24.579Z
media_w1618605722_6442.ts,2025-10-16T03:24:33.616Z
media_w739466389_6443.ts,2025-10-16T03:24:42.315Z
media_w1593376734_6444.ts,2025-10-16T03:24:55.148Z
media_w213978026_6445.ts,2025-10-16T03:25:03.747Z
media_w488935344_6446.ts,2025-10-16T03:25:12.303Z
media_w1664028211_6447.ts,2025-10-16T03:25:20.939Z
media_w528406767_6448.ts,2025-10-16T03:25:33.697Z
media_w973639233_6449.ts,2025-10-16T03:25:42.504Z
media_w181822733_6450.ts,2025-10-16T03:25:51.246Z
media_w877111628_6451.ts,2025-10-16T03:26:04.223Z
media_w1197369249_6452.ts,2025-10-16T03:26:13.236Z
media_w1915549565_6453.ts,2025-10-16T03:26:22.095Z
media_w1578449389_6454.ts,2025-10-16T03:26:34.918Z
media_w2012380469_6455.ts,2025-10-16T03:26:43.876Z
media_w30553806_6456.ts,2025-10-16T03:26:52.560Z
media_w271057698_6457.ts,2025-10-16T03:27:05.602Z
media_w11839540_6458.ts,2025-10-16T03:27:14.075Z
media_w22394401_6459.ts,2025-10-16T03:27:22.998Z
media_w1168093037_6460.ts,2025-10-16T03:27:31.541Z
media_w650761072_6461.ts,2025-10-16T03:27:44.443Z
media_w1256634154_6462.ts,2025-10-16T03:27:53.324Z
media_w1343158228_6463.ts,2025-10-16T03:28:02.109Z
media_w280000455_6464.ts,2025-10-16T03:28:10.803Z
media_w551785736_6465.ts,2025-10-16T03:28:23.732Z
media_w1037885280_6466.ts,2025-10-16T03:28:32.404Z
media_w2085796264_6467.ts,2025-10-16T03:28:45.259Z
media_w353257583_6468.ts,2025-10-16T03:28:53.844Z
media_w896932217_6469.ts,2025-10-16T03:29:02.697Z
media_w1159219894_6470.ts,2025-10-16T03:29:11.153Z
media_w371449885_6471.ts,2025-10-16T03:29:23.872Z
media_w1664453015_6472.ts,2025-10-16T03:29:32.410Z
media_w31376319_6473.ts,2025-10-16T03:29:41.091Z
media_w188846099_6474.ts,2025-10-16T03:29:54.115Z
media_w906873819_6475.ts,2025-10-16T03:30:02.736Z
media_w1061512335_6476.ts,2025-10-16T03:30:15.812Z
media_w8664045_6477.ts,2025-10-16T03:30:24.479Z
media_w2007779893_6478.ts,2025-10-16T03:30:33.283Z
media_w1610177_6479.ts,2025-10-16T03:30:41.896Z
media_w1016413827_6480.ts,2025-10-16T03:30:55.083Z
media_w67404166_6481.ts,2025-10-16T03:31:03.860Z
media_w223396621_6482.ts,2025-10-16T03:31:12.349Z
media_w287756404_6483.ts,2025-10-16T03:31:20.996Z
media_w882511684_6484.ts,2025-10-16T03:31:33.845Z
media_w280888653_6485.ts,2025-10-16T03:31:42.623Z
media_w1579932332_6486.ts,2025-10-16T03:31:51.529Z
media_w1019196809_6487.ts,2025-10-16T03:32:04.442Z
media_w235800170_6488.ts,2025-10-16T03:32:13.252Z
media_w366121654_6489.ts,2025-10-16T03:32:21.960Z
media_w1636082635_6490.ts,2025-10-16T03:32:34.727Z
media_w110579816_6491.ts,2025-10-16T03:32:43.235Z
media_w752130938_6492.ts,2025-10-16T03:32:51.864Z
media_w1058077067_6493.ts,2025-10-16T03:33:00.516Z
media_w1559160262_6494.ts,2025-10-16T03:33:13.336Z
media_w96360691_6495.ts,2025-10-16T03:33:22.017Z
media_w2136641089_6496.ts,2025-10-16T03:33:34.656Z
media_w1776005558_6497.ts,2025-10-16T03:33:43.276Z
media_w1648467877_6498.ts,2025-10-16T03:33:51.998Z
media_w1449623567_6499.ts,2025-10-16T03:34:04.837Z
media_w793868067_6500.ts,2025-10-16T03:34:13.455Z
media_w1670138143_6501.ts,2025-10-16T03:34:21.909Z
media_w1747852035_6502.ts,2025-10-16T03:34:34.810Z
media_w1462532201_6503.ts,2025-10-16T03:34:43.603Z
media_w996373454_6504.ts,2025-10-16T03:34:52.463Z
media_w694325384_6505.ts,2025-10-16T03:35:05.299Z
media_w1033322386_6506.ts,2025-10-16T03:35:14.035Z
media_w1807964499_6507.ts,2025-10-16T03:35:22.951Z
media_w221007410_6508.ts,2025-10-16T03:35:31.779Z
media_w28013032_6509.ts,2025-10-16T03:35:44.416Z
media_w1785464701_6510.ts,2025-10-16T03:35:53.127Z
media_w961655856_6511.ts,2025-10-16T03:36:01.915Z
media_w1363141246_6512.ts,2025-10-16T03:36:10.623Z
media_w908206477_6513.ts,2025-10-16T03:36:23.575Z
media_w1079983823_6514.ts,2025-10-16T03:36:32.218Z
media_w1405861834_6515.ts,2025-10-16T03:36:45.207Z
media_w408196070_6516.ts,2025-10-16T03:36:53.668Z
media_w1863365572_6517.ts,2025-10-16T03:37:02.427Z
media_w561418261_6518.ts,2025-10-16T03:37:15.499Z
media_w1296421438_6519.ts,2025-10-16T03:37:23.968Z
media_w1970424458_6520.ts,2025-10-16T03:37:32.770Z
media_w162566749_6521.ts,2025-10-16T03:37:41.268Z
media_w1772663111_6522.ts,2025-10-16T03:37:54.460Z
media_w1718582460_6523.ts,2025-10-16T03:38:03.340Z
media_w537910521_6524.ts,2025-10-16T03:38:12.272Z
media_w483707131_6525.ts,2025-10-16T03:38:20.880Z
media_w1546684230_6526.ts,2025-10-16T03:38:33.813Z
media_w1316556871_6527.ts,2025-10-16T03:38:42.730Z
media_w1327200043_6528.ts,2025-10-16T03:38:51.504Z
media_w1336806998_6529.ts,2025-10-16T03:39:04.372Z
media_w752547613_6530.ts,2025-10-16T03:39:13.339Z
media_w1645271483_6531.ts,2025-10-16T03:39:22.037Z
media_w1641535910_6532.ts,2025-10-16T03:39:34.775Z
media_w1525168173_6533.ts,2025-10-16T03:39:43.539Z
media_w1951299605_6534.ts,2025-10-16T03:39:52.080Z
media_w187837947_6535.ts,2025-10-16T03:40:00.657Z
media_w371652551_6536.ts,2025-10-16T03:40:13.603Z
media_w1859400207_6537.ts,2025-10-16T03:40:22.084Z
media_w1033234168_6538.ts,2025-10-16T03:40:34.911Z
media_w1382433667_6539.ts,2025-10-16T03:40:43.497Z
media_w1569548477_6540.ts,2025-10-16T03:40:52.006Z
media_w1554226968_6541.ts,2025-10-16T03:41:05.060Z
media_w643705337_6542.ts,2025-10-16T03:41:13.676Z
media_w1172480168_6543.ts,2025-10-16T03:41:22.545Z
media_w1987084377_6544.ts,2025-10-16T03:41:31.219Z
media_w850324584_6545.ts,2025-10-16T03:41:43.964Z
media_w1088750660_6546.ts,2025-10-16T03:41:52.784Z
media_w841017027_6547.ts,2025-10-16T03:42:05.631Z
media_w883318026_6548.ts,2025-10-16T03:42:14.383Z
media_w1974350993_6549.ts,2025-10-16T03:42:23.304Z
media_w1870715694_6550.ts,2025-10-16T03:42:31.987Z
media_w901497231_6551.ts,2025-10-16T03:42:44.772Z
media_w1108959725_6552.ts,2025-10-16T03:42:53.595Z
media_w1088090406_6553.ts,2025-10-16T03:43:02.303Z
media_w2115034619_6554.ts,2025-10-16T03:43:10.963Z
media_w2040961732_6555.ts,2025-10-16T03:43:23.840Z
media_w10348207_6556.ts,2025-10-16T03:43:32.662Z
media_w1634303203_6557.ts,2025-10-16T03:43:41.599Z
media_w178389678_6558.ts,2025-10-16T03:43:54.207Z
media_w1935590460_6559.ts,2025-10-16T03:44:02.875Z
media_w1302135738_6560.ts,2025-10-16T03:44:11.364Z
media_w981462571_6561.ts,2025-10-16T03:44:24.423Z
media_w500865739_6562.ts,2025-10-16T03:44:33.239Z
media_w1111933228_6563.ts,2025-10-16T03:44:42.230Z
media_w794467607_6564.ts,2025-10-16T03:44:55.046Z
media_w1586213011_6565.ts,2025-10-16T03:45:03.650Z
media_w676665352_6566.ts,2025-10-16T03:45:12.163Z
media_w446926140_6567.ts,2025-10-16T03:45:25.004Z
media_w839764993_6568.ts,2025-10-16T03:45:33.667Z
media_w1817270628_6569.ts,2025-10-16T03:45:42.667Z
media_w2146347094_6570.ts,2025-10-16T03:45:51.463Z
media_w1700249591_6571.ts,2025-10-16T03:46:04.459Z
media_w1759697016_6572.ts,2025-10-16T03:46:13.070Z
media_w1622359633_6573.ts,2025-10-16T03:46:21.952Z
media_w103680085_6574.ts,2025-10-16T03:46:34.836Z
media_w1291505454_6575.ts,2025-10-16T03:46:43.511Z
media_w1537243695_6576.ts,2025-10-16T03:46:52.028Z
media_w1197834132_6577.ts,2025-10-16T03:47:04.611Z
media_w1777728243_6578.ts,2025-10-16T03:47:13.798Z
media_w1254074275_6579.ts,2025-10-16T03:47:22.378Z
media_w236705624_6580.ts,2025-10-16T03:47:35.210Z
media_w1773482576_6581.ts,2025-10-16T03:47:43.788Z
media_w1800116667_6582.ts,2025-10-16T03:47:52.499Z
media_w849560841_6583.ts,2025-10-16T03:48:05.434Z
media_w1969858570_6584.ts,2025-10-16T03:48:14.122Z
media_w1638741524_6585.ts,2025-10-16T03:48:23.072Z
media_w1308925395_6586.ts,2025-10-16T03:48:31.848Z
media_w105326253_6587.ts,2025-10-16T03:48:44.747Z
media_w219603526_6588.ts,2025-10-16T03:48:53.340Z
media_w1467614127_6589.ts,2025-10-16T03:49:02.376Z
media_w927668127_6590.ts,2025-10-16T03:49:11.140Z
media_w1159491180_6591.ts,2025-10-16T03:49:24.111Z
media_w965111404_6592.ts,2025-10-16T03:49:32.678Z
media_w659145627_6593.ts,2025-10-16T03:49:41.343Z
media_w1889150092_6594.ts,2025-10-16T03:49:54.067Z
media_w2004042796_6595.ts,2025-10-16T03:50:02.803Z
media_w575110795_6596.ts,2025-10-16T03:50:11.699Z
media_w1246476912_6597.ts,2025-10-16T03:50:24.415Z
media_w1757378784_6598.ts,2025-10-16T03:50:33.556Z
media_w1298998112_6599.ts,2025-10-16T03:50:42.173Z
media_w1951187879_6600.ts,2025-10-16T03:50:51.048Z
media_w471121037_6601.ts,2025-10-16T03:51:04.039Z
media_w700186329_6602.ts,2025-10-16T03:51:12.838Z
media_w544619938_6603.ts,2025-10-16T03:51:21.484Z
media_w1799892864_6604.ts,2025-10-16T03:51:34.298Z
media_w972851493_6605.ts,2025-10-16T03:51:43.094Z
media_w116426732_6606.ts,2025-10-16T03:51:51.835Z
media_w757541866_6607.ts,2025-10-16T03:52:04.778Z
media_w1909169374_6608.ts,2025-10-16T03:52:13.382Z
media_w1388558703_6609.ts,2025-10-16T03:52:22.187Z
media_w1331448389_6610.ts,2025-10-16T03:52:35.277Z
media_w1704474687_6611.ts,2025-10-16T03:52:44.039Z
media_w1325629968_6612.ts,2025-10-16T03:52:52.950Z
media_w1502634239_6613.ts,2025-10-16T03:53:01.492Z
media_w1454813356_6614.ts,2025-10-16T03:53:14.152Z
media_w1736203937_6615.ts,2025-10-16T03:53:23.114Z
media_w84777017_6616.ts,2025-10-16T03:53:31.760Z
media_w1670762484_6617.ts,2025-10-16T03:53:44.462Z
media_w200814169_6618.ts,2025-10-16T03:53:53.170Z
media_w1543809211_6619.ts,2025-10-16T03:54:01.972Z
media_w2060856332_6620.ts,2025-10-16T03:54:14.954Z
media_w1541760079_6621.ts,2025-10-16T03:54:23.691Z
media_w55871536_6622.ts,2025-10-16T03:54:32.417Z
media_w1690479765_6623.ts,2025-10-16T03:54:41.158Z
media_w178004384_6624.ts,2025-10-16T03:54:54.217Z
media_w222780428_6625.ts,2025-10-16T03:55:02.860Z
media_w2071792713_6626.ts,2025-10-16T03:55:11.342Z
media_w330562981_6627.ts,2025-10-16T03:55:24.434Z
media_w1716611754_6628.ts,2025-10-16T03:55:33.046Z
media_w1738228163_6629.ts,2025-10-16T03:55:41.795Z
media_w1433623300_6630.ts,2025-10-16T03:55:54.510Z
media_w1855356694_6631.ts,2025-10-16T03:56:03.107Z
media_w497290604_6632.ts,2025-10-16T03:56:11.706Z
media_w1104990180_6633.ts,2025-10-16T03:56:24.638Z
media_w492042101_6634.ts,2025-10-16T03:56:33.498Z
media_w2012724854_6635.ts,2025-10-16T03:56:42.310Z
media_w453272319_6636.ts,2025-10-16T03:56:51.099Z
media_w1273683312_6637.ts,2025-10-16T03:57:04.210Z
media_w1908358624_6638.ts,2025-10-16T03:57:12.946Z
media_w1666594457_6639.ts,2025-10-16T03:57:21.650Z
media_w252004716_6640.ts,2025-10-16T03:57:34.289Z
media_w2061716765_6641.ts,2025-10-16T03:57:43.122Z
media_w2139846393_6642.ts,2025-10-16T03:57:51.886Z
media_w468642908_6643.ts,2025-10-16T03:58:04.791Z
media_w1014181454_6644.ts,2025-10-16T03:58:13.618Z
media_w1991321195_6645.ts,2025-10-16T03:58:22.356Z
media_w1229314352_6646.ts,2025-10-16T03:58:30.990Z
media_w2054934743_6647.ts,2025-10-16T03:58:43.837Z
media_w143234595_6648.ts,2025-10-16T03:58:52.311Z
media_w918743676_6649.ts,2025-10-16T03:59:01.105Z
media_w1738628269_6650.ts,2025-10-16T03:59:14.395Z
media_w1003782802_6651.ts,2025-10-16T03:59:23.154Z
media_w747809694_6652.ts,2025-10-16T03:59:31.790Z
media_w1950057487_6653.ts,2025-10-16T03:59:44.607Z
media_w1007882528_6654.ts,2025-10-16T03:59:53.310Z
media_w1593467321_6655.ts,2025-10-16T04:00:02.257Z
media_w1672893919_6656.ts,2025-10-16T04:00:14.991Z
media_w830803285_6657.ts,2025-10-16T04:00:23.759Z
media_w1623912605_6658.ts,2025-10-16T04:00:32.876Z
media_w1178632491_6659.ts,2025-10-16T04:00:41.783Z
media_w1202055373_6660.ts,2025-10-16T04:00:54.734Z
media_w1093369697_6661.ts,2025-10-16T04:01:03.332Z
media_w609768475_6662.ts,2025-10-16T04:01:11.950Z
media_w2048315623_6663.ts,2025-10-16T04:01:20.570Z
media_w929147224_6664.ts,2025-10-16T04:01:33.766Z
media_w1624495288_6665.ts,2025-10-16T04:01:42.239Z
media_w1544267536_6666.ts,2025-10-16T04:01:55.062Z
media_w1345113663_6667.ts,2025-10-16T04:02:03.812Z
media_w205956822_6668.ts,2025-10-16T04:02:12.446Z
media_w467342723_6669.ts,2025-10-16T04:02:21.139Z
media_w1196986683_6670.ts,2025-10-16T04:02:34.280Z
media_w1850404968_6671.ts,2025-10-16T04:02:43.027Z
media_w465269921_6672.ts,2025-10-16T04:02:51.809Z
media_w1307987091_6673.ts,2025-10-16T04:03:04.700Z
media_w400401524_6674.ts,2025-10-16T04:03:13.277Z
media_w1191226656_6675.ts,2025-10-16T04:03:21.817Z
media_w798190712_6676.ts,2025-10-16T04:03:34.835Z
media_w909508558_6677.ts,2025-10-16T04:03:43.581Z
media_w363413474_6678.ts,2025-10-16T04:03:52.303Z
media_w364456585_6679.ts,2025-10-16T04:04:05.128Z
media_w196880256_6680.ts,2025-10-16T04:04:13.757Z
media_w1257882000_6681.ts,2025-10-16T04:04:22.276Z
media_w1433875125_6682.ts,2025-10-16T04:04:30.912Z
media_w2059704552_6683.ts,2025-10-16T04:04:43.660Z
media_w302448501_6684.ts,2025-10-16T04:04:52.558Z
media_w490648778_6685.ts,2025-10-16T04:05:01.288Z
media_w1680493255_6686.ts,2025-10-16T04:05:14.136Z
media_w517885330_6687.ts,2025-10-16T04:05:22.786Z
media_w775697878_6688.ts,2025-10-16T04:05:31.422Z
media_w1484671768_6689.ts,2025-10-16T04:05:44.373Z
media_w873295030_6690.ts,2025-10-16T04:05:53.009Z
media_w811827200_6691.ts,2025-10-16T04:06:01.573Z
media_w1947213559_6692.ts,2025-10-16T04:06:14.396Z
media_w2982022_6693.ts,2025-10-16T04:06:23.037Z
media_w366274181_6694.ts,2025-10-16T04:06:31.722Z
media_w1370162655_6695.ts,2025-10-16T04:06:44.289Z
media_w620150927_6696.ts,2025-10-16T04:06:52.888Z
media_w270826774_6697.ts,2025-10-16T04:07:01.379Z
media_w1062032567_6698.ts,2025-10-16T04:07:14.321Z
media_w1111724469_6699.ts,2025-10-16T04:07:23.210Z
media_w218524311_6700.ts,2025-10-16T04:07:31.885Z
media_w929908132_6701.ts,2025-10-16T04:07:44.813Z
media_w1341392865_6702.ts,2025-10-16T04:07:53.773Z
media_w2127340521_6703.ts,2025-10-16T04:08:02.390Z
media_w831089789_6704.ts,2025-10-16T04:08:15.249Z
media_w1528070006_6705.ts,2025-10-16T04:08:24.200Z
media_w1769791861_6706.ts,2025-10-16T04:08:33.065Z
media_w1861517508_6707.ts,2025-10-16T04:08:41.695Z
media_w1611195196_6708.ts,2025-10-16T04:08:54.721Z
media_w138652565_6709.ts,2025-10-16T04:09:03.304Z
media_w271986550_6710.ts,2025-10-16T04:09:12.013Z
media_w257492442_6711.ts,2025-10-16T04:09:20.631Z
media_w1141380033_6712.ts,2025-10-16T04:09:33.564Z
media_w619767976_6713.ts,2025-10-16T04:09:42.249Z
media_w846286140_6714.ts,2025-10-16T04:09:55.008Z
media_w454339669_6715.ts,2025-10-16T04:10:03.486Z
media_w2049454663_6716.ts,2025-10-16T04:10:12.088Z
media_w733914704_6717.ts,2025-10-16T04:10:24.993Z
media_w1173881361_6718.ts,2025-10-16T04:10:33.738Z
media_w170868533_6719.ts,2025-10-16T04:10:42.609Z
media_w1938150420_6720.ts,2025-10-16T04:10:51.513Z
media_w1610679621_6721.ts,2025-10-16T04:11:04.636Z
media_w1539176382_6722.ts,2025-10-16T04:11:13.481Z
media_w1573092383_6723.ts,2025-10-16T04:11:22.231Z
media_w1670070029_6724.ts,2025-10-16T04:11:31.080Z
media_w78338129_6725.ts,2025-10-16T04:11:43.969Z
media_w2014137329_6726.ts,2025-10-16T04:11:52.564Z
media_w829374050_6727.ts,2025-10-16T04:12:05.413Z
media_w1144858328_6728.ts,2025-10-16T04:12:14.094Z
media_w951768744_6729.ts,2025-10-16T04:12:23.025Z
media_w1657288446_6730.ts,2025-10-16T04:12:31.641Z
media_w547514466_6731.ts,2025-10-16T04:12:44.638Z
media_w823180186_6732.ts,2025-10-16T04:12:53.322Z
media_w1751503499_6733.ts,2025-10-16T04:13:02.098Z
media_w753383668_6734.ts,2025-10-16T04:13:10.733Z
media_w489240732_6735.ts,2025-10-16T04:13:23.445Z
media_w1125681589_6736.ts,2025-10-16T04:13:32.289Z
media_w320723284_6737.ts,2025-10-16T04:13:45.421Z
media_w864931125_6738.ts,2025-10-16T04:13:54.166Z
media_w1242462336_6739.ts,2025-10-16T04:14:02.979Z
media_w1432875341_6740.ts,2025-10-16T04:14:11.602Z
media_w1514046133_6741.ts,2025-10-16T04:14:24.610Z
media_w365185632_6742.ts,2025-10-16T04:14:33.086Z
media_w663920371_6743.ts,2025-10-16T04:14:42.024Z
media_w906900715_6744.ts,2025-10-16T04:14:55.065Z
media_w522639322_6745.ts,2025-10-16T04:15:03.714Z
media_w631038137_6746.ts,2025-10-16T04:15:12.348Z
media_w1169967528_6747.ts,2025-10-16T04:15:21.166Z
media_w1494008111_6748.ts,2025-10-16T04:15:34.034Z
media_w1539652701_6749.ts,2025-10-16T04:15:42.837Z
media_w1369238426_6750.ts,2025-10-16T04:15:51.582Z
media_w40219761_6751.ts,2025-10-16T04:16:04.525Z
media_w680477105_6752.ts,2025-10-16T04:16:13.234Z
media_w30019011_6753.ts,2025-10-16T04:16:21.806Z
media_w1358558237_6754.ts,2025-10-16T04:16:34.786Z
media_w1628842697_6755.ts,2025-10-16T04:16:43.346Z
media_w1437018341_6756.ts,2025-10-16T04:16:52.167Z
media_w1942363747_6757.ts,2025-10-16T04:17:00.946Z
media_w1723008896_6758.ts,2025-10-16T04:17:13.874Z
media_w855271502_6759.ts,2025-10-16T04:17:22.497Z
media_w834303252_6760.ts,2025-10-16T04:17:31.494Z
media_w1273145878_6761.ts,2025-10-16T04:17:44.362Z
media_w1156311564_6762.ts,2025-10-16T04:17:53.206Z
media_w1003959985_6763.ts,2025-10-16T04:18:01.831Z
media_w917128694_6764.ts,2025-10-16T04:18:14.706Z
media_w557666642_6765.ts,2025-10-16T04:18:23.582Z
media_w863471196_6766.ts,2025-10-16T04:18:32.201Z
media_w301081526_6767.ts,2025-10-16T04:18:45.125Z
media_w1572760308_6768.ts,2025-10-16T04:18:53.813Z
media_w1518467770_6769.ts,2025-10-16T04:19:02.720Z
media_w1336559158_6770.ts,2025-10-16T04:19:11.223Z
media_w760542687_6771.ts,2025-10-16T04:19:24.106Z
media_w1671500883_6772.ts,2025-10-16T04:19:32.815Z
media_w1056036753_6773.ts,2025-10-16T04:19:41.538Z
media_w1556378905_6774.ts,2025-10-16T04:19:54.354Z
media_w1932356007_6775.ts,2025-10-16T04:20:03.189Z
media_w2135797062_6776.ts,2025-10-16T04:20:11.780Z
media_w844605593_6777.ts,2025-10-16T04:20:24.641Z
media_w2134134210_6778.ts,2025-10-16T04:20:33.415Z
media_w1907012378_6779.ts,2025-10-16T04:20:41.981Z
media_w503589541_6780.ts,2025-10-16T04:20:54.787Z
media_w1177547339_6781.ts,2025-10-16T04:21:03.582Z
media_w1031182521_6782.ts,2025-10-16T04:21:12.396Z
media_w720629438_6783.ts,2025-10-16T04:21:21.281Z
media_w1116928809_6784.ts,2025-10-16T04:21:34.106Z
media_w1827144185_6785.ts,2025-10-16T04:21:42.707Z
media_w362848332_6786.ts,2025-10-16T04:21:51.665Z
media_w36236585_6787.ts,2025-10-16T04:22:04.593Z
media_w547594201_6788.ts,2025-10-16T04:22:13.230Z
media_w767211270_6789.ts,2025-10-16T04:22:21.749Z
media_w1076152545_6790.ts,2025-10-16T04:22:34.558Z
media_w1896715412_6791.ts,2025-10-16T04:22:43.581Z
media_w1200804978_6792.ts,2025-10-16T04:22:52.397Z
media_w54695646_6793.ts,2025-10-16T04:23:01.097Z
media_w549010064_6794.ts,2025-10-16T04:23:13.782Z
media_w771489900_6795.ts,2025-10-16T04:23:22.275Z
media_w1830475112_6796.ts,2025-10-16T04:23:34.918Z
media_w1785642981_6797.ts,2025-10-16T04:23:43.570Z
media_w942800145_6798.ts,2025-10-16T04:23:52.319Z
media_w450241684_6799.ts,2025-10-16T04:24:01.073Z
media_w2045077715_6800.ts,2025-10-16T04:24:14.073Z
media_w1811443957_6801.ts,2025-10-16T04:24:22.708Z
media_w1277859595_6802.ts,2025-10-16T04:24:31.401Z
media_w1480756391_6803.ts,2025-10-16T04:24:44.106Z
media_w2031394098_6804.ts,2025-10-16T04:24:52.660Z
media_w1987937495_6805.ts,2025-10-16T04:25:05.330Z
media_w1717500211_6806.ts,2025-10-16T04:25:13.969Z
media_w1006042776_6807.ts,2025-10-16T04:25:23.090Z
media_w1739853616_6808.ts,2025-10-16T04:25:31.622Z
media_w392112046_6809.ts,2025-10-16T04:25:44.435Z
media_w1680782566_6810.ts,2025-10-16T04:25:53.249Z
media_w1794982210_6811.ts,2025-10-16T04:26:01.927Z
media_w1456096426_6812.ts,2025-10-16T04:26:15.045Z
media_w1389756945_6813.ts,2025-10-16T04:26:23.850Z
media_w2060123672_6814.ts,2025-10-16T04:26:32.540Z
media_w869412692_6815.ts,2025-10-16T04:26:41.030Z
media_w1351328694_6816.ts,2025-10-16T04:26:53.658Z
media_w1806865847_6817.ts,2025-10-16T04:27:02.218Z
media_w543107072_6818.ts,2025-10-16T04:27:10.975Z
media_w371144246_6819.ts,2025-10-16T04:27:23.962Z
media_w124490747_6820.ts,2025-10-16T04:27:32.617Z
media_w1525050661_6821.ts,2025-10-16T04:27:41.101Z
media_w546387435_6822.ts,2025-10-16T04:27:53.998Z
media_w875841922_6823.ts,2025-10-16T04:28:02.711Z
media_w1505412938_6824.ts,2025-10-16T04:28:15.349Z
media_w1847968273_6825.ts,2025-10-16T04:28:24.030Z
media_w1495334644_6826.ts,2025-10-16T04:28:32.756Z
media_w1767606806_6827.ts,2025-10-16T04:28:41.449Z
media_w1442037070_6828.ts,2025-10-16T04:28:54.354Z
media_w2100375188_6829.ts,2025-10-16T04:29:03.101Z
media_w1484445865_6830.ts,2025-10-16T04:29:11.623Z
media_w566431715_6831.ts,2025-10-16T04:29:24.400Z
media_w1140971445_6832.ts,2025-10-16T04:29:33.341Z
media_w2099228468_6833.ts,2025-10-16T04:29:42.090Z
media_w458168902_6834.ts,2025-10-16T04:29:55.107Z
media_w1366399587_6835.ts,2025-10-16T04:30:03.818Z
media_w163315888_6836.ts,2025-10-16T04:30:12.334Z
media_w1414775029_6837.ts,2025-10-16T04:30:21.037Z
media_w183183408_6838.ts,2025-10-16T04:30:33.967Z
media_w1017140685_6839.ts,2025-10-16T04:30:42.693Z
media_w1455099303_6840.ts,2025-10-16T04:30:51.198Z
media_w2126311915_6841.ts,2025-10-16T04:31:04.261Z
media_w1946510604_6842.ts,2025-10-16T04:31:12.983Z
media_w406593812_6843.ts,2025-10-16T04:31:21.519Z
media_w1976899067_6844.ts,2025-10-16T04:31:34.206Z
media_w1769661314_6845.ts,2025-10-16T04:31:43.073Z
media_w1108793377_6846.ts,2025-10-16T04:31:51.641Z
media_w1798727653_6847.ts,2025-10-16T04:32:04.618Z
media_w796444567_6848.ts,2025-10-16T04:32:13.390Z
media_w743901014_6849.ts,2025-10-16T04:32:22.260Z
media_w632139556_6850.ts,2025-10-16T04:32:35.066Z
media_w1262458398_6851.ts,2025-10-16T04:32:44.006Z
media_w574292074_6852.ts,2025-10-16T04:32:52.858Z
media_w934195710_6853.ts,2025-10-16T04:33:01.453Z
media_w1286225426_6854.ts,2025-10-16T04:33:14.194Z
media_w722133080_6855.ts,2025-10-16T04:33:22.837Z
media_w784961247_6856.ts,2025-10-16T04:33:31.674Z
media_w1869403745_6857.ts,2025-10-16T04:33:44.355Z
media_w632747430_6858.ts,2025-10-16T04:33:53.057Z
media_w220627347_6859.ts,2025-10-16T04:34:01.785Z
media_w962293448_6860.ts,2025-10-16T04:34:14.601Z
media_w1397689826_6861.ts,2025-10-16T04:34:23.182Z
media_w2106909548_6862.ts,2025-10-16T04:34:31.946Z
media_w1624733688_6863.ts,2025-10-16T04:34:44.782Z
media_w1292239458_6864.ts,2025-10-16T04:34:53.422Z
media_w716375865_6865.ts,2025-10-16T04:35:02.080Z
media_w509079570_6866.ts,2025-10-16T04:35:11.083Z
media_w1256323535_6867.ts,2025-10-16T04:35:24.079Z
media_w246463364_6868.ts,2025-10-16T04:35:32.837Z
media_w1308564523_6869.ts,2025-10-16T04:35:41.614Z
media_w177429992_6870.ts,2025-10-16T04:35:54.471Z
media_w1619486491_6871.ts,2025-10-16T04:36:03.309Z
media_w1352020072_6872.ts,2025-10-16T04:36:12.031Z
media_w1368479848_6873.ts,2025-10-16T04:36:24.841Z
media_w1578375868_6874.ts,2025-10-16T04:36:33.731Z
media_w759984366_6875.ts,2025-10-16T04:36:42.693Z
media_w371634734_6876.ts,2025-10-16T04:36:55.779Z
media_w796927916_6877.ts,2025-10-16T04:37:04.335Z
media_w860879154_6878.ts,2025-10-16T04:37:13.192Z
media_w1820606203_6879.ts,2025-10-16T04:37:22.026Z
media_w1191633269_6880.ts,2025-10-16T04:37:34.866Z
media_w1024475552_6881.ts,2025-10-16T04:37:43.615Z
media_w1848862398_6882.ts,2025-10-16T04:37:52.183Z
media_w1556818654_6883.ts,2025-10-16T04:38:00.807Z
media_w1272417907_6884.ts,2025-10-16T04:38:13.483Z
media_w576656294_6885.ts,2025-10-16T04:38:22.192Z
media_w1109527361_6886.ts,2025-10-16T04:38:35.027Z
media_w856072816_6887.ts,2025-10-16T04:38:43.751Z
media_w1591554571_6888.ts,2025-10-16T04:38:52.545Z
media_w415427285_6889.ts,2025-10-16T04:39:05.459Z
media_w1108301030_6890.ts,2025-10-16T04:39:14.140Z
media_w672876513_6891.ts,2025-10-16T04:39:22.980Z
media_w2032558657_6892.ts,2025-10-16T04:39:31.620Z
media_w792320819_6893.ts,2025-10-16T04:39:44.923Z
media_w590660246_6894.ts,2025-10-16T04:39:53.607Z
media_w2118140130_6895.ts,2025-10-16T04:40:02.543Z
media_w1652158051_6896.ts,2025-10-16T04:40:11.179Z
media_w871152376_6897.ts,2025-10-16T04:40:24.109Z
media_w174484954_6898.ts,2025-10-16T04:40:32.834Z
media_w1245056408_6899.ts,2025-10-16T04:40:41.580Z
media_w1098968889_6900.ts,2025-10-16T04:40:54.492Z
media_w1348771278_6901.ts,2025-10-16T04:41:03.110Z
media_w1134404362_6902.ts,2025-10-16T04:41:11.853Z
media_w2079191948_6903.ts,2025-10-16T04:41:24.757Z
media_w1660666474_6904.ts,2025-10-16T04:41:33.420Z
media_w97150494_6905.ts,2025-10-16T04:41:42.173Z
media_w1847531287_6906.ts,2025-10-16T04:41:50.855Z
media_w492668665_6907.ts,2025-10-16T04:42:03.683Z
media_w1364753959_6908.ts,2025-10-16T04:42:12.331Z
media_w2077064808_6909.ts,2025-10-16T04:42:21.083Z
media_w2035144828_6910.ts,2025-10-16T04:42:34.148Z
media_w795240398_6911.ts,2025-10-16T04:42:42.932Z
media_w1019071638_6912.ts,2025-10-16T04:42:55.737Z
media_w867952249_6913.ts,2025-10-16T04:43:04.579Z
media_w617637532_6914.ts,2025-10-16T04:43:13.169Z
media_w1595274534_6915.ts,2025-10-16T04:43:21.652Z
media_w608576729_6916.ts,2025-10-16T04:43:34.345Z
media_w1569407306_6917.ts,2025-10-16T04:43:42.814Z
media_w1491545035_6918.ts,2025-10-16T04:43:51.712Z
media_w1037965313_6919.ts,2025-10-16T04:44:04.520Z
media_w40886289_6920.ts,2025-10-16T04:44:13.301Z
media_w225295048_6921.ts,2025-10-16T04:44:21.934Z
media_w1446791583_6922.ts,2025-10-16T04:44:34.756Z
media_w779963812_6923.ts,2025-10-16T04:44:43.238Z
media_w171022331_6924.ts,2025-10-16T04:44:51.872Z
media_w1108855896_6925.ts,2025-10-16T04:45:00.824Z
media_w449556280_6926.ts,2025-10-16T04:45:13.693Z
media_w426825448_6927.ts,2025-10-16T04:45:22.464Z
media_w248996799_6928.ts,2025-10-16T04:45:35.301Z
media_w1269356339_6929.ts,2025-10-16T04:45:43.766Z
media_w1810094467_6930.ts,2025-10-16T04:45:52.646Z
media_w2054817523_6931.ts,2025-10-16T04:46:01.321Z
media_w2064820214_6932.ts,2025-10-16T04:46:14.056Z
media_w1278035282_6933.ts,2025-10-16T04:46:23.012Z
media_w281460482_6934.ts,2025-10-16T04:46:31.705Z
media_w2102376785_6935.ts,2025-10-16T04:46:44.752Z
media_w1484447466_6936.ts,2025-10-16T04:46:53.424Z
media_w174547146_6937.ts,2025-10-16T04:47:02.375Z
media_w1652063653_6938.ts,2025-10-16T04:47:11.235Z
media_w1397876616_6939.ts,2025-10-16T04:47:24.288Z
media_w2031696193_6940.ts,2025-10-16T04:47:33.193Z
media_w969859844_6941.ts,2025-10-16T04:47:41.939Z
media_w925965913_6942.ts,2025-10-16T04:47:54.860Z
media_w338028149_6943.ts,2025-10-16T04:48:03.711Z
media_w2011069168_6944.ts,2025-10-16T04:48:12.470Z
media_w1927621663_6945.ts,2025-10-16T04:48:25.576Z
media_w1579042400_6946.ts,2025-10-16T04:48:34.364Z
media_w1413067687_6947.ts,2025-10-16T04:48:43.040Z
media_w1192668412_6948.ts,2025-10-16T04:48:51.825Z
media_w1587032161_6949.ts,2025-10-16T04:49:04.645Z
media_w774580079_6950.ts,2025-10-16T04:49:13.404Z
media_w168139926_6951.ts,2025-10-16T04:49:22.446Z
media_w1523475021_6952.ts,2025-10-16T04:49:30.947Z
media_w1733319132_6953.ts,2025-10-16T04:49:44.028Z
media_w1032297493_6954.ts,2025-10-16T04:49:52.994Z
media_w107914509_6955.ts,2025-10-16T04:50:01.533Z
media_w1027713403_6956.ts,2025-10-16T04:50:14.328Z
media_w1969119028_6957.ts,2025-10-16T04:50:23.060Z
media_w1607282680_6958.ts,2025-10-16T04:50:31.603Z
media_w2068459511_6959.ts,2025-10-16T04:50:44.707Z
media_w331646480_6960.ts,2025-10-16T04:50:53.485Z
media_w152708083_6961.ts,2025-10-16T04:51:02.209Z
media_w122618854_6962.ts,2025-10-16T04:51:15.201Z
media_w718414798_6963.ts,2025-10-16T04:51:24.001Z
media_w1877506498_6964.ts,2025-10-16T04:51:32.697Z
media_w2125875732_6965.ts,2025-10-16T04:51:41.323Z
media_w2120543715_6966.ts,2025-10-16T04:51:53.993Z
media_w929909301_6967.ts,2025-10-16T04:52:02.757Z
media_w765656903_6968.ts,2025-10-16T04:52:11.551Z
media_w728184416_6969.ts,2025-10-16T04:52:24.414Z
media_w2134137384_6970.ts,2025-10-16T04:52:33.242Z
media_w264689579_6971.ts,2025-10-16T04:52:41.939Z
media_w1128405877_6972.ts,2025-10-16T04:52:54.754Z
media_w245160710_6973.ts,2025-10-16T04:53:03.490Z
media_w1386077207_6974.ts,2025-10-16T04:53:12.210Z
media_w533706838_6975.ts,2025-10-16T04:53:20.904Z
media_w1903143629_6976.ts,2025-10-16T04:53:33.880Z
media_w1662497327_6977.ts,2025-10-16T04:53:42.699Z
media_w1702512376_6978.ts,2025-10-16T04:53:51.445Z
media_w286169930_6979.ts,2025-10-16T04:54:04.430Z
media_w1684328062_6980.ts,2025-10-16T04:54:13.205Z
media_w1471724970_6981.ts,2025-10-16T04:54:22.045Z
media_w910304427_6982.ts,2025-10-16T04:54:34.835Z
media_w1641166020_6983.ts,2025-10-16T04:54:43.666Z
media_w1492347841_6984.ts,2025-10-16T04:54:52.490Z
media_w2133204987_6985.ts,2025-10-16T04:55:05.377Z
media_w1848903903_6986.ts,2025-10-16T04:55:14.145Z
media_w1294469110_6987.ts,2025-10-16T04:55:23.185Z
media_w96396449_6988.ts,2025-10-16T04:55:31.729Z
media_w704708380_6989.ts,2025-10-16T04:55:44.435Z
media_w996792800_6990.ts,2025-10-16T04:55:52.893Z
media_w1143105222_6991.ts,2025-10-16T04:56:01.379Z
media_w595288068_6992.ts,2025-10-16T04:56:14.778Z
media_w1031244116_6993.ts,2025-10-16T04:56:23.601Z
media_w1707225509_6994.ts,2025-10-16T04:56:32.437Z
media_w683304171_6995.ts,2025-10-16T04:56:41.316Z
media_w1806057014_6996.ts,2025-10-16T04:56:54.094Z
media_w2141712852_6997.ts,2025-10-16T04:57:02.785Z
media_w869241152_6998.ts,2025-10-16T04:57:15.762Z
media_w1179595211_6999.ts,2025-10-16T04:57:24.637Z
media_w161395082_7000.ts,2025-10-16T04:57:33.485Z
media_w127116951_7001.ts,2025-10-16T04:57:42.291Z
media_w865651929_7002.ts,2025-10-16T04:57:55.077Z
media_w1612666401_7003.ts,2025-10-16T04:58:03.830Z
media_w2141449081_7004.ts,2025-10-16T04:58:12.798Z
media_w782644412_7005.ts,2025-10-16T04:58:21.486Z
media_w864285293_7006.ts,2025-10-16T04:58:34.570Z
media_w399802860_7007.ts,2025-10-16T04:58:43.069Z
media_w28346697_7008.ts,2025-10-16T04:58:51.693Z
media_w1981493385_7009.ts,2025-10-16T04:59:04.414Z
media_w694083589_7010.ts,2025-10-16T04:59:13.075Z
media_w706163735_7011.ts,2025-10-16T04:59:21.742Z
media_w134738204_7012.ts,2025-10-16T04:59:34.598Z
media_w383385079_7013.ts,2025-10-16T04:59:43.258Z
media_w781373872_7014.ts,2025-10-16T04:59:52.081Z
media_w1931609095_7015.ts,2025-10-16T05:00:00.750Z
media_w1431151698_7016.ts,2025-10-16T05:00:13.622Z
media_w1636287519_7017.ts,2025-10-16T05:00:22.404Z
media_w117825534_7018.ts,2025-10-16T05:00:31.185Z
media_w2058741684_7019.ts,2025-10-16T05:00:44.538Z
media_w431936629_7020.ts,2025-10-16T05:00:53.566Z
media_w747503577_7021.ts,2025-10-16T05:01:02.535Z
media_w465550042_7022.ts,2025-10-16T05:01:11.093Z
media_w1176947974_7023.ts,2025-10-16T05:01:23.985Z
media_w1293107489_7024.ts,2025-10-16T05:01:32.737Z
media_w259627123_7025.ts,2025-10-16T05:01:41.595Z
media_w272153722_7026.ts,2025-10-16T05:01:54.514Z
media_w140062323_7027.ts,2025-10-16T05:02:03.181Z
media_w2126151306_7028.ts,2025-10-16T05:02:11.781Z
media_w1357465143_7029.ts,2025-10-16T05:02:24.650Z
media_w1585537719_7030.ts,2025-10-16T05:02:33.310Z
media_w425647075_7031.ts,2025-10-16T05:02:42.151Z
media_w1682933205_7032.ts,2025-10-16T05:02:50.926Z
media_w1562942230_7033.ts,2025-10-16T05:03:03.602Z
media_w1473297745_7034.ts,2025-10-16T05:03:12.238Z
media_w2117670057_7035.ts,2025-10-16T05:03:25.089Z
media_w1643528255_7036.ts,2025-10-16T05:03:33.935Z
media_w1141494949_7037.ts,2025-10-16T05:03:42.533Z
media_w1367574478_7038.ts,2025-10-16T05:03:51.268Z
media_w2106726398_7039.ts,2025-10-16T05:04:03.946Z
media_w751051791_7040.ts,2025-10-16T05:04:12.424Z
media_w1881668262_7041.ts,2025-10-16T05:04:21.192Z
media_w1100717763_7042.ts,2025-10-16T05:04:33.794Z
media_w590383497_7043.ts,2025-10-16T05:04:42.428Z
media_w1711236409_7044.ts,2025-10-16T05:04:55.207Z
media_w261219984_7045.ts,2025-10-16T05:05:04.006Z
media_w829609295_7046.ts,2025-10-16T05:05:12.795Z
media_w1679628507_7047.ts,2025-10-16T05:05:21.286Z
media_w379350754_7048.ts,2025-10-16T05:05:33.923Z
media_w207182652_7049.ts,2025-10-16T05:05:42.677Z
media_w1035718663_7050.ts,2025-10-16T05:05:55.411Z
media_w955291465_7051.ts,2025-10-16T05:06:04.072Z
media_w516513325_7052.ts,2025-10-16T05:06:12.944Z
media_w820131878_7053.ts,2025-10-16T05:06:21.717Z
media_w333311624_7054.ts,2025-10-16T05:06:34.549Z
media_w691887631_7055.ts,2025-10-16T05:06:43.464Z
media_w839882760_7056.ts,2025-10-16T05:06:52.189Z
media_w216356312_7057.ts,2025-10-16T05:07:01.005Z
media_w479139697_7058.ts,2025-10-16T05:07:13.826Z
media_w2028992145_7059.ts,2025-10-16T05:07:22.498Z
media_w532121725_7060.ts,2025-10-16T05:07:31.373Z
media_w1175839184_7061.ts,2025-10-16T05:07:44.189Z
media_w1396763518_7062.ts,2025-10-16T05:07:52.861Z
media_w206530657_7063.ts,2025-10-16T05:08:01.341Z
media_w1667773879_7064.ts,2025-10-16T05:08:14.163Z
media_w1455848486_7065.ts,2025-10-16T05:08:22.920Z
media_w995220141_7066.ts,2025-10-16T05:08:31.559Z
media_w670446488_7067.ts,2025-10-16T05:08:44.305Z
media_w1147612832_7068.ts,2025-10-16T05:08:52.944Z
media_w2035801132_7069.ts,2025-10-16T05:09:01.753Z
media_w435971022_7070.ts,2025-10-16T05:09:14.704Z
media_w1029729997_7071.ts,2025-10-16T05:09:23.302Z
media_w680120920_7072.ts,2025-10-16T05:09:31.923Z
media_w1090273701_7073.ts,2025-10-16T05:09:44.585Z
media_w737564026_7074.ts,2025-10-16T05:09:53.360Z
media_w124331513_7075.ts,2025-10-16T05:10:02.117Z
media_w976616220_7076.ts,2025-10-16T05:10:10.702Z
media_w1115488655_7077.ts,2025-10-16T05:10:23.618Z
media_w281578118_7078.ts,2025-10-16T05:10:32.177Z
media_w200307466_7079.ts,2025-10-16T05:10:44.964Z
media_w2110806563_7080.ts,2025-10-16T05:10:53.676Z
media_w1718273514_7081.ts,2025-10-16T05:11:02.445Z
media_w304686530_7082.ts,2025-10-16T05:11:11.205Z
media_w63389297_7083.ts,2025-10-16T05:11:24.149Z
media_w998084849_7084.ts,2025-10-16T05:11:32.870Z
media_w41915507_7085.ts,2025-10-16T05:11:41.681Z
media_w453823046_7086.ts,2025-10-16T05:11:54.625Z
media_w1051246509_7087.ts,2025-10-16T05:12:03.372Z
media_w1251085082_7088.ts,2025-10-16T05:12:12.097Z
media_w831779932_7089.ts,2025-10-16T05:12:24.853Z
media_w1561414930_7090.ts,2025-10-16T05:12:33.760Z
media_w1571885819_7091.ts,2025-10-16T05:12:42.404Z
media_w1330912964_7092.ts,2025-10-16T05:12:55.164Z
media_w482794729_7093.ts,2025-10-16T05:13:03.656Z
media_w1890058710_7094.ts,2025-10-16T05:13:12.285Z
media_w412240555_7095.ts,2025-10-16T05:13:20.897Z
media_w1890953845_7096.ts,2025-10-16T05:13:33.971Z
media_w934853704_7097.ts,2025-10-16T05:13:42.673Z
media_w1002526620_7098.ts,2025-10-16T05:13:51.399Z
media_w4477720_7099.ts,2025-10-16T05:14:04.054Z
media_w332984902_7100.ts,2025-10-16T05:14:12.714Z
media_w1985061960_7101.ts,2025-10-16T05:14:21.468Z
media_w1196778320_7102.ts,2025-10-16T05:14:34.291Z
media_w1801657121_7103.ts,2025-10-16T05:14:43.140Z
media_w1513668760_7104.ts,2025-10-16T05:14:51.606Z
media_w1217504203_7105.ts,2025-10-16T05:15:04.428Z
media_w700764862_7106.ts,2025-10-16T05:15:13.243Z
media_w961023835_7107.ts,2025-10-16T05:15:21.848Z
media_w1198558012_7108.ts,2025-10-16T05:15:34.619Z
media_w1600071204_7109.ts,2025-10-16T05:15:43.153Z
media_w2007454685_7110.ts,2025-10-16T05:15:51.860Z
media_w435340566_7111.ts,2025-10-16T05:16:04.756Z
media_w2137807524_7112.ts,2025-10-16T05:16:13.424Z
media_w352459826_7113.ts,2025-10-16T05:16:22.024Z
media_w397447933_7114.ts,2025-10-16T05:16:34.865Z
media_w609564572_7115.ts,2025-10-16T05:16:43.602Z
media_w1351631020_7116.ts,2025-10-16T05:16:52.393Z
media_w84491601_7117.ts,2025-10-16T05:17:05.335Z
media_w753865198_7118.ts,2025-10-16T05:17:14.114Z
media_w395375405_7119.ts,2025-10-16T05:17:22.708Z
media_w1907481758_7120.ts,2025-10-16T05:17:31.319Z
media_w56841666_7121.ts,2025-10-16T05:17:44.230Z
media_w298734401_7122.ts,2025-10-16T05:17:52.827Z
media_w791815944_7123.ts,2025-10-16T05:18:01.335Z
media_w676009769_7124.ts,2025-10-16T05:18:14.175Z
media_w607803402_7125.ts,2025-10-16T05:18:22.876Z
media_w260459278_7126.ts,2025-10-16T05:18:31.525Z
media_w849143386_7127.ts,2025-10-16T05:18:44.159Z
media_w1909340259_7128.ts,2025-10-16T05:18:52.982Z
media_w1571776460_7129.ts,2025-10-16T05:19:01.720Z
media_w408046937_7130.ts,2025-10-16T05:19:14.594Z
media_w1358190673_7131.ts,2025-10-16T05:19:23.138Z
media_w1229246370_7132.ts,2025-10-16T05:19:31.962Z
media_w1626406959_7133.ts,2025-10-16T05:19:45.087Z
media_w393775451_7134.ts,2025-10-16T05:19:53.738Z
media_w614961801_7135.ts,2025-10-16T05:20:02.356Z
media_w2031706484_7136.ts,2025-10-16T05:20:15.314Z
media_w1838689217_7137.ts,2025-10-16T05:20:23.989Z
media_w795391263_7138.ts,2025-10-16T05:20:32.803Z
media_w229563321_7139.ts,2025-10-16T05:20:41.479Z
media_w1336733558_7140.ts,2025-10-16T05:20:54.299Z
media_w602721907_7141.ts,2025-10-16T05:21:02.805Z
media_w198039835_7142.ts,2025-10-16T05:21:11.474Z
media_w1592111058_7143.ts,2025-10-16T05:21:24.367Z
media_w1438353534_7144.ts,2025-10-16T05:21:33.223Z
media_w1069247079_7145.ts,2025-10-16T05:21:41.828Z
media_w157796430_7146.ts,2025-10-16T05:21:54.655Z
media_w1160924873_7147.ts,2025-10-16T05:22:03.251Z
media_w1502967120_7148.ts,2025-10-16T05:22:11.942Z
media_w1350703574_7149.ts,2025-10-16T05:22:20.510Z
media_w581784259_7150.ts,2025-10-16T05:22:33.326Z
media_w1231427029_7151.ts,2025-10-16T05:22:41.976Z
media_w1544235166_7152.ts,2025-10-16T05:22:54.763Z
media_w2058284759_7153.ts,2025-10-16T05:23:03.251Z
media_w172567670_7154.ts,2025-10-16T05:23:11.895Z
media_w43211837_7155.ts,2025-10-16T05:23:24.806Z
media_w2020035284_7156.ts,2025-10-16T05:23:33.414Z
media_w2024929753_7157.ts,2025-10-16T05:23:41.955Z
media_w2057159289_7158.ts,2025-10-16T05:23:54.858Z
media_w508919403_7159.ts,2025-10-16T05:24:03.854Z
media_w293468500_7160.ts,2025-10-16T05:24:12.399Z
media_w1682569942_7161.ts,2025-10-16T05:24:25.287Z
media_w743618719_7162.ts,2025-10-16T05:24:34.051Z
media_w1131107225_7163.ts,2025-10-16T05:24:42.844Z
media_w1392576476_7164.ts,2025-10-16T05:24:51.506Z
media_w938143728_7165.ts,2025-10-16T05:25:04.326Z
media_w904179620_7166.ts,2025-10-16T05:25:13.466Z
media_w1906332068_7167.ts,2025-10-16T05:25:22.154Z
media_w868278441_7168.ts,2025-10-16T05:25:30.639Z
media_w716027557_7169.ts,2025-10-16T05:25:43.546Z
media_w1068092312_7170.ts,2025-10-16T05:25:52.178Z
media_w1106350475_7171.ts,2025-10-16T05:26:05.050Z
media_w831582060_7172.ts,2025-10-16T05:26:13.774Z
media_w957769990_7173.ts,2025-10-16T05:26:22.535Z
media_w1041198566_7174.ts,2025-10-16T05:26:35.386Z
media_w3426251_7175.ts,2025-10-16T05:26:44.035Z
media_w1998084376_7176.ts,2025-10-16T05:26:52.715Z
media_w1604261039_7177.ts,2025-10-16T05:27:01.439Z
media_w363424982_7178.ts,2025-10-16T05:27:14.348Z
media_w978807041_7179.ts,2025-10-16T05:27:22.993Z
media_w1986042489_7180.ts,2025-10-16T05:27:31.633Z
media_w421536727_7181.ts,2025-10-16T05:27:44.354Z
media_w2053925912_7182.ts,2025-10-16T05:27:53.162Z
media_w1234479780_7183.ts,2025-10-16T05:28:01.819Z
media_w40110315_7184.ts,2025-10-16T05:28:14.721Z
media_w2078678501_7185.ts,2025-10-16T05:28:23.467Z
media_w1744781357_7186.ts,2025-10-16T05:28:32.310Z
media_w56305643_7187.ts,2025-10-16T05:28:40.760Z
media_w849278945_7188.ts,2025-10-16T05:28:53.640Z
media_w1947958118_7189.ts,2025-10-16T05:29:02.278Z
media_w1433306834_7190.ts,2025-10-16T05:29:15.295Z
media_w1303443476_7191.ts,2025-10-16T05:29:24.013Z
media_w346200977_7192.ts,2025-10-16T05:29:32.850Z
media_w1686014704_7193.ts,2025-10-16T05:29:41.642Z
media_w1496528453_7194.ts,2025-10-16T05:29:54.675Z
media_w354922765_7195.ts,2025-10-16T05:30:03.496Z
media_w176482795_7196.ts,2025-10-16T05:30:12.179Z
media_w1904559291_7197.ts,2025-10-16T05:30:25.033Z
media_w1715152159_7198.ts,2025-10-16T05:30:33.519Z
media_w132368695_7199.ts,2025-10-16T05:30:41.985Z
media_w1874634122_7200.ts,2025-10-16T05:30:54.722Z
media_w2109630233_7201.ts,2025-10-16T05:31:03.241Z
media_w31066530_7202.ts,2025-10-16T05:31:11.754Z
media_w955027284_7203.ts,2025-10-16T05:31:24.638Z
media_w1491481798_7204.ts,2025-10-16T05:31:33.394Z
media_w862246338_7205.ts,2025-10-16T05:31:42.166Z
media_w539955907_7206.ts,2025-10-16T05:31:50.659Z
media_w1644442859_7207.ts,2025-10-16T05:32:03.546Z
media_w2145174096_7208.ts,2025-10-16T05:32:12.314Z
media_w1492707801_7209.ts,2025-10-16T05:32:25.379Z
media_w1247329996_7210.ts,2025-10-16T05:32:34.008Z
media_w2044336970_7211.ts,2025-10-16T05:32:42.504Z
media_w355807402_7212.ts,2025-10-16T05:32:51.149Z
media_w377781688_7213.ts,2025-10-16T05:33:04.948Z
media_w848724062_7214.ts,2025-10-16T05:33:13.447Z
media_w1872047284_7215.ts,2025-10-16T05:33:22.143Z
media_w2144982051_7216.ts,2025-10-16T05:33:34.770Z
media_w257854727_7217.ts,2025-10-16T05:33:43.418Z
media_w222175475_7218.ts,2025-10-16T05:33:52.058Z
media_w1456245590_7219.ts,2025-10-16T05:34:04.754Z
media_w1974881174_7220.ts,2025-10-16T05:34:13.401Z
media_w1514026076_7221.ts,2025-10-16T05:34:22.073Z
media_w1358697074_7222.ts,2025-10-16T05:34:34.886Z
media_w1471580561_7223.ts,2025-10-16T05:34:43.454Z
media_w1887442668_7224.ts,2025-10-16T05:34:52.014Z
media_w445523686_7225.ts,2025-10-16T05:35:04.623Z
media_w723799170_7226.ts,2025-10-16T05:35:13.349Z
media_w2121598431_7227.ts,2025-10-16T05:35:21.857Z
media_w203154746_7228.ts,2025-10-16T05:35:34.737Z
media_w1937811890_7229.ts,2025-10-16T05:35:43.290Z
media_w1873728546_7230.ts,2025-10-16T05:35:51.755Z
media_w1699761802_7231.ts,2025-10-16T05:36:04.513Z
media_w319451116_7232.ts,2025-10-16T05:36:13.034Z
media_w1315366326_7233.ts,2025-10-16T05:36:21.786Z
media_w2127419714_7234.ts,2025-10-16T05:36:34.561Z
media_w1940890679_7235.ts,2025-10-16T05:36:43.014Z
media_w469709264_7236.ts,2025-10-16T05:36:51.774Z
media_w1514868666_7237.ts,2025-10-16T05:37:04.366Z
media_w1528300194_7238.ts,2025-10-16T05:37:13.113Z
media_w683733481_7239.ts,2025-10-16T05:37:25.876Z
media_w276153704_7240.ts,2025-10-16T05:37:34.661Z
media_w1270830526_7241.ts,2025-10-16T05:37:43.118Z
media_w1862701406_7242.ts,2025-10-16T05:37:51.873Z
media_w1938086468_7243.ts,2025-10-16T05:38:04.833Z
media_w948118112_7244.ts,2025-10-16T05:38:13.282Z
media_w1289537069_7245.ts,2025-10-16T05:38:21.755Z
media_w1482716434_7246.ts,2025-10-16T05:38:34.585Z
media_w431099088_7247.ts,2025-10-16T05:38:43.248Z
media_w1799141808_7248.ts,2025-10-16T05:38:51.761Z
media_w1539890239_7249.ts,2025-10-16T05:39:04.498Z
media_w521919275_7250.ts,2025-10-16T05:39:13.092Z
media_w253719057_7251.ts,2025-10-16T05:39:21.650Z
media_w1296484663_7252.ts,2025-10-16T05:39:34.366Z
media_w1856118864_7253.ts,2025-10-16T05:39:42.969Z
media_w1361519910_7254.ts,2025-10-16T05:39:51.606Z
media_w838873012_7255.ts,2025-10-16T05:40:04.409Z
media_w249912309_7256.ts,2025-10-16T05:40:13.048Z
media_w961503576_7257.ts,2025-10-16T05:40:21.786Z
media_w114982208_7258.ts,2025-10-16T05:40:34.662Z
media_w1939130862_7259.ts,2025-10-16T05:40:43.277Z
media_w243001141_7260.ts,2025-10-16T05:40:51.987Z
media_w441247931_7261.ts,2025-10-16T05:41:04.558Z
media_w1708950262_7262.ts,2025-10-16T05:41:13.118Z
media_w2028611605_7263.ts,2025-10-16T05:41:21.655Z
media_w362566566_7264.ts,2025-10-16T05:41:34.541Z
media_w1506269860_7265.ts,2025-10-16T05:41:43.278Z
media_w1833593170_7266.ts,2025-10-16T05:41:51.907Z
media_w1557935363_7267.ts,2025-10-16T05:42:04.909Z
media_w160880161_7268.ts,2025-10-16T05:42:13.497Z
media_w553940866_7269.ts,2025-10-16T05:42:22.080Z
media_w540470784_7270.ts,2025-10-16T05:42:34.718Z
media_w1325489541_7271.ts,2025-10-16T05:42:43.404Z
media_w869589649_7272.ts,2025-10-16T05:42:52.060Z
media_w1219785358_7273.ts,2025-10-16T05:43:04.827Z
media_w274942239_7274.ts,2025-10-16T05:43:13.460Z
media_w1738981873_7275.ts,2025-10-16T05:43:22.070Z
media_w1617720330_7276.ts,2025-10-16T05:43:34.799Z
media_w1783037541_7277.ts,2025-10-16T05:43:43.383Z
media_w1221148824_7278.ts,2025-10-16T05:43:52.067Z
media_w1488333342_7279.ts,2025-10-16T05:44:00.640Z
media_w962113559_7280.ts,2025-10-16T05:44:13.403Z
media_w1740462326_7281.ts,2025-10-16T05:44:21.981Z
media_w1353298477_7282.ts,2025-10-16T05:44:34.692Z
media_w1456834276_7283.ts,2025-10-16T05:44:43.328Z
media_w1250060351_7284.ts,2025-10-16T05:44:51.888Z
media_w1249674277_7285.ts,2025-10-16T05:45:04.736Z
media_w25759559_7286.ts,2025-10-16T05:45:13.453Z
media_w1055101344_7287.ts,2025-10-16T05:45:22.252Z
media_w38212229_7288.ts,2025-10-16T05:45:30.812Z
media_w886997826_7289.ts,2025-10-16T05:45:43.733Z
media_w1223069420_7290.ts,2025-10-16T05:45:52.396Z
media_w38655922_7291.ts,2025-10-16T05:46:05.145Z
media_w802071272_7292.ts,2025-10-16T05:46:13.869Z
media_w719990975_7293.ts,2025-10-16T05:46:22.422Z
media_w644694812_7294.ts,2025-10-16T05:46:30.858Z
media_w37396589_7295.ts,2025-10-16T05:46:43.510Z
media_w1606754265_7296.ts,2025-10-16T05:46:52.154Z
media_w1020828435_7297.ts,2025-10-16T05:47:04.923Z
media_w1594762525_7298.ts,2025-10-16T05:47:13.370Z
media_w1049284095_7299.ts,2025-10-16T05:47:21.938Z
media_w19197499_7300.ts,2025-10-16T05:47:30.602Z
media_w428268140_7301.ts,2025-10-16T05:47:43.538Z
media_w1203344589_7302.ts,2025-10-16T05:47:52.097Z
media_w1911657963_7303.ts,2025-10-16T05:48:04.890Z
media_w1948066690_7304.ts,2025-10-16T05:48:13.746Z
media_w259073384_7305.ts,2025-10-16T05:48:22.479Z
media_w1724242602_7306.ts,2025-10-16T05:48:35.059Z
media_w1834237683_7307.ts,2025-10-16T05:48:43.616Z
media_w1439814588_7308.ts,2025-10-16T05:48:52.262Z
media_w1031245221_7309.ts,2025-10-16T05:49:00.829Z
media_w146638910_7310.ts,2025-10-16T05:49:13.675Z
media_w1373743647_7311.ts,2025-10-16T05:49:22.195Z
media_w589424932_7312.ts,2025-10-16T05:49:35.164Z
media_w1931253492_7313.ts,2025-10-16T05:49:43.875Z
media_w1792107980_7314.ts,2025-10-16T05:49:52.312Z
media_w1807916929_7315.ts,2025-10-16T05:50:00.910Z
media_w1337093651_7316.ts,2025-10-16T05:50:13.655Z
media_w805154986_7317.ts,2025-10-16T05:50:22.216Z
media_w1932669236_7318.ts,2025-10-16T05:50:34.971Z
media_w1074386589_7319.ts,2025-10-16T05:50:43.703Z
media_w1383222271_7320.ts,2025-10-16T05:50:52.359Z
media_w1987335833_7321.ts,2025-10-16T05:51:00.987Z
media_w119698942_7322.ts,2025-10-16T05:51:13.795Z
media_w440535336_7323.ts,2025-10-16T05:51:22.497Z
media_w1383644815_7324.ts,2025-10-16T05:51:31.340Z
media_w16334892_7325.ts,2025-10-16T05:51:43.960Z
media_w1400816528_7326.ts,2025-10-16T05:51:52.531Z
media_w529544353_7327.ts,2025-10-16T05:52:05.480Z
media_w1447943767_7328.ts,2025-10-16T05:52:14.136Z
media_w1811634914_7329.ts,2025-10-16T05:52:22.728Z
media_w792838813_7330.ts,2025-10-16T05:52:31.380Z
media_w1678648082_7331.ts,2025-10-16T05:52:44.047Z
media_w1762230580_7332.ts,2025-10-16T05:52:52.660Z
media_w1561410791_7333.ts,2025-10-16T05:53:01.140Z
media_w1788734297_7334.ts,2025-10-16T05:53:13.936Z
media_w1284603438_7335.ts,2025-10-16T05:53:22.377Z
media_w1776465742_7336.ts,2025-10-16T05:53:31.036Z
media_w225645997_7337.ts,2025-10-16T05:53:43.840Z
media_w663442554_7338.ts,2025-10-16T05:53:52.456Z
media_w855011784_7339.ts,2025-10-16T05:54:05.316Z
media_w1308473027_7340.ts,2025-10-16T05:54:13.763Z
media_w1094346253_7341.ts,2025-10-16T05:54:22.268Z
media_w822559342_7342.ts,2025-10-16T05:54:30.844Z
media_w1131088787_7343.ts,2025-10-16T05:54:43.628Z
media_w1654779327_7344.ts,2025-10-16T05:54:52.235Z
media_w855664905_7345.ts,2025-10-16T05:55:05.380Z
media_w1225648010_7346.ts,2025-10-16T05:55:14.073Z
media_w813358127_7347.ts,2025-10-16T05:55:22.788Z
media_w183972859_7348.ts,2025-10-16T05:55:35.660Z
media_w393765557_7349.ts,2025-10-16T05:55:44.249Z
media_w1571349203_7350.ts,2025-10-16T05:55:52.920Z
media_w475121228_7351.ts,2025-10-16T05:56:01.530Z
media_w278212886_7352.ts,2025-10-16T05:56:14.433Z
media_w563701220_7353.ts,2025-10-16T05:56:23.030Z
media_w915883781_7354.ts,2025-10-16T05:56:31.758Z
media_w147393202_7355.ts,2025-10-16T05:56:44.478Z
media_w1112489745_7356.ts,2025-10-16T05:56:53.035Z
media_w1882678387_7357.ts,2025-10-16T05:57:01.633Z
media_w1852724157_7358.ts,2025-10-16T05:57:14.394Z
media_w1636551350_7359.ts,2025-10-16T05:57:23.000Z
media_w277954373_7360.ts,2025-10-16T05:57:31.597Z
media_w1302829938_7361.ts,2025-10-16T05:57:44.353Z
media_w220580641_7362.ts,2025-10-16T05:57:53.047Z
media_w360960966_7363.ts,2025-10-16T05:58:01.744Z
media_w772547099_7364.ts,2025-10-16T05:58:14.541Z
media_w1508403291_7365.ts,2025-10-16T05:58:23.114Z
media_w1686311782_7366.ts,2025-10-16T05:58:31.765Z
media_w1280850928_7367.ts,2025-10-16T05:58:44.512Z
media_w1961750336_7368.ts,2025-10-16T05:58:53.245Z
media_w248080534_7369.ts,2025-10-16T05:59:01.895Z
media_w1865351053_7370.ts,2025-10-16T05:59:14.569Z
media_w1569535080_7371.ts,2025-10-16T05:59:23.089Z
media_w1153291424_7372.ts,2025-10-16T05:59:31.725Z
media_w1654527296_7373.ts,2025-10-16T05:59:44.370Z
media_w1200355682_7374.ts,2025-10-16T05:59:52.846Z
media_w1888381073_7375.ts,2025-10-16T06:00:01.415Z
media_w1080382293_7376.ts,2025-10-16T06:00:14.204Z
media_w1499876323_7377.ts,2025-10-16T06:00:22.884Z
media_w2017278798_7378.ts,2025-10-16T06:00:31.398Z
media_w1337863568_7379.ts,2025-10-16T06:00:44.192Z
media_w728891640_7380.ts,2025-10-16T06:00:52.710Z
media_w1436968382_7381.ts,2025-10-16T06:01:01.188Z
media_w1997148136_7382.ts,2025-10-16T06:01:13.978Z
media_w2076158841_7383.ts,2025-10-16T06:01:22.756Z
media_w2145292436_7384.ts,2025-10-16T06:01:31.334Z
media_w215086210_7385.ts,2025-10-16T06:01:43.958Z
media_w876113075_7386.ts,2025-10-16T06:01:52.631Z
media_w1445374506_7387.ts,2025-10-16T06:02:01.350Z
media_w738740055_7388.ts,2025-10-16T06:02:14.056Z
media_w348232121_7389.ts,2025-10-16T06:02:22.572Z
media_w1240572727_7390.ts,2025-10-16T06:02:35.413Z
media_w799486398_7391.ts,2025-10-16T06:02:43.895Z
media_w965155620_7392.ts,2025-10-16T06:02:52.450Z
media_w1376857967_7393.ts,2025-10-16T06:03:01.150Z
media_w365529230_7394.ts,2025-10-16T06:03:13.959Z
media_w375659223_7395.ts,2025-10-16T06:03:22.513Z
media_w421456499_7396.ts,2025-10-16T06:03:35.378Z
media_w1802458570_7397.ts,2025-10-16T06:03:44.066Z
media_w443460863_7398.ts,2025-10-16T06:03:52.598Z
media_w877124031_7399.ts,2025-10-16T06:04:01.278Z
media_w555669034_7400.ts,2025-10-16T06:04:14.048Z
media_w141670478_7401.ts,2025-10-16T06:04:22.612Z
media_w1850833780_7402.ts,2025-10-16T06:04:31.302Z
media_w2038649722_7403.ts,2025-10-16T06:04:44.054Z
media_w1520542323_7404.ts,2025-10-16T06:04:52.516Z
media_w1293293376_7405.ts,2025-10-16T06:05:01.274Z
media_w651335080_7406.ts,2025-10-16T06:05:14.122Z
media_w846380264_7407.ts,2025-10-16T06:05:22.675Z
media_w649986592_7408.ts,2025-10-16T06:05:31.259Z
media_w487971609_7409.ts,2025-10-16T06:05:43.999Z
media_w1464066372_7410.ts,2025-10-16T06:05:52.637Z
media_w414140826_7411.ts,2025-10-16T06:06:01.242Z
media_w1604146559_7412.ts,2025-10-16T06:06:13.927Z
media_w774646611_7413.ts,2025-10-16T06:06:22.628Z
media_w1538037853_7414.ts,2025-10-16T06:06:31.079Z
media_w121225293_7415.ts,2025-10-16T06:06:43.844Z
media_w11627148_7416.ts,2025-10-16T06:06:52.468Z
media_w629234056_7417.ts,2025-10-16T06:07:05.210Z
media_w1057762006_7418.ts,2025-10-16T06:07:13.838Z
media_w1971875803_7419.ts,2025-10-16T06:07:22.495Z
media_w180264639_7420.ts,2025-10-16T06:07:30.951Z
media_w175655694_7421.ts,2025-10-16T06:07:43.741Z
media_w1178300120_7422.ts,2025-10-16T06:07:52.368Z
media_w1940875204_7423.ts,2025-10-16T06:08:05.151Z
media_w512135292_7424.ts,2025-10-16T06:08:13.911Z
media_w693663321_7425.ts,2025-10-16T06:08:22.577Z
media_w1798984645_7426.ts,2025-10-16T06:08:31.203Z
media_w1943665027_7427.ts,2025-10-16T06:08:43.975Z
media_w1596451012_7428.ts,2025-10-16T06:08:52.580Z
media_w1200790886_7429.ts,2025-10-16T06:09:01.188Z
media_w1680658649_7430.ts,2025-10-16T06:09:13.848Z
media_w288662142_7431.ts,2025-10-16T06:09:22.349Z
media_w1422713154_7432.ts,2025-10-16T06:09:30.883Z
media_w1017565980_7433.ts,2025-10-16T06:09:43.966Z
media_w1385665855_7434.ts,2025-10-16T06:09:52.567Z
media_w1728073167_7435.ts,2025-10-16T06:10:01.127Z
media_w755924452_7436.ts,2025-10-16T06:10:13.897Z
media_w1500848714_7437.ts,2025-10-16T06:10:22.343Z
media_w506229004_7438.ts,2025-10-16T06:10:34.979Z
media_w423965718_7439.ts,2025-10-16T06:10:43.656Z
media_w1640380460_7440.ts,2025-10-16T06:10:52.348Z
media_w1893880775_7441.ts,2025-10-16T06:11:00.955Z
media_w316146651_7442.ts,2025-10-16T06:11:13.878Z
media_w637674925_7443.ts,2025-10-16T06:11:22.356Z
media_w1061259898_7444.ts,2025-10-16T06:11:35.000Z
media_w1486494548_7445.ts,2025-10-16T06:11:43.613Z
media_w782956352_7446.ts,2025-10-16T06:11:52.307Z
media_w1273985636_7447.ts,2025-10-16T06:12:00.819Z
media_w2143810421_7448.ts,2025-10-16T06:12:13.625Z
media_w324859159_7449.ts,2025-10-16T06:12:22.315Z
media_w1528130245_7450.ts,2025-10-16T06:12:35.206Z
media_w1320225292_7451.ts,2025-10-16T06:12:43.807Z
media_w743990992_7452.ts,2025-10-16T06:12:52.359Z
media_w1837540358_7453.ts,2025-10-16T06:13:00.998Z
media_w359728685_7454.ts,2025-10-16T06:13:13.659Z
media_w753312395_7455.ts,2025-10-16T06:13:22.306Z
media_w1215809495_7456.ts,2025-10-16T06:13:35.067Z
media_w783099277_7457.ts,2025-10-16T06:13:43.648Z
media_w1638606929_7458.ts,2025-10-16T06:13:52.252Z
media_w1766724001_7459.ts,2025-10-16T06:14:05.061Z
media_w25682106_7460.ts,2025-10-16T06:14:13.660Z
media_w1986494896_7461.ts,2025-10-16T06:14:22.444Z
media_w985364177_7462.ts,2025-10-16T06:14:31.107Z
media_w1593889943_7463.ts,2025-10-16T06:14:43.791Z
media_w446546439_7464.ts,2025-10-16T06:14:52.469Z
media_w2073294571_7465.ts,2025-10-16T06:15:05.216Z
media_w1816791753_7466.ts,2025-10-16T06:15:13.641Z
media_w916604294_7467.ts,2025-10-16T06:15:22.332Z
media_w172877127_7468.ts,2025-10-16T06:15:30.796Z
media_w917205553_7469.ts,2025-10-16T06:15:43.461Z
media_w1360536828_7470.ts,2025-10-16T06:15:52.145Z
media_w36123873_7471.ts,2025-10-16T06:16:05.094Z
media_w997180813_7472.ts,2025-10-16T06:16:14.957Z
media_w732105367_7473.ts,2025-10-16T06:16:23.821Z
media_w540579323_7474.ts,2025-10-16T06:16:32.630Z
media_w73187969_7475.ts,2025-10-16T06:16:41.322Z
media_w386221822_7476.ts,2025-10-16T06:16:54.430Z
media_w167439292_7477.ts,2025-10-16T06:17:03.197Z
media_w2049367968_7478.ts,2025-10-16T06:17:12.107Z
media_w2118338199_7479.ts,2025-10-16T06:17:25.018Z
media_w703346985_7480.ts,2025-10-16T06:17:33.685Z
media_w184712926_7481.ts,2025-10-16T06:17:42.567Z
media_w1859383707_7482.ts,2025-10-16T06:17:55.439Z
media_w1019229842_7483.ts,2025-10-16T06:18:04.033Z
media_w1175280462_7484.ts,2025-10-16T06:18:12.688Z
media_w485306218_7485.ts,2025-10-16T06:18:21.400Z
media_w967097801_7486.ts,2025-10-16T06:18:34.144Z
media_w425989465_7487.ts,2025-10-16T06:18:42.661Z
media_w2137441040_7488.ts,2025-10-16T06:18:51.372Z
media_w1937996474_7489.ts,2025-10-16T06:19:04.060Z
media_w1476088844_7490.ts,2025-10-16T06:19:12.727Z
media_w1741092317_7491.ts,2025-10-16T06:19:21.392Z
media_w1085132887_7492.ts,2025-10-16T06:19:34.144Z
media_w746796455_7493.ts,2025-10-16T06:19:42.834Z
media_w1252530407_7494.ts,2025-10-16T06:19:51.473Z
media_w188313206_7495.ts,2025-10-16T06:20:04.148Z
media_w1216959727_7496.ts,2025-10-16T06:20:12.635Z
media_w398405872_7497.ts,2025-10-16T06:20:21.231Z
media_w727518515_7498.ts,2025-10-16T06:20:34.084Z
media_w1494454802_7499.ts,2025-10-16T06:20:42.722Z
media_w1509566717_7500.ts,2025-10-16T06:20:51.344Z
media_w2083246884_7501.ts,2025-10-16T06:21:04.165Z
media_w1584276000_7502.ts,2025-10-16T06:21:12.789Z
media_w600895832_7503.ts,2025-10-16T06:21:25.649Z
media_w1954982983_7504.ts,2025-10-16T06:21:34.080Z
media_w850758063_7505.ts,2025-10-16T06:21:42.761Z
media_w398038212_7506.ts,2025-10-16T06:21:51.357Z
media_w1994024403_7507.ts,2025-10-16T06:22:04.097Z
media_w1293164654_7508.ts,2025-10-16T06:22:12.598Z
media_w635300563_7509.ts,2025-10-16T06:22:21.152Z
media_w497161252_7510.ts,2025-10-16T06:22:33.892Z
media_w1981043987_7511.ts,2025-10-16T06:22:42.345Z
media_w1526067081_7512.ts,2025-10-16T06:22:50.957Z
media_w915368716_7513.ts,2025-10-16T06:23:03.652Z
media_w1840400842_7514.ts,2025-10-16T06:23:12.252Z
media_w1128425056_7515.ts,2025-10-16T06:23:25.089Z
media_w1271327732_7516.ts,2025-10-16T06:23:33.714Z
media_w629668492_7517.ts,2025-10-16T06:23:42.501Z
media_w1461613641_7518.ts,2025-10-16T06:23:51.093Z
media_w726689526_7519.ts,2025-10-16T06:24:03.840Z
media_w1764734531_7520.ts,2025-10-16T06:24:12.473Z
media_w1047442062_7521.ts,2025-10-16T06:24:21.021Z
media_w1203647207_7522.ts,2025-10-16T06:24:33.673Z
media_w800553546_7523.ts,2025-10-16T06:24:42.269Z
media_w842589789_7524.ts,2025-10-16T06:24:54.974Z
media_w1901209633_7525.ts,2025-10-16T06:25:03.568Z
media_w126506636_7526.ts,2025-10-16T06:25:12.174Z
media_w511680134_7527.ts,2025-10-16T06:25:20.804Z
media_w336249451_7528.ts,2025-10-16T06:25:33.441Z
media_w511728880_7529.ts,2025-10-16T06:25:41.942Z
media_w1256929129_7530.ts,2025-10-16T06:25:54.605Z
media_w1274138013_7531.ts,2025-10-16T06:26:03.225Z
media_w628697957_7532.ts,2025-10-16T06:26:11.706Z
media_w1571805809_7533.ts,2025-10-16T06:26:24.433Z
media_w277906110_7534.ts,2025-10-16T06:26:33.053Z
media_w1942455861_7535.ts,2025-10-16T06:26:41.561Z
media_w988790191_7536.ts,2025-10-16T06:26:54.145Z
media_w824116196_7537.ts,2025-10-16T06:27:02.574Z
media_w1647819329_7538.ts,2025-10-16T06:27:11.146Z
media_w674838025_7539.ts,2025-10-16T06:27:23.929Z
media_w1895347676_7540.ts,2025-10-16T06:27:32.670Z
media_w26195568_7541.ts,2025-10-16T06:27:41.293Z
media_w1857099682_7542.ts,2025-10-16T06:27:54.289Z
media_w1333020956_7543.ts,2025-10-16T06:28:02.856Z
media_w960532535_7544.ts,2025-10-16T06:28:11.385Z
media_w1397138130_7545.ts,2025-10-16T06:28:24.225Z
media_w723768631_7546.ts,2025-10-16T06:28:32.778Z
media_w1836726052_7547.ts,2025-10-16T06:28:45.573Z
media_w1803824232_7548.ts,2025-10-16T06:28:54.166Z
media_w417937305_7549.ts,2025-10-16T06:29:02.841Z
media_w304998041_7550.ts,2025-10-16T06:29:11.417Z
media_w205439711_7551.ts,2025-10-16T06:29:24.029Z
media_w1869172498_7552.ts,2025-10-16T06:29:32.748Z
media_w1333354224_7553.ts,2025-10-16T06:29:41.209Z
media_w1829504560_7554.ts,2025-10-16T06:29:53.957Z
media_w1078770767_7555.ts,2025-10-16T06:30:02.531Z
media_w275725510_7556.ts,2025-10-16T06:30:11.109Z
media_w1334115619_7557.ts,2025-10-16T06:30:23.862Z
media_w2005048965_7558.ts,2025-10-16T06:30:32.366Z
media_w278291354_7559.ts,2025-10-16T06:30:45.094Z
media_w2037486117_7560.ts,2025-10-16T06:30:53.658Z
media_w1650743931_7561.ts,2025-10-16T06:31:02.290Z
media_w1616351363_7562.ts,2025-10-16T06:31:10.833Z
media_w1703937367_7563.ts,2025-10-16T06:31:23.535Z
media_w1559628558_7564.ts,2025-10-16T06:31:32.104Z
media_w1650058544_7565.ts,2025-10-16T06:31:44.769Z
media_w328318152_7566.ts,2025-10-16T06:31:53.388Z
media_w1528948563_7567.ts,2025-10-16T06:32:01.930Z
media_w328995764_7568.ts,2025-10-16T06:32:14.633Z
media_w1936256842_7569.ts,2025-10-16T06:32:23.117Z
media_w690241821_7570.ts,2025-10-16T06:32:31.725Z
media_w917617131_7571.ts,2025-10-16T06:32:44.385Z
media_w928692822_7572.ts,2025-10-16T06:32:53.160Z
media_w534108041_7573.ts,2025-10-16T06:33:01.705Z
media_w273135674_7574.ts,2025-10-16T06:33:14.630Z
media_w304231012_7575.ts,2025-10-16T06:33:23.093Z
media_w1649357632_7576.ts,2025-10-16T06:33:31.794Z
media_w350814072_7577.ts,2025-10-16T06:33:44.498Z
media_w1364711365_7578.ts,2025-10-16T06:33:53.059Z
media_w1100847284_7579.ts,2025-10-16T06:34:01.492Z
media_w590883813_7580.ts,2025-10-16T06:34:14.225Z
media_w1725337983_7581.ts,2025-10-16T06:34:23.013Z
media_w1619104293_7582.ts,2025-10-16T06:34:31.696Z
media_w88966079_7583.ts,2025-10-16T06:34:44.398Z
media_w123857815_7584.ts,2025-10-16T06:34:53.241Z
media_w855340231_7585.ts,2025-10-16T06:35:01.830Z
media_w198564949_7586.ts,2025-10-16T06:35:14.563Z
media_w371916410_7587.ts,2025-10-16T06:35:23.259Z
media_w1979363183_7588.ts,2025-10-16T06:35:31.846Z
media_w1786759621_7589.ts,2025-10-16T06:35:44.637Z
media_w1194936361_7590.ts,2025-10-16T06:35:53.309Z
media_w464071851_7591.ts,2025-10-16T06:36:01.834Z
media_w1017926756_7592.ts,2025-10-16T06:36:14.561Z
media_w1520295955_7593.ts,2025-10-16T06:36:23.262Z
media_w1592242480_7594.ts,2025-10-16T06:36:31.838Z
media_w299319199_7595.ts,2025-10-16T06:36:44.590Z
media_w395175826_7596.ts,2025-10-16T06:36:53.126Z
media_w2139240354_7597.ts,2025-10-16T06:37:01.657Z
media_w373485409_7598.ts,2025-10-16T06:37:14.337Z
media_w773142970_7599.ts,2025-10-16T06:37:22.926Z
media_w1302595827_7600.ts,2025-10-16T06:37:31.389Z
media_w339637394_7601.ts,2025-10-16T06:37:44.249Z
media_w1730158151_7602.ts,2025-10-16T06:37:52.822Z
media_w997501730_7603.ts,2025-10-16T06:38:01.513Z
media_w323769723_7604.ts,2025-10-16T06:38:14.162Z
media_w1610927909_7605.ts,2025-10-16T06:38:22.868Z
media_w1149960561_7606.ts,2025-10-16T06:38:31.498Z
media_w2117913316_7607.ts,2025-10-16T06:38:44.275Z
media_w1465873597_7608.ts,2025-10-16T06:38:52.818Z
media_w1406042380_7609.ts,2025-10-16T06:39:01.391Z
media_w591265698_7610.ts,2025-10-16T06:39:14.130Z
media_w1319100704_7611.ts,2025-10-16T06:39:22.714Z
media_w778061334_7612.ts,2025-10-16T06:39:35.454Z
media_w1258794328_7613.ts,2025-10-16T06:39:43.982Z
media_w1104084040_7614.ts,2025-10-16T06:39:52.522Z
media_w490015626_7615.ts,2025-10-16T06:40:01.173Z
media_w1742820226_7616.ts,2025-10-16T06:40:13.998Z
media_w1217979477_7617.ts,2025-10-16T06:40:22.578Z
media_w1574677003_7618.ts,2025-10-16T06:40:31.389Z
media_w1804675405_7619.ts,2025-10-16T06:40:44.206Z
media_w606057253_7620.ts,2025-10-16T06:40:52.822Z
media_w9397308_7621.ts,2025-10-16T06:41:01.493Z
media_w2145890596_7622.ts,2025-10-16T06:41:14.091Z
media_w1662169373_7623.ts,2025-10-16T06:41:22.766Z
media_w421543758_7624.ts,2025-10-16T06:41:31.341Z
media_w484419037_7625.ts,2025-10-16T06:41:44.067Z
media_w1297149308_7626.ts,2025-10-16T06:41:52.502Z
media_w632335670_7627.ts,2025-10-16T06:42:01.041Z
media_w383241459_7628.ts,2025-10-16T06:42:13.766Z
media_w308957878_7629.ts,2025-10-16T06:42:22.214Z
media_w191212068_7630.ts,2025-10-16T06:42:35.022Z
media_w63189422_7631.ts,2025-10-16T06:42:43.695Z
media_w914976648_7632.ts,2025-10-16T06:42:52.239Z
media_w1926815575_7633.ts,2025-10-16T06:43:05.028Z
media_w527239599_7634.ts,2025-10-16T06:43:13.571Z
media_w64426701_7635.ts,2025-10-16T06:43:22.031Z
media_w1897688359_7636.ts,2025-10-16T06:43:34.786Z
media_w390891737_7637.ts,2025-10-16T06:43:43.291Z
media_w2022360804_7638.ts,2025-10-16T06:43:51.900Z
media_w1534393139_7639.ts,2025-10-16T06:44:04.642Z
                                                   media_w1384442850_7670.ts,2025-10-16T06:49:32.234Z
media_w1384442850_7671.ts,2025-10-16T06:49:32.506Z
media_w1384442850_7672.ts,2025-10-16T06:49:32.812Z
media_w1340544312_7673.ts,2025-10-16T06:49:41.457Z
media_w456467747_7674.ts,2025-10-16T06:49:54.263Z
media_w1620201805_7675.ts,2025-10-16T06:50:03.020Z
media_w1806536180_7676.ts,2025-10-16T06:50:11.631Z
media_w2071302032_7677.ts,2025-10-16T06:50:24.404Z
media_w2022696288_7678.ts,2025-10-16T06:50:33.125Z
media_w1473454358_7679.ts,2025-10-16T06:50:41.873Z
media_w1668040673_7680.ts,2025-10-16T06:50:54.641Z
media_w188924614_7681.ts,2025-10-16T06:51:03.225Z
media_w398632021_7682.ts,2025-10-16T06:51:11.820Z
media_w1308609283_7683.ts,2025-10-16T06:51:24.501Z
media_w417243470_7684.ts,2025-10-16T06:51:33.096Z
media_w1352606753_7685.ts,2025-10-16T06:51:41.873Z
media_w1404995758_7686.ts,2025-10-16T06:51:54.761Z
media_w540978953_7687.ts,2025-10-16T06:52:03.505Z
media_w1297100561_7688.ts,2025-10-16T06:52:12.308Z
media_w1816273839_7689.ts,2025-10-16T06:52:25.086Z
media_w252113187_7690.ts,2025-10-16T06:52:33.671Z
media_w795327736_7691.ts,2025-10-16T06:52:42.122Z
media_w124247250_7692.ts,2025-10-16T06:52:50.561Z
media_w1631751780_7693.ts,2025-10-16T06:53:03.169Z
media_w2008023778_7694.ts,2025-10-16T06:53:11.804Z
media_w1868364900_7695.ts,2025-10-16T06:53:24.411Z
media_w1582103109_7696.ts,2025-10-16T06:53:32.975Z
media_w1804707825_7697.ts,2025-10-16T06:53:41.607Z
media_w198113772_7698.ts,2025-10-16T06:53:54.267Z
media_w2122368568_7699.ts,2025-10-16T06:54:02.876Z
media_w1448500729_7700.ts,2025-10-16T06:54:11.574Z
media_w770566921_7701.ts,2025-10-16T06:54:24.366Z
media_w1029714707_7702.ts,2025-10-16T06:54:33.067Z
media_w1192152430_7703.ts,2025-10-16T06:54:41.725Z
media_w1578261382_7704.ts,2025-10-16T06:54:54.624Z
media_w665858826_7705.ts,2025-10-16T06:55:03.232Z
media_w59147530_7706.ts,2025-10-16T06:55:11.701Z
media_w1119792223_7707.ts,2025-10-16T06:55:24.425Z
media_w1463260675_7708.ts,2025-10-16T06:55:33.327Z
media_w399524921_7709.ts,2025-10-16T06:55:41.889Z
media_w1060415780_7710.ts,2025-10-16T06:55:54.506Z
media_w378759588_7711.ts,2025-10-16T06:56:03.102Z
media_w458044663_7712.ts,2025-10-16T06:56:11.709Z
media_w960699918_7713.ts,2025-10-16T06:56:24.424Z
media_w831807812_7714.ts,2025-10-16T06:56:32.902Z
media_w1920972145_7715.ts,2025-10-16T06:56:41.333Z
media_w734584353_7716.ts,2025-10-16T06:56:54.092Z
media_w348730354_7717.ts,2025-10-16T06:57:02.736Z
media_w820009715_7718.ts,2025-10-16T06:57:11.232Z
media_w303149622_7719.ts,2025-10-16T06:57:24.023Z
media_w1451018247_7720.ts,2025-10-16T06:57:32.599Z
media_w1305978233_7721.ts,2025-10-16T06:57:45.236Z
media_w828029595_7722.ts,2025-10-16T06:57:53.871Z
media_w2077194852_7723.ts,2025-10-16T06:58:02.520Z
media_w810830946_7724.ts,2025-10-16T06:58:11.108Z
media_w378299748_7725.ts,2025-10-16T06:58:24.031Z
media_w1428325225_7726.ts,2025-10-16T06:58:32.644Z
media_w1291402291_7727.ts,2025-10-16T06:58:41.204Z
media_w1863051190_7728.ts,2025-10-16T06:58:53.890Z
media_w862054131_7729.ts,2025-10-16T06:59:02.492Z
media_w1264816423_7730.ts,2025-10-16T06:59:11.039Z
media_w1919320341_7731.ts,2025-10-16T06:59:23.903Z
media_w1284039758_7732.ts,2025-10-16T06:59:32.628Z
media_w1567813671_7733.ts,2025-10-16T06:59:41.215Z
media_w1048713810_7734.ts,2025-10-16T06:59:54.063Z
media_w579461659_7735.ts,2025-10-16T07:00:02.557Z
media_w1727921873_7736.ts,2025-10-16T07:00:11.039Z
media_w2118219204_7737.ts,2025-10-16T07:00:23.846Z
media_w204111241_7738.ts,2025-10-16T07:00:32.655Z
media_w189885701_7739.ts,2025-10-16T07:00:41.272Z
media_w545888770_7740.ts,2025-10-16T07:00:53.872Z
media_w283882998_7741.ts,2025-10-16T07:01:02.383Z
media_w1613038149_7742.ts,2025-10-16T07:01:15.135Z
media_w2143439900_7743.ts,2025-10-16T07:01:23.572Z
media_w1382286166_7744.ts,2025-10-16T07:01:32.168Z
media_w102332263_7745.ts,2025-10-16T07:01:44.979Z
media_w1938098379_7746.ts,2025-10-16T07:01:53.575Z
media_w1150230855_7747.ts,2025-10-16T07:02:02.248Z
media_w1356778171_7748.ts,2025-10-16T07:02:15.156Z
media_w1081609335_7749.ts,2025-10-16T07:02:23.872Z
media_w1595299688_7750.ts,2025-10-16T07:02:32.660Z
media_w1299764964_7751.ts,2025-10-16T07:02:41.215Z
media_w467635366_7752.ts,2025-10-16T07:02:54.112Z
media_w55816780_7753.ts,2025-10-16T07:03:02.792Z
media_w1108731317_7754.ts,2025-10-16T07:03:11.483Z
media_w302663974_7755.ts,2025-10-16T07:03:24.275Z
media_w169651855_7756.ts,2025-10-16T07:03:32.869Z
media_w1663523715_7757.ts,2025-10-16T07:03:41.517Z
media_w1204408673_7758.ts,2025-10-16T07:03:54.456Z
media_w822070013_7759.ts,2025-10-16T07:04:03.105Z
media_w46620389_7760.ts,2025-10-16T07:04:11.601Z
media_w1133770478_7761.ts,2025-10-16T07:04:24.496Z
media_w422159117_7762.ts,2025-10-16T07:04:33.200Z
media_w1655367849_7763.ts,2025-10-16T07:04:41.720Z
media_w1961636294_7764.ts,2025-10-16T07:04:54.338Z
media_w24796700_7765.ts,2025-10-16T07:05:02.980Z
media_w1545126032_7766.ts,2025-10-16T07:05:11.600Z
media_w2035697641_7767.ts,2025-10-16T07:05:24.333Z
media_w24989414_7768.ts,2025-10-16T07:05:33.117Z
media_w2140168882_7769.ts,2025-10-16T07:05:41.569Z
media_w1417852672_7770.ts,2025-10-16T07:05:54.260Z
media_w245573116_7771.ts,2025-10-16T07:06:03.049Z
media_w435376587_7772.ts,2025-10-16T07:06:11.661Z
media_w114071444_7773.ts,2025-10-16T07:06:24.280Z
media_w288170673_7774.ts,2025-10-16T07:06:32.841Z
media_w1517667796_7775.ts,2025-10-16T07:06:41.497Z
media_w2115468445_7776.ts,2025-10-16T07:06:54.253Z
media_w1780998922_7777.ts,2025-10-16T07:07:03.061Z
media_w611515441_7778.ts,2025-10-16T07:07:11.735Z
media_w747490119_7779.ts,2025-10-16T07:07:24.501Z
media_w481979324_7780.ts,2025-10-16T07:07:33.036Z
media_w2031434885_7781.ts,2025-10-16T07:07:41.581Z
media_w818175802_7782.ts,2025-10-16T07:07:54.364Z
media_w845433047_7783.ts,2025-10-16T07:08:02.896Z
media_w1408352281_7784.ts,2025-10-16T07:08:11.482Z
media_w727801569_7785.ts,2025-10-16T07:08:24.200Z
media_w1574148293_7786.ts,2025-10-16T07:08:32.681Z
media_w1870549861_7787.ts,2025-10-16T07:08:41.281Z
media_w1810226605_7788.ts,2025-10-16T07:08:54.229Z
media_w266281840_7789.ts,2025-10-16T07:09:02.822Z
media_w43402814_7790.ts,2025-10-16T07:09:11.432Z
media_w1016215120_7791.ts,2025-10-16T07:09:24.096Z
media_w59591663_7792.ts,2025-10-16T07:09:32.654Z
media_w350236880_7793.ts,2025-10-16T07:09:41.093Z
media_w182906492_7794.ts,2025-10-16T07:09:54.104Z
media_w1226199951_7795.ts,2025-10-16T07:10:02.640Z
media_w687743259_7796.ts,2025-10-16T07:10:11.230Z
media_w817782906_7797.ts,2025-10-16T07:10:24.133Z
media_w1743915537_7798.ts,2025-10-16T07:10:32.657Z
media_w802650208_7799.ts,2025-10-16T07:10:41.401Z
media_w558822675_7800.ts,2025-10-16T07:10:54.246Z
media_w344362775_7801.ts,2025-10-16T07:11:03.013Z
media_w977746936_7802.ts,2025-10-16T07:11:11.674Z
media_w983502558_7803.ts,2025-10-16T07:11:24.373Z
media_w444135362_7804.ts,2025-10-16T07:11:33.036Z
media_w2008874941_7805.ts,2025-10-16T07:11:41.559Z
media_w926657205_7806.ts,2025-10-16T07:11:54.430Z
media_w1624132946_7807.ts,2025-10-16T07:12:02.890Z
media_w545835933_7808.ts,2025-10-16T07:12:11.453Z
media_w858949224_7809.ts,2025-10-16T07:12:24.094Z
media_w566886615_7810.ts,2025-10-16T07:12:32.743Z
media_w1742815510_7811.ts,2025-10-16T07:12:41.333Z
media_w320405080_7812.ts,2025-10-16T07:12:54.085Z
media_w1233653904_7813.ts,2025-10-16T07:13:02.727Z
media_w633422589_7814.ts,2025-10-16T07:13:11.293Z
media_w87931475_7815.ts,2025-10-16T07:13:24.058Z
media_w646527323_7816.ts,2025-10-16T07:13:32.673Z
media_w2105505227_7817.ts,2025-10-16T07:13:45.398Z
media_w1983534722_7818.ts,2025-10-16T07:13:53.947Z
media_w2005522901_7819.ts,2025-10-16T07:14:02.564Z
media_w151105545_7820.ts,2025-10-16T07:14:11.114Z
media_w1844808166_7821.ts,2025-10-16T07:14:24.038Z
media_w952573935_7822.ts,2025-10-16T07:14:32.604Z
media_w2077516305_7823.ts,2025-10-16T07:14:41.287Z
media_w998912177_7824.ts,2025-10-16T07:14:53.922Z
media_w1066933628_7825.ts,2025-10-16T07:15:02.503Z
media_w541535592_7826.ts,2025-10-16T07:15:15.064Z
media_w1387030196_7827.ts,2025-10-16T07:15:23.638Z
media_w2083291127_7828.ts,2025-10-16T07:15:32.204Z
media_w1616067011_7829.ts,2025-10-16T07:15:40.706Z
media_w1505532598_7830.ts,2025-10-16T07:15:53.365Z
media_w1055254762_7831.ts,2025-10-16T07:16:01.954Z
media_w1120084240_7832.ts,2025-10-16T07:16:14.502Z
media_w2005812471_7833.ts,2025-10-16T07:16:23.042Z
media_w594256002_7834.ts,2025-10-16T07:16:31.662Z
media_w2129681496_7835.ts,2025-10-16T07:16:44.294Z
media_w855769547_7836.ts,2025-10-16T07:16:52.920Z
media_w1675964321_7837.ts,2025-10-16T07:17:01.511Z
media_w1306377707_7838.ts,2025-10-16T07:17:14.170Z
media_w1385396700_7839.ts,2025-10-16T07:17:22.748Z
media_w1991951443_7840.ts,2025-10-16T07:17:31.405Z
media_w1134877416_7841.ts,2025-10-16T07:17:44.215Z
media_w349979630_7842.ts,2025-10-16T07:17:52.902Z
media_w1157878223_7843.ts,2025-10-16T07:18:01.562Z
media_w1904799690_7844.ts,2025-10-16T07:18:14.354Z
media_w1951050187_7845.ts,2025-10-16T07:18:22.926Z
media_w1131033302_7846.ts,2025-10-16T07:18:31.483Z
media_w1229725206_7847.ts,2025-10-16T07:18:44.287Z
media_w1168477973_7848.ts,2025-10-16T07:18:52.975Z
media_w599094601_7849.ts,2025-10-16T07:19:01.643Z
media_w1363034092_7850.ts,2025-10-16T07:19:14.351Z
media_w1708947526_7851.ts,2025-10-16T07:19:22.923Z
media_w515003957_7852.ts,2025-10-16T07:19:31.419Z
media_w2074724795_7853.ts,2025-10-16T07:19:44.060Z
media_w1074214541_7854.ts,2025-10-16T07:19:52.605Z
media_w868490163_7855.ts,2025-10-16T07:20:05.379Z
media_w2136485922_7856.ts,2025-10-16T07:20:13.991Z
media_w1531751216_7857.ts,2025-10-16T07:20:22.563Z
media_w930176607_7858.ts,2025-10-16T07:20:31.003Z
media_w166165238_7859.ts,2025-10-16T07:20:43.873Z
media_w1067721742_7860.ts,2025-10-16T07:20:52.471Z
media_w666142149_7861.ts,2025-10-16T07:21:05.158Z
media_w337165077_7862.ts,2025-10-16T07:21:13.727Z
media_w169470412_7863.ts,2025-10-16T07:21:22.271Z
media_w18769988_7864.ts,2025-10-16T07:21:30.953Z
media_w567762423_7865.ts,2025-10-16T07:21:43.672Z
media_w190173413_7866.ts,2025-10-16T07:21:52.281Z
media_w1053000285_7867.ts,2025-10-16T07:22:05.035Z
media_w1667267186_7868.ts,2025-10-16T07:22:13.602Z
media_w1158727872_7869.ts,2025-10-16T07:22:22.071Z
media_w256130861_7870.ts,2025-10-16T07:22:34.818Z
media_w1429291628_7871.ts,2025-10-16T07:22:43.366Z
media_w267524273_7872.ts,2025-10-16T07:22:51.851Z
media_w1981588394_7873.ts,2025-10-16T07:23:04.595Z
media_w699059384_7874.ts,2025-10-16T07:23:13.183Z
media_w948409795_7875.ts,2025-10-16T07:23:21.710Z
media_w1793450292_7876.ts,2025-10-16T07:23:34.487Z
media_w2000164268_7877.ts,2025-10-16T07:23:43.063Z
media_w83227081_7878.ts,2025-10-16T07:23:51.663Z
media_w1975727516_7879.ts,2025-10-16T07:24:04.474Z
media_w1837893884_7880.ts,2025-10-16T07:24:13.126Z
media_w699219578_7881.ts,2025-10-16T07:24:21.734Z
media_w2015267379_7882.ts,2025-10-16T07:24:34.354Z
media_w87563208_7883.ts,2025-10-16T07:24:43.453Z
media_w423272483_7884.ts,2025-10-16T07:24:52.038Z
media_w1838227143_7885.ts,2025-10-16T07:25:04.666Z
media_w1504789149_7886.ts,2025-10-16T07:25:13.339Z
media_w1328925173_7887.ts,2025-10-16T07:25:21.879Z
media_w1809121798_7888.ts,2025-10-16T07:25:34.462Z
media_w1650515539_7889.ts,2025-10-16T07:25:43.063Z
media_w1975612561_7890.ts,2025-10-16T07:25:51.642Z
media_w1166690823_7891.ts,2025-10-16T07:26:04.393Z
media_w978164448_7892.ts,2025-10-16T07:26:12.973Z
media_w18890278_7893.ts,2025-10-16T07:26:21.641Z
media_w1960730332_7894.ts,2025-10-16T07:26:34.309Z
media_w404009758_7895.ts,2025-10-16T07:26:42.981Z
media_w533468799_7896.ts,2025-10-16T07:26:51.422Z
media_w1655474844_7897.ts,2025-10-16T07:27:04.181Z
media_w883289385_7898.ts,2025-10-16T07:27:12.870Z
media_w1932938659_7899.ts,2025-10-16T07:27:21.562Z
media_w590510418_7900.ts,2025-10-16T07:27:34.358Z
media_w1541093936_7901.ts,2025-10-16T07:27:43.038Z
media_w64902554_7902.ts,2025-10-16T07:27:51.553Z
media_w602079072_7903.ts,2025-10-16T07:28:04.185Z
media_w395157685_7904.ts,2025-10-16T07:28:12.833Z
media_w1297085100_7905.ts,2025-10-16T07:28:21.418Z
media_w1175367541_7906.ts,2025-10-16T07:28:34.169Z
media_w1955864312_7907.ts,2025-10-16T07:28:42.737Z
media_w1377249647_7908.ts,2025-10-16T07:28:51.387Z
media_w691485921_7909.ts,2025-10-16T07:29:04.109Z
media_w1604073102_7910.ts,2025-10-16T07:29:12.750Z
media_w1221927527_7911.ts,2025-10-16T07:29:21.230Z
media_w527907116_7912.ts,2025-10-16T07:29:34.105Z
media_w1110634535_7913.ts,2025-10-16T07:29:42.815Z
media_w2039337163_7914.ts,2025-10-16T07:29:51.409Z
media_w1207021424_7915.ts,2025-10-16T07:30:04.145Z
media_w736408044_7916.ts,2025-10-16T07:30:12.789Z
media_w1396581627_7917.ts,2025-10-16T07:30:21.350Z
media_w1589275195_7918.ts,2025-10-16T07:30:34.131Z
media_w1183846207_7919.ts,2025-10-16T07:30:42.679Z
media_w799021127_7920.ts,2025-10-16T07:30:51.269Z
media_w596121053_7921.ts,2025-10-16T07:31:03.871Z
media_w1474753184_7922.ts,2025-10-16T07:31:12.599Z
media_w1711729257_7923.ts,2025-10-16T07:31:21.056Z
media_w798053349_7924.ts,2025-10-16T07:31:33.765Z
media_w300545386_7925.ts,2025-10-16T07:31:42.301Z
media_w850219687_7926.ts,2025-10-16T07:31:54.873Z
media_w649779_7927.ts,2025-10-16T07:32:03.325Z
media_w1021735024_7928.ts,2025-10-16T07:32:11.986Z
media_w254129621_7929.ts,2025-10-16T07:32:24.545Z
media_w1083425709_7930.ts,2025-10-16T07:32:33.209Z
media_w1107745602_7931.ts,2025-10-16T07:32:41.706Z
media_w1303940705_7932.ts,2025-10-16T07:32:54.429Z
media_w433960202_7933.ts,2025-10-16T07:33:03.013Z
media_w1859747390_7934.ts,2025-10-16T07:33:11.631Z
media_w1887568467_7935.ts,2025-10-16T07:33:24.325Z
media_w303912891_7936.ts,2025-10-16T07:33:32.859Z
media_w1055488863_7937.ts,2025-10-16T07:33:45.653Z
media_w197188497_7938.ts,2025-10-16T07:33:54.265Z
media_w1768739440_7939.ts,2025-10-16T07:34:02.786Z
media_w2017663335_7940.ts,2025-10-16T07:34:11.358Z
media_w616410004_7941.ts,2025-10-16T07:34:24.217Z
media_w709772500_7942.ts,2025-10-16T07:34:33.017Z
media_w1775298509_7943.ts,2025-10-16T07:34:41.685Z
media_w749895454_7944.ts,2025-10-16T07:34:54.215Z
media_w89288865_7945.ts,2025-10-16T07:35:02.711Z
media_w1928371230_7946.ts,2025-10-16T07:35:11.289Z
media_w158243183_7947.ts,2025-10-16T07:35:23.903Z
media_w1539944543_7948.ts,2025-10-16T07:35:32.645Z
media_w1585945181_7949.ts,2025-10-16T07:35:41.077Z
media_w421627414_7950.ts,2025-10-16T07:35:53.773Z
media_w498931977_7951.ts,2025-10-16T07:36:02.345Z
media_w949844707_7952.ts,2025-10-16T07:36:10.973Z
media_w208894452_7953.ts,2025-10-16T07:36:23.573Z
media_w1920352908_7954.ts,2025-10-16T07:36:32.249Z
media_w229262372_7955.ts,2025-10-16T07:36:44.986Z
media_w1954551637_7956.ts,2025-10-16T07:36:53.519Z
media_w489248932_7957.ts,2025-10-16T07:37:02.134Z
media_w884299599_7958.ts,2025-10-16T07:37:14.834Z
media_w1037244467_7959.ts,2025-10-16T07:37:23.431Z
media_w1680612537_7960.ts,2025-10-16T07:37:31.978Z
media_w1234952149_7961.ts,2025-10-16T07:37:44.703Z
media_w133289882_7962.ts,2025-10-16T07:37:53.308Z
media_w420302371_7963.ts,2025-10-16T07:38:01.849Z
media_w806640366_7964.ts,2025-10-16T07:38:14.581Z
media_w425519133_7965.ts,2025-10-16T07:38:23.185Z
media_w1186964170_7966.ts,2025-10-16T07:38:31.634Z
media_w1419456945_7967.ts,2025-10-16T07:38:44.413Z
media_w268902100_7968.ts,2025-10-16T07:38:53.006Z
media_w1473697991_7969.ts,2025-10-16T07:39:01.616Z
media_w1385275604_7970.ts,2025-10-16T07:39:14.372Z
media_w1614889863_7971.ts,2025-10-16T07:39:23.056Z
media_w1405295708_7972.ts,2025-10-16T07:39:31.678Z
media_w973166253_7973.ts,2025-10-16T07:39:44.280Z
media_w433428335_7974.ts,2025-10-16T07:39:52.804Z
media_w1174643631_7975.ts,2025-10-16T07:40:01.363Z
media_w1018805897_7976.ts,2025-10-16T07:40:13.982Z
media_w1556593544_7977.ts,2025-10-16T07:40:22.572Z
media_w1148887668_7978.ts,2025-10-16T07:40:31.106Z
media_w1730232749_7979.ts,2025-10-16T07:40:43.905Z
media_w274170372_7980.ts,2025-10-16T07:40:52.463Z
media_w1242422828_7981.ts,2025-10-16T07:41:05.229Z
media_w2116402607_7982.ts,2025-10-16T07:41:13.670Z
media_w1707596984_7983.ts,2025-10-16T07:41:22.263Z
media_w772039975_7984.ts,2025-10-16T07:41:30.774Z
media_w1373204408_7985.ts,2025-10-16T07:41:43.507Z
media_w130034689_7986.ts,2025-10-16T07:41:52.120Z
media_w1544858205_7987.ts,2025-10-16T07:42:04.843Z
media_w1354078304_7988.ts,2025-10-16T07:42:13.479Z
media_w521707921_7989.ts,2025-10-16T07:42:22.105Z
media_w159589006_7990.ts,2025-10-16T07:42:30.679Z
media_w956163988_7991.ts,2025-10-16T07:42:43.258Z
media_w1517331559_7992.ts,2025-10-16T07:42:51.798Z
media_w1631042499_7993.ts,2025-10-16T07:43:04.366Z
media_w592237521_7994.ts,2025-10-16T07:43:12.919Z
media_w626374574_7995.ts,2025-10-16T07:43:21.454Z
media_w549270145_7996.ts,2025-10-16T07:43:34.122Z
media_w440280605_7997.ts,2025-10-16T07:43:42.655Z
media_w652107705_7998.ts,2025-10-16T07:43:51.194Z
media_w1569883919_7999.ts,2025-10-16T07:44:03.998Z
media_w1954550084_8000.ts,2025-10-16T07:44:12.557Z
media_w640256888_8001.ts,2025-10-16T07:44:21.098Z
media_w1045146066_8002.ts,2025-10-16T07:44:33.796Z
media_w1312236594_8003.ts,2025-10-16T07:44:42.367Z
media_w2052255896_8004.ts,2025-10-16T07:44:55.095Z
media_w357111036_8005.ts,2025-10-16T07:45:03.650Z
media_w1206058707_8006.ts,2025-10-16T07:45:12.192Z
media_w860009844_8007.ts,2025-10-16T07:45:20.614Z
media_w1694447183_8008.ts,2025-10-16T07:45:33.227Z
media_w1698467763_8009.ts,2025-10-16T07:45:41.786Z
media_w168704443_8010.ts,2025-10-16T07:45:54.390Z
media_w600882272_8011.ts,2025-10-16T07:46:03.075Z
media_w343962071_8012.ts,2025-10-16T07:46:11.651Z
media_w159735122_8013.ts,2025-10-16T07:46:24.265Z
media_w1806846608_8014.ts,2025-10-16T07:46:32.865Z
media_w131127863_8015.ts,2025-10-16T07:46:41.347Z
media_w1040622487_8016.ts,2025-10-16T07:46:54.047Z
media_w1715017906_8017.ts,2025-10-16T07:47:02.603Z
media_w866130052_8018.ts,2025-10-16T07:47:11.187Z
media_w1420547474_8019.ts,2025-10-16T07:47:23.947Z
media_w602385086_8020.ts,2025-10-16T07:47:32.419Z
media_w117283026_8021.ts,2025-10-16T07:47:40.900Z
media_w665968360_8022.ts,2025-10-16T07:47:53.651Z
media_w432905081_8023.ts,2025-10-16T07:48:02.089Z
media_w70052717_8024.ts,2025-10-16T07:48:14.794Z
media_w1225210564_8025.ts,2025-10-16T07:48:23.319Z
media_w429527324_8026.ts,2025-10-16T07:48:31.976Z
media_w1625911989_8027.ts,2025-10-16T07:48:44.655Z
media_w2046702807_8028.ts,2025-10-16T07:48:53.227Z
media_w1854011928_8029.ts,2025-10-16T07:49:01.811Z
media_w410890214_8030.ts,2025-10-16T07:49:14.531Z
media_w1464215701_8031.ts,2025-10-16T07:49:23.115Z
media_w1412393975_8032.ts,2025-10-16T07:49:31.663Z
media_w492942394_8033.ts,2025-10-16T07:49:44.420Z
media_w1099485918_8034.ts,2025-10-16T07:49:52.987Z
media_w1327582288_8035.ts,2025-10-16T07:50:01.439Z
media_w1836014257_8036.ts,2025-10-16T07:50:14.156Z
media_w1378675626_8037.ts,2025-10-16T07:50:22.586Z
media_w1954579358_8038.ts,2025-10-16T07:50:31.039Z
media_w501781359_8039.ts,2025-10-16T07:50:43.791Z
media_w1183043832_8040.ts,2025-10-16T07:50:52.366Z
media_w1149151357_8041.ts,2025-10-16T07:51:05.103Z
media_w744707355_8042.ts,2025-10-16T07:51:13.799Z
media_w472434776_8043.ts,2025-10-16T07:51:22.407Z
media_w161727760_8044.ts,2025-10-16T07:51:35.284Z
media_w1906578819_8045.ts,2025-10-16T07:51:43.911Z
media_w1044833124_8046.ts,2025-10-16T07:51:52.477Z
media_w1481869942_8047.ts,2025-10-16T07:52:00.915Z
media_w782323446_8048.ts,2025-10-16T07:52:13.552Z
media_w2125760574_8049.ts,2025-10-16T07:52:22.095Z
media_w48229365_8050.ts,2025-10-16T07:52:34.851Z
media_w1261533532_8051.ts,2025-10-16T07:52:43.447Z
media_w1423413359_8052.ts,2025-10-16T07:52:52.037Z
media_w243638810_8053.ts,2025-10-16T07:53:00.592Z
media_w45024408_8054.ts,2025-10-16T07:53:13.468Z
media_w387110056_8055.ts,2025-10-16T07:53:22.036Z
media_w1924468598_8056.ts,2025-10-16T07:53:34.710Z
media_w1664825012_8057.ts,2025-10-16T07:53:43.161Z
media_w1372809058_8058.ts,2025-10-16T07:53:51.836Z
media_w1323895748_8059.ts,2025-10-16T07:54:04.549Z
media_w1944746914_8060.ts,2025-10-16T07:54:13.107Z
media_w1985208979_8061.ts,2025-10-16T07:54:21.683Z
media_w2038585039_8062.ts,2025-10-16T07:54:34.327Z
media_w2135057787_8063.ts,2025-10-16T07:54:42.917Z
media_w202635699_8064.ts,2025-10-16T07:54:51.499Z
media_w1199531818_8065.ts,2025-10-16T07:55:04.200Z
media_w1713393772_8066.ts,2025-10-16T07:55:12.859Z
media_w583766629_8067.ts,2025-10-16T07:55:21.372Z
media_w1674591796_8068.ts,2025-10-16T07:55:34.103Z
media_w898824527_8069.ts,2025-10-16T07:55:42.719Z
media_w1255062465_8070.ts,2025-10-16T07:55:51.334Z
media_w990488572_8071.ts,2025-10-16T07:56:03.963Z
media_w1618270284_8072.ts,2025-10-16T07:56:12.423Z
media_w15899882_8073.ts,2025-10-16T07:56:25.134Z
media_w1376719543_8074.ts,2025-10-16T07:56:33.562Z
media_w1556569050_8075.ts,2025-10-16T07:56:41.988Z
media_w1927232507_8076.ts,2025-10-16T07:56:54.694Z
media_w32941_8077.ts,2025-10-16T07:57:03.286Z
media_w800302684_8078.ts,2025-10-16T07:57:11.911Z
media_w1346299323_8079.ts,2025-10-16T07:57:24.574Z
media_w2069827000_8080.ts,2025-10-16T07:57:33.150Z
media_w752438066_8081.ts,2025-10-16T07:57:41.807Z
media_w249591220_8082.ts,2025-10-16T07:57:54.549Z
media_w1500985876_8083.ts,2025-10-16T07:58:03.217Z
media_w2069032014_8084.ts,2025-10-16T07:58:11.853Z
media_w215365139_8085.ts,2025-10-16T07:58:24.595Z
media_w1411325936_8086.ts,2025-10-16T07:58:33.146Z
media_w1585388561_8087.ts,2025-10-16T07:58:41.749Z
media_w1972318079_8088.ts,2025-10-16T07:58:54.437Z
media_w923844985_8089.ts,2025-10-16T07:59:03.130Z
media_w1878391624_8090.ts,2025-10-16T07:59:11.565Z
media_w2035581784_8091.ts,2025-10-16T07:59:24.294Z
media_w1848838067_8092.ts,2025-10-16T07:59:32.746Z
media_w2114302199_8093.ts,2025-10-16T07:59:41.225Z
media_w991412053_8094.ts,2025-10-16T07:59:53.906Z
media_w1355164317_8095.ts,2025-10-16T08:00:02.453Z
media_w655719462_8096.ts,2025-10-16T08:00:15.168Z
media_w1241756648_8097.ts,2025-10-16T08:00:23.701Z
media_w7852019_8098.ts,2025-10-16T08:00:32.333Z
media_w739094340_8099.ts,2025-10-16T08:00:40.849Z
media_w1470203206_8100.ts,2025-10-16T08:00:53.508Z
media_w1779897990_8101.ts,2025-10-16T08:01:02.040Z
media_w730832538_8102.ts,2025-10-16T08:01:14.720Z
media_w1288242411_8103.ts,2025-10-16T08:01:23.314Z
media_w277392738_8104.ts,2025-10-16T08:01:31.876Z
media_w205440260_8105.ts,2025-10-16T08:01:44.549Z
media_w1834283834_8106.ts,2025-10-16T08:01:53.104Z
media_w1284931083_8107.ts,2025-10-16T08:02:01.642Z
media_w518937804_8108.ts,2025-10-16T08:02:14.361Z
media_w1597371803_8109.ts,2025-10-16T08:02:22.791Z
media_w97073140_8110.ts,2025-10-16T08:02:31.376Z
media_w2028811938_8111.ts,2025-10-16T08:02:44.088Z
media_w1211980514_8112.ts,2025-10-16T08:02:52.493Z
media_w494948042_8113.ts,2025-10-16T08:03:05.187Z
media_w745169366_8114.ts,2025-10-16T08:03:13.736Z
media_w1896015538_8115.ts,2025-10-16T08:03:22.451Z
media_w224184200_8116.ts,2025-10-16T08:03:30.987Z
media_w698622965_8117.ts,2025-10-16T08:03:43.616Z
media_w1943106587_8118.ts,2025-10-16T08:03:52.181Z
media_w452793378_8119.ts,2025-10-16T08:04:04.780Z
media_w1575418042_8120.ts,2025-10-16T08:04:13.352Z
media_w1390473760_8121.ts,2025-10-16T08:04:21.924Z
media_w459170725_8122.ts,2025-10-16T08:04:34.612Z
media_w1051984591_8123.ts,2025-10-16T08:04:43.244Z
media_w227746059_8124.ts,2025-10-16T08:04:51.753Z
media_w570529747_8125.ts,2025-10-16T08:05:04.465Z
media_w419588034_8126.ts,2025-10-16T08:05:12.963Z
media_w160343394_8127.ts,2025-10-16T08:05:21.507Z
media_w1967124463_8128.ts,2025-10-16T08:05:34.199Z
media_w629545873_8129.ts,2025-10-16T08:05:42.743Z
media_w1770840168_8130.ts,2025-10-16T08:05:51.263Z
media_w769833147_8131.ts,2025-10-16T08:06:03.963Z
media_w1067448143_8132.ts,2025-10-16T08:06:12.429Z
media_w237582408_8133.ts,2025-10-16T08:06:21.023Z
media_w1261559396_8134.ts,2025-10-16T08:06:33.616Z
media_w617983677_8135.ts,2025-10-16T08:06:42.171Z
media_w1593075719_8136.ts,2025-10-16T08:06:54.872Z
media_w1025430004_8137.ts,2025-10-16T08:07:03.333Z
media_w1353351488_8138.ts,2025-10-16T08:07:11.919Z
media_w321080426_8139.ts,2025-10-16T08:07:24.599Z
media_w1790701642_8140.ts,2025-10-16T08:07:33.223Z
media_w126905331_8141.ts,2025-10-16T08:07:41.747Z
media_w900308739_8142.ts,2025-10-16T08:07:54.559Z
media_w1159133879_8143.ts,2025-10-16T08:08:03.105Z
media_w1173651745_8144.ts,2025-10-16T08:08:11.549Z
media_w203681352_8145.ts,2025-10-16T08:08:24.347Z
media_w1916278485_8146.ts,2025-10-16T08:08:32.825Z
media_w487755355_8147.ts,2025-10-16T08:08:41.436Z
media_w1523957403_8148.ts,2025-10-16T08:08:54.147Z
media_w1285489363_8149.ts,2025-10-16T08:09:02.778Z
media_w617421147_8150.ts,2025-10-16T08:09:11.336Z
media_w1092803843_8151.ts,2025-10-16T08:09:24.015Z
media_w1445796715_8152.ts,2025-10-16T08:09:32.567Z
media_w799089245_8153.ts,2025-10-16T08:09:45.303Z
media_w1337699092_8154.ts,2025-10-16T08:09:53.827Z
media_w1709010135_8155.ts,2025-10-16T08:10:02.392Z
media_w910470928_8156.ts,2025-10-16T08:10:10.979Z
media_w388587403_8157.ts,2025-10-16T08:10:23.763Z
media_w1489024725_8158.ts,2025-10-16T08:10:32.344Z
media_w2028074416_8159.ts,2025-10-16T08:10:45.125Z
media_w1037174130_8160.ts,2025-10-16T08:10:53.705Z
media_w1879103132_8161.ts,2025-10-16T08:11:02.263Z
media_w1604885762_8162.ts,2025-10-16T08:11:10.853Z
media_w1577768138_8163.ts,2025-10-16T08:11:23.599Z
media_w1918635644_8164.ts,2025-10-16T08:11:32.159Z
media_w1017221293_8165.ts,2025-10-16T08:11:44.787Z
media_w805884061_8166.ts,2025-10-16T08:11:53.378Z
media_w1730481988_8167.ts,2025-10-16T08:12:01.984Z
media_w1904293301_8168.ts,2025-10-16T08:12:10.564Z
media_w1841794214_8169.ts,2025-10-16T08:12:23.235Z
media_w1217828375_8170.ts,2025-10-16T08:12:31.833Z
media_w223301652_8171.ts,2025-10-16T08:12:44.546Z
media_w68429281_8172.ts,2025-10-16T08:12:53.187Z
media_w1245582928_8173.ts,2025-10-16T08:13:01.771Z
media_w960192517_8174.ts,2025-10-16T08:13:14.362Z
media_w666686307_8175.ts,2025-10-16T08:13:22.982Z
media_w901165327_8176.ts,2025-10-16T08:13:31.643Z
media_w2001132465_8177.ts,2025-10-16T08:13:44.242Z
media_w1001597549_8178.ts,2025-10-16T08:13:52.808Z
media_w1141096840_8179.ts,2025-10-16T08:14:01.382Z
media_w452578577_8180.ts,2025-10-16T08:14:14.061Z
media_w322279263_8181.ts,2025-10-16T08:14:22.642Z
media_w2046005246_8182.ts,2025-10-16T08:14:31.107Z
media_w1721553725_8183.ts,2025-10-16T08:14:43.830Z
media_w1177762262_8184.ts,2025-10-16T08:14:52.406Z
media_w1119073001_8185.ts,2025-10-16T08:15:00.942Z
media_w1883284232_8186.ts,2025-10-16T08:15:13.689Z
media_w1944903090_8187.ts,2025-10-16T08:15:22.246Z
media_w639327241_8188.ts,2025-10-16T08:15:34.939Z
media_w1335673322_8189.ts,2025-10-16T08:15:43.461Z
media_w1877396160_8190.ts,2025-10-16T08:15:51.871Z
media_w988921847_8191.ts,2025-10-16T08:16:00.418Z
media_w612111695_8192.ts,2025-10-16T08:16:13.122Z
media_w2004609822_8193.ts,2025-10-16T08:16:21.526Z
media_w23321434_8194.ts,2025-10-16T08:16:34.250Z
media_w2139739380_8195.ts,2025-10-16T08:16:42.784Z
media_w1839743937_8196.ts,2025-10-16T08:16:51.390Z
media_w1566284123_8197.ts,2025-10-16T08:17:04.188Z
media_w1966267051_8198.ts,2025-10-16T08:17:12.789Z
media_w1127322051_8199.ts,2025-10-16T08:17:25.502Z
media_w1063427859_8200.ts,2025-10-16T08:17:33.963Z
media_w1073901006_8201.ts,2025-10-16T08:17:42.475Z
media_w544505328_8202.ts,2025-10-16T08:17:50.907Z
media_w874491797_8203.ts,2025-10-16T08:18:03.571Z
media_w1174939453_8204.ts,2025-10-16T08:18:12.010Z
media_w618462818_8205.ts,2025-10-16T08:18:24.750Z
media_w794295479_8206.ts,2025-10-16T08:18:33.330Z
media_w532814182_8207.ts,2025-10-16T08:18:41.970Z
media_w499170836_8208.ts,2025-10-16T08:18:50.558Z
media_w159988410_8209.ts,2025-10-16T08:19:03.376Z
media_w922032053_8210.ts,2025-10-16T08:19:12.046Z
media_w1977865829_8211.ts,2025-10-16T08:19:24.738Z
media_w343746413_8212.ts,2025-10-16T08:19:33.306Z
media_w91580662_8213.ts,2025-10-16T08:19:41.833Z
media_w1787254417_8214.ts,2025-10-16T08:19:54.635Z
media_w2108540306_8215.ts,2025-10-16T08:20:03.255Z
media_w314645791_8216.ts,2025-10-16T08:20:11.899Z
media_w398419261_8217.ts,2025-10-16T08:20:24.591Z
media_w1178339455_8218.ts,2025-10-16T08:20:33.138Z
media_w1128552038_8219.ts,2025-10-16T08:20:42.130Z
media_w1168966214_8220.ts,2025-10-16T08:20:54.816Z
media_w107604720_8221.ts,2025-10-16T08:21:03.397Z
media_w2138458162_8222.ts,2025-10-16T08:21:12.554Z
media_w2077609929_8223.ts,2025-10-16T08:21:21.261Z
media_w1501349606_8224.ts,2025-10-16T08:21:34.112Z
media_w1500597874_8225.ts,2025-10-16T08:21:42.869Z
media_w1339699934_8226.ts,2025-10-16T08:21:51.560Z
media_w1135198788_8227.ts,2025-10-16T08:22:04.444Z
media_w1409527866_8228.ts,2025-10-16T08:22:13.107Z
media_w969807135_8229.ts,2025-10-16T08:22:21.719Z
media_w2106241270_8230.ts,2025-10-16T08:22:34.536Z
media_w1226060300_8231.ts,2025-10-16T08:22:43.264Z
media_w770189569_8232.ts,2025-10-16T08:22:51.986Z
media_w1280946449_8233.ts,2025-10-16T08:23:00.661Z
media_w42382376_8234.ts,2025-10-16T08:23:13.519Z
media_w1934368923_8235.ts,2025-10-16T08:23:22.178Z
media_w1277090139_8236.ts,2025-10-16T08:23:34.823Z
media_w1750983252_8237.ts,2025-10-16T08:23:43.490Z
media_w1401149662_8238.ts,2025-10-16T08:23:52.195Z
media_w609312141_8239.ts,2025-10-16T08:24:00.894Z
media_w1217298612_8240.ts,2025-10-16T08:24:13.702Z
media_w811320167_8241.ts,2025-10-16T08:24:22.357Z
media_w1550677676_8242.ts,2025-10-16T08:24:30.879Z
media_w1775111807_8243.ts,2025-10-16T08:24:43.779Z
media_w1349036775_8244.ts,2025-10-16T08:24:52.618Z
media_w456446518_8245.ts,2025-10-16T08:25:05.528Z
media_w980891277_8246.ts,2025-10-16T08:25:14.152Z
media_w688906777_8247.ts,2025-10-16T08:25:22.836Z
media_w2013000851_8248.ts,2025-10-16T08:25:31.340Z
media_w1236545429_8249.ts,2025-10-16T08:25:44.306Z
media_w1534486347_8250.ts,2025-10-16T08:25:52.952Z
media_w1098228545_8251.ts,2025-10-16T08:26:01.640Z
media_w1446277342_8252.ts,2025-10-16T08:26:14.302Z
media_w851185404_8253.ts,2025-10-16T08:26:22.906Z
media_w1194363724_8254.ts,2025-10-16T08:26:31.528Z
media_w2021020973_8255.ts,2025-10-16T08:26:44.436Z
media_w560094774_8256.ts,2025-10-16T08:26:53.057Z
media_w1222169075_8257.ts,2025-10-16T08:27:01.590Z
media_w1623877312_8258.ts,2025-10-16T08:27:14.394Z
media_w5639264_8259.ts,2025-10-16T08:27:23.091Z
media_w1849121722_8260.ts,2025-10-16T08:27:31.744Z
media_w10886765_8261.ts,2025-10-16T08:27:44.468Z
media_w123476857_8262.ts,2025-10-16T08:27:53.261Z
media_w1780077372_8263.ts,2025-10-16T08:28:01.945Z
media_w199523797_8264.ts,2025-10-16T08:28:14.869Z
media_w891486022_8265.ts,2025-10-16T08:28:23.536Z
media_w1675360732_8266.ts,2025-10-16T08:28:32.186Z
media_w1227398799_8267.ts,2025-10-16T08:28:40.911Z
media_w1759673054_8268.ts,2025-10-16T08:28:53.599Z
media_w10486815_8269.ts,2025-10-16T08:29:02.253Z
media_w1615937510_8270.ts,2025-10-16T08:29:15.118Z
media_w923382026_8271.ts,2025-10-16T08:29:23.790Z
media_w845185367_8272.ts,2025-10-16T08:29:32.323Z
media_w578395860_8273.ts,2025-10-16T08:29:41.028Z
media_w544297662_8274.ts,2025-10-16T08:29:53.794Z
media_w60155943_8275.ts,2025-10-16T08:30:02.439Z
media_w342807637_8276.ts,2025-10-16T08:30:10.984Z
media_w1900029466_8277.ts,2025-10-16T08:30:23.844Z
media_w1664025898_8278.ts,2025-10-16T08:30:32.547Z
media_w664705851_8279.ts,2025-10-16T08:30:41.268Z
media_w1243387418_8280.ts,2025-10-16T08:30:54.048Z
media_w1167093228_8281.ts,2025-10-16T08:31:02.710Z
media_w2020209585_8282.ts,2025-10-16T08:31:11.270Z
media_w563648332_8283.ts,2025-10-16T08:31:23.945Z
media_w1993836850_8284.ts,2025-10-16T08:31:32.553Z
media_w886505657_8285.ts,2025-10-16T08:31:45.240Z
media_w433089737_8286.ts,2025-10-16T08:31:53.816Z
media_w772241925_8287.ts,2025-10-16T08:32:02.480Z
media_w1181493371_8288.ts,2025-10-16T08:32:11.088Z
media_w173811897_8289.ts,2025-10-16T08:32:24.151Z
media_w852235796_8290.ts,2025-10-16T08:32:32.684Z
media_w127733385_8291.ts,2025-10-16T08:32:41.305Z
media_w401719281_8292.ts,2025-10-16T08:32:54.132Z
media_w677151509_8293.ts,2025-10-16T08:33:02.806Z
media_w1180627483_8294.ts,2025-10-16T08:33:11.384Z
media_w237026903_8295.ts,2025-10-16T08:33:24.085Z
media_w1725626026_8296.ts,2025-10-16T08:33:32.537Z
media_w1726094987_8297.ts,2025-10-16T08:33:45.241Z
media_w1219186044_8298.ts,2025-10-16T08:33:53.785Z
media_w328355612_8299.ts,2025-10-16T08:34:02.327Z
media_w461093541_8300.ts,2025-10-16T08:34:10.960Z
media_w2119501055_8301.ts,2025-10-16T08:34:23.524Z
media_w402836276_8302.ts,2025-10-16T08:34:32.075Z
media_w1792803427_8303.ts,2025-10-16T08:34:44.719Z
media_w213182316_8304.ts,2025-10-16T08:34:53.313Z
media_w1268911643_8305.ts,2025-10-16T08:35:01.912Z
media_w142340258_8306.ts,2025-10-16T08:35:14.668Z
media_w812437864_8307.ts,2025-10-16T08:35:23.164Z
media_w1248042179_8308.ts,2025-10-16T08:35:31.716Z
media_w346144707_8309.ts,2025-10-16T08:35:44.384Z
media_w486611695_8310.ts,2025-10-16T08:35:52.920Z
media_w409553432_8311.ts,2025-10-16T08:36:01.464Z
media_w1814970567_8312.ts,2025-10-16T08:36:14.184Z
media_w475328809_8313.ts,2025-10-16T08:36:22.856Z
media_w1592280992_8314.ts,2025-10-16T08:36:31.537Z
media_w281513817_8315.ts,2025-10-16T08:36:44.251Z
media_w307234407_8316.ts,2025-10-16T08:36:52.773Z
media_w187769312_8317.ts,2025-10-16T08:37:01.316Z
media_w1854386672_8318.ts,2025-10-16T08:37:14.064Z
media_w1690157557_8319.ts,2025-10-16T08:37:22.655Z
media_w1051489882_8320.ts,2025-10-16T08:37:31.216Z
media_w471233179_8321.ts,2025-10-16T08:37:43.936Z
media_w1969958846_8322.ts,2025-10-16T08:37:52.349Z
media_w875620461_8323.ts,2025-10-16T08:38:00.915Z
media_w823280203_8324.ts,2025-10-16T08:38:13.640Z
media_w1709926288_8325.ts,2025-10-16T08:38:22.228Z
media_w1912159960_8326.ts,2025-10-16T08:38:34.768Z
media_w158777187_8327.ts,2025-10-16T08:38:43.165Z
media_w895419425_8328.ts,2025-10-16T08:38:51.676Z
media_w1265858464_8329.ts,2025-10-16T08:39:04.523Z
media_w791377978_8330.ts,2025-10-16T08:39:13.224Z
media_w1382262744_8331.ts,2025-10-16T08:39:21.849Z
media_w1805415149_8332.ts,2025-10-16T08:39:34.563Z
media_w1084832804_8333.ts,2025-10-16T08:39:43.180Z
media_w867064208_8334.ts,2025-10-16T08:39:51.609Z
media_w1237681589_8335.ts,2025-10-16T08:40:04.336Z
media_w722307749_8336.ts,2025-10-16T08:40:12.941Z
media_w501115336_8337.ts,2025-10-16T08:40:21.365Z
media_w134219459_8338.ts,2025-10-16T08:40:34.108Z
media_w1697646111_8339.ts,2025-10-16T08:40:42.729Z
media_w1883543673_8340.ts,2025-10-16T08:40:51.148Z
media_w548667641_8341.ts,2025-10-16T08:41:03.893Z
media_w757603934_8342.ts,2025-10-16T08:41:12.401Z
media_w1831528625_8343.ts,2025-10-16T08:41:25.149Z
media_w1849023756_8344.ts,2025-10-16T08:41:33.643Z
media_w702566515_8345.ts,2025-10-16T08:41:42.060Z
media_w71889926_8346.ts,2025-10-16T08:41:50.557Z
media_w1604332706_8347.ts,2025-10-16T08:42:03.233Z
media_w1696825206_8348.ts,2025-10-16T08:42:11.759Z
media_w719359466_8349.ts,2025-10-16T08:42:24.368Z
media_w1881910706_8350.ts,2025-10-16T08:42:32.988Z
media_w1710703507_8351.ts,2025-10-16T08:42:41.525Z
media_w927310287_8352.ts,2025-10-16T08:42:54.263Z
media_w961299547_8353.ts,2025-10-16T08:43:02.837Z
media_w1362980557_8354.ts,2025-10-16T08:43:11.463Z
media_w916139191_8355.ts,2025-10-16T08:43:24.036Z
media_w931762274_8356.ts,2025-10-16T08:43:32.619Z
media_w828310590_8357.ts,2025-10-16T08:43:41.161Z
media_w1055187602_8358.ts,2025-10-16T08:43:54.063Z
media_w847814129_8359.ts,2025-10-16T08:44:02.621Z
media_w1457626358_8360.ts,2025-10-16T08:44:11.196Z
media_w765009830_8361.ts,2025-10-16T08:44:23.878Z
media_w1832236886_8362.ts,2025-10-16T08:44:32.371Z
media_w548678858_8363.ts,2025-10-16T08:44:40.988Z
media_w1657865851_8364.ts,2025-10-16T08:44:53.699Z
media_w1854661334_8365.ts,2025-10-16T08:45:02.337Z
media_w377450306_8366.ts,2025-10-16T08:45:14.987Z
media_w1218913428_8367.ts,2025-10-16T08:45:23.404Z
media_w1250333484_8368.ts,2025-10-16T08:45:31.833Z
media_w1318637064_8369.ts,2025-10-16T08:45:40.356Z
media_w1894079001_8370.ts,2025-10-16T08:45:53.104Z
media_w1602152014_8371.ts,2025-10-16T08:46:01.690Z
media_w237598974_8372.ts,2025-10-16T08:46:14.427Z
media_w42070343_8373.ts,2025-10-16T08:46:22.936Z
media_w483743222_8374.ts,2025-10-16T08:46:31.584Z
media_w347780388_8375.ts,2025-10-16T08:46:44.290Z
media_w546487901_8376.ts,2025-10-16T08:46:52.804Z
media_w1077894929_8377.ts,2025-10-16T08:47:01.341Z
media_w84378656_8378.ts,2025-10-16T08:47:14.016Z
media_w643677971_8379.ts,2025-10-16T08:47:22.613Z
media_w1449400389_8380.ts,2025-10-16T08:47:31.196Z
media_w528647734_8381.ts,2025-10-16T08:47:43.833Z
media_w1031829891_8382.ts,2025-10-16T08:47:52.376Z
media_w1989083723_8383.ts,2025-10-16T08:48:05.116Z
media_w7503417_8384.ts,2025-10-16T08:48:13.592Z
media_w812358832_8385.ts,2025-10-16T08:48:22.080Z
media_w89580142_8386.ts,2025-10-16T08:48:30.616Z
media_w782494162_8387.ts,2025-10-16T08:48:43.243Z
media_w4695735_8388.ts,2025-10-16T08:48:51.783Z
media_w247115003_8389.ts,2025-10-16T08:49:04.388Z
media_w1680577216_8390.ts,2025-10-16T08:49:12.960Z
media_w349995016_8391.ts,2025-10-16T08:49:21.527Z
media_w318250238_8392.ts,2025-10-16T08:49:34.292Z
media_w1364614516_8393.ts,2025-10-16T08:49:42.764Z
media_w1848424308_8394.ts,2025-10-16T08:49:55.607Z
media_w2092855543_8395.ts,2025-10-16T08:50:04.091Z
media_w636353061_8396.ts,2025-10-16T08:50:12.700Z
media_w2109779353_8397.ts,2025-10-16T08:50:21.294Z
media_w682246710_8398.ts,2025-10-16T08:50:34.000Z
media_w1183826198_8399.ts,2025-10-16T08:50:42.404Z
media_w542996670_8400.ts,2025-10-16T08:50:55.267Z
media_w2016625088_8401.ts,2025-10-16T08:51:03.841Z
media_w492043878_8402.ts,2025-10-16T08:51:12.417Z
media_w978605457_8403.ts,2025-10-16T08:51:20.844Z
media_w1457889206_8404.ts,2025-10-16T08:51:33.612Z
media_w1020135485_8405.ts,2025-10-16T08:51:42.156Z
media_w209264838_8406.ts,2025-10-16T08:51:54.927Z
media_w80150244_8407.ts,2025-10-16T08:52:03.522Z
media_w556286629_8408.ts,2025-10-16T08:52:12.098Z
media_w41969719_8409.ts,2025-10-16T08:52:20.695Z
media_w1141010930_8410.ts,2025-10-16T08:52:33.488Z
media_w441215405_8411.ts,2025-10-16T08:52:42.059Z
media_w433106760_8412.ts,2025-10-16T08:52:54.759Z
media_w8907196_8413.ts,2025-10-16T08:53:03.203Z
media_w62135261_8414.ts,2025-10-16T08:53:11.720Z
media_w1306497156_8415.ts,2025-10-16T08:53:24.443Z
media_w428258065_8416.ts,2025-10-16T08:53:32.992Z
media_w1495999677_8417.ts,2025-10-16T08:53:41.436Z
media_w399321598_8418.ts,2025-10-16T08:53:54.136Z
media_w1181781637_8419.ts,2025-10-16T08:54:02.739Z
media_w1538555858_8420.ts,2025-10-16T08:54:11.267Z
media_w441457615_8421.ts,2025-10-16T08:54:23.911Z
media_w488775538_8422.ts,2025-10-16T08:54:32.328Z
media_w997233732_8423.ts,2025-10-16T08:54:45.012Z
media_w708320967_8424.ts,2025-10-16T08:54:53.552Z
media_w1750447964_8425.ts,2025-10-16T08:55:01.990Z
media_w712148618_8426.ts,2025-10-16T08:55:14.699Z
media_w824605431_8427.ts,2025-10-16T08:55:23.204Z
media_w1569917336_8428.ts,2025-10-16T08:55:31.708Z
media_w358586392_8429.ts,2025-10-16T08:55:44.472Z
media_w451589995_8430.ts,2025-10-16T08:55:53.052Z
media_w820506426_8431.ts,2025-10-16T08:56:01.508Z
media_w1482684841_8432.ts,2025-10-16T08:56:14.176Z
media_w465193749_8433.ts,2025-10-16T08:56:22.755Z
media_w876823739_8434.ts,2025-10-16T08:56:31.347Z
media_w1560708473_8435.ts,2025-10-16T08:56:44.052Z
media_w413941657_8436.ts,2025-10-16T08:56:52.696Z
media_w1112202889_8437.ts,2025-10-16T08:57:01.138Z
media_w1524771437_8438.ts,2025-10-16T08:57:13.895Z
media_w1707665258_8439.ts,2025-10-16T08:57:22.416Z
media_w181102813_8440.ts,2025-10-16T08:57:35.152Z
media_w145730137_8441.ts,2025-10-16T08:57:43.715Z
media_w687892836_8442.ts,2025-10-16T08:57:52.337Z
media_w645008318_8443.ts,2025-10-16T08:58:00.908Z
media_w1242085772_8444.ts,2025-10-16T08:58:13.656Z
media_w607172818_8445.ts,2025-10-16T08:58:22.236Z
media_w726904318_8446.ts,2025-10-16T08:58:35.137Z
media_w1468905896_8447.ts,2025-10-16T08:58:43.656Z
media_w776374920_8448.ts,2025-10-16T08:58:52.171Z
media_w1168629695_8449.ts,2025-10-16T08:59:00.747Z
media_w2114842010_8450.ts,2025-10-16T08:59:13.543Z
media_w777682710_8451.ts,2025-10-16T08:59:22.062Z
media_w1411357792_8452.ts,2025-10-16T08:59:34.702Z
media_w814661941_8453.ts,2025-10-16T08:59:43.304Z
media_w1479178657_8454.ts,2025-10-16T08:59:51.868Z
media_w284969547_8455.ts,2025-10-16T09:00:00.436Z
media_w1851852959_8456.ts,2025-10-16T09:00:13.208Z
media_w1142770747_8457.ts,2025-10-16T09:00:21.806Z
media_w1733348247_8458.ts,2025-10-16T09:00:34.408Z
media_w1795795685_8459.ts,2025-10-16T09:00:43.012Z
media_w937947408_8460.ts,2025-10-16T09:00:51.555Z
media_w1831777891_8461.ts,2025-10-16T09:01:04.108Z
media_w1021558753_8462.ts,2025-10-16T09:01:12.657Z
media_w322155711_8463.ts,2025-10-16T09:01:25.228Z
media_w1757921161_8464.ts,2025-10-16T09:01:33.775Z
media_w1134087221_8465.ts,2025-10-16T09:01:42.277Z
media_w1033591440_8466.ts,2025-10-16T09:01:50.816Z
media_w853910249_8467.ts,2025-10-16T09:02:03.519Z
media_w1690614073_8468.ts,2025-10-16T09:02:12.047Z
media_w1660817663_8469.ts,2025-10-16T09:02:24.796Z
media_w789643024_8470.ts,2025-10-16T09:02:33.417Z
media_w2054325487_8471.ts,2025-10-16T09:02:41.992Z
media_w401043260_8472.ts,2025-10-16T09:02:54.686Z
media_w884702390_8473.ts,2025-10-16T09:03:03.468Z
media_w1730881554_8474.ts,2025-10-16T09:03:12.048Z
media_w931102349_8475.ts,2025-10-16T09:03:24.804Z
media_w128595607_8476.ts,2025-10-16T09:03:33.351Z
media_w1596265221_8477.ts,2025-10-16T09:03:42.028Z
media_w1092210148_8478.ts,2025-10-16T09:03:50.628Z
media_w1629742500_8479.ts,2025-10-16T09:04:03.240Z
media_w185807772_8480.ts,2025-10-16T09:04:11.819Z
media_w822205992_8481.ts,2025-10-16T09:04:24.536Z
media_w1790400019_8482.ts,2025-10-16T09:04:33.088Z
media_w709110696_8483.ts,2025-10-16T09:04:41.528Z
media_w1401466382_8484.ts,2025-10-16T09:04:54.185Z
media_w1687115699_8485.ts,2025-10-16T09:05:02.806Z
media_w838526800_8486.ts,2025-10-16T09:05:11.428Z
media_w887008463_8487.ts,2025-10-16T09:05:24.145Z
media_w1425266788_8488.ts,2025-10-16T09:05:32.688Z
media_w1951206202_8489.ts,2025-10-16T09:05:41.197Z
media_w1638145206_8490.ts,2025-10-16T09:05:54.020Z
media_w1014389320_8491.ts,2025-10-16T09:06:02.624Z
media_w405227693_8492.ts,2025-10-16T09:06:15.213Z
media_w1041340148_8493.ts,2025-10-16T09:06:23.708Z
media_w876638010_8494.ts,2025-10-16T09:06:32.156Z
media_w1521631873_8495.ts,2025-10-16T09:06:40.688Z
media_w33955943_8496.ts,2025-10-16T09:06:53.424Z
media_w1709637562_8497.ts,2025-10-16T09:07:02.105Z
media_w846885488_8498.ts,2025-10-16T09:07:14.912Z
media_w555533369_8499.ts,2025-10-16T09:07:23.508Z
media_w201156496_8500.ts,2025-10-16T09:07:32.140Z
media_w620841443_8501.ts,2025-10-16T09:07:40.768Z
media_w294974688_8502.ts,2025-10-16T09:07:53.361Z
media_w354463469_8503.ts,2025-10-16T09:08:01.784Z
media_w786007733_8504.ts,2025-10-16T09:08:14.524Z
media_w335309778_8505.ts,2025-10-16T09:08:23.006Z
media_w960417197_8506.ts,2025-10-16T09:08:31.525Z
media_w1043441772_8507.ts,2025-10-16T09:08:44.216Z
media_w1310501250_8508.ts,2025-10-16T09:08:52.664Z
media_w1610969231_8509.ts,2025-10-16T09:09:05.371Z
media_w1992257698_8510.ts,2025-10-16T09:09:13.904Z
media_w1069164390_8511.ts,2025-10-16T09:09:22.437Z
media_w661728697_8512.ts,2025-10-16T09:09:31.039Z
media_w1154204261_8513.ts,2025-10-16T09:09:43.764Z
media_w1607478794_8514.ts,2025-10-16T09:09:52.249Z
media_w1635966920_8515.ts,2025-10-16T09:10:04.965Z
media_w145384000_8516.ts,2025-10-16T09:10:13.580Z
media_w595742415_8517.ts,2025-10-16T09:10:22.205Z
media_w1733582526_8518.ts,2025-10-16T09:10:30.755Z
media_w1473690365_8519.ts,2025-10-16T09:10:43.460Z
media_w125394555_8520.ts,2025-10-16T09:10:51.912Z
media_w435217646_8521.ts,2025-10-16T09:11:04.599Z
media_w1743882586_8522.ts,2025-10-16T09:11:13.112Z
media_w1503462717_8523.ts,2025-10-16T09:11:21.696Z
media_w1743712576_8524.ts,2025-10-16T09:11:34.420Z
media_w468158956_8525.ts,2025-10-16T09:11:42.905Z
media_w391017531_8526.ts,2025-10-16T09:11:51.425Z
media_w1367990044_8527.ts,2025-10-16T09:12:04.160Z
media_w362104650_8528.ts,2025-10-16T09:12:12.768Z
media_w532800119_8529.ts,2025-10-16T09:12:21.237Z
media_w1328400821_8530.ts,2025-10-16T09:12:33.912Z
media_w297650853_8531.ts,2025-10-16T09:12:42.466Z
media_w658743803_8532.ts,2025-10-16T09:12:55.180Z
media_w647330180_8533.ts,2025-10-16T09:13:03.728Z
media_w608732439_8534.ts,2025-10-16T09:13:12.353Z
media_w1926013542_8535.ts,2025-10-16T09:13:20.900Z
media_w249409816_8536.ts,2025-10-16T09:13:33.456Z
media_w2132637063_8537.ts,2025-10-16T09:13:41.981Z
media_w1756162352_8538.ts,2025-10-16T09:13:54.656Z
media_w1630839316_8539.ts,2025-10-16T09:14:03.173Z
media_w1915401052_8540.ts,2025-10-16T09:14:11.776Z
media_w1627376092_8541.ts,2025-10-16T09:14:24.464Z
media_w282826496_8542.ts,2025-10-16T09:14:33.059Z
media_w169749451_8543.ts,2025-10-16T09:14:41.581Z
media_w1365811008_8544.ts,2025-10-16T09:14:54.308Z
media_w42619853_8545.ts,2025-10-16T09:15:02.888Z
media_w1407351072_8546.ts,2025-10-16T09:15:11.510Z
media_w914331151_8547.ts,2025-10-16T09:15:24.192Z
media_w15073338_8548.ts,2025-10-16T09:15:32.692Z
media_w776776427_8549.ts,2025-10-16T09:15:45.333Z
media_w490672695_8550.ts,2025-10-16T09:15:53.873Z
media_w1300605026_8551.ts,2025-10-16T09:16:02.436Z
media_w824069772_8552.ts,2025-10-16T09:16:10.984Z
media_w66507802_8553.ts,2025-10-16T09:16:23.580Z
media_w1414186054_8554.ts,2025-10-16T09:16:32.112Z
media_w1352291819_8555.ts,2025-10-16T09:16:44.744Z
media_w1766592506_8556.ts,2025-10-16T09:16:53.407Z
media_w2106863486_8557.ts,2025-10-16T09:17:02.016Z
media_w174532938_8558.ts,2025-10-16T09:17:10.568Z
media_w954325096_8559.ts,2025-10-16T09:17:23.248Z
media_w448379400_8560.ts,2025-10-16T09:17:31.776Z
media_w1673196889_8561.ts,2025-10-16T09:17:44.460Z
media_w84565507_8562.ts,2025-10-16T09:17:53.021Z
media_w1516687228_8563.ts,2025-10-16T09:18:01.601Z
media_w197406293_8564.ts,2025-10-16T09:18:14.176Z
media_w63923530_8565.ts,2025-10-16T09:18:22.756Z
media_w314991544_8566.ts,2025-10-16T09:18:31.295Z
media_w1945731739_8567.ts,2025-10-16T09:18:44.029Z
media_w1071223637_8568.ts,2025-10-16T09:18:52.544Z
media_w726185105_8569.ts,2025-10-16T09:19:01.195Z
media_w1199617570_8570.ts,2025-10-16T09:19:14.028Z
media_w650261557_8571.ts,2025-10-16T09:19:22.561Z
media_w1960128796_8572.ts,2025-10-16T09:19:35.340Z
media_w1097229915_8573.ts,2025-10-16T09:19:43.901Z
media_w387070790_8574.ts,2025-10-16T09:19:52.477Z
media_w1661193213_8575.ts,2025-10-16T09:20:01.048Z
media_w609674749_8576.ts,2025-10-16T09:20:13.748Z
media_w918098608_8577.ts,2025-10-16T09:20:22.177Z
media_w1686744977_8578.ts,2025-10-16T09:20:34.848Z
media_w1408929767_8579.ts,2025-10-16T09:20:43.452Z
media_w379301095_8580.ts,2025-10-16T09:20:51.874Z
media_w1241986565_8581.ts,2025-10-16T09:21:04.687Z
media_w80079353_8582.ts,2025-10-16T09:21:13.289Z
media_w1578700136_8583.ts,2025-10-16T09:21:21.940Z
media_w1886979828_8584.ts,2025-10-16T09:21:34.717Z
media_w278270772_8585.ts,2025-10-16T09:21:43.233Z
media_w1275219085_8586.ts,2025-10-16T09:21:51.917Z
media_w1883091721_8587.ts,2025-10-16T09:22:00.518Z
media_w1069192376_8588.ts,2025-10-16T09:22:13.252Z
media_w1770629049_8589.ts,2025-10-16T09:22:21.873Z
media_w620268835_8590.ts,2025-10-16T09:22:34.610Z
media_w1877810177_8591.ts,2025-10-16T09:22:43.169Z
media_w1117049029_8592.ts,2025-10-16T09:22:51.705Z
media_w1000302338_8593.ts,2025-10-16T09:23:04.308Z
media_w1205892906_8594.ts,2025-10-16T09:23:12.840Z
media_w1654842654_8595.ts,2025-10-16T09:23:21.300Z
media_w138091997_8596.ts,2025-10-16T09:23:33.996Z
media_w876868378_8597.ts,2025-10-16T09:23:42.521Z
media_w1375317629_8598.ts,2025-10-16T09:23:50.981Z
media_w1013578192_8599.ts,2025-10-16T09:24:03.736Z
media_w1969918439_8600.ts,2025-10-16T09:24:12.281Z
media_w913752663_8601.ts,2025-10-16T09:24:24.996Z
media_w1419698428_8602.ts,2025-10-16T09:24:33.508Z
media_w824552604_8603.ts,2025-10-16T09:24:42.038Z
media_w162794293_8604.ts,2025-10-16T09:24:54.741Z
media_w784343964_1000.ts,2025-10-16T12:17:32.083Z
media_w1818133667_1001.ts,2025-10-16T12:17:44.867Z
media_w1903700658_1002.ts,2025-10-16T12:17:53.626Z
media_w415378834_1003.ts,2025-10-16T12:18:02.187Z
media_w186543758_1004.ts,2025-10-16T12:18:10.795Z
media_w1062569804_1005.ts,2025-10-16T12:18:23.387Z
media_w1304960468_1006.ts,2025-10-16T12:18:31.814Z
media_w1245003873_1007.ts,2025-10-16T12:18:44.599Z
media_w1734837792_1008.ts,2025-10-16T12:18:53.269Z
media_w2026849729_1009.ts,2025-10-16T12:19:01.798Z
media_w349705549_1010.ts,2025-10-16T12:19:14.578Z
media_w252753735_1011.ts,2025-10-16T12:19:23.330Z
media_w1744481206_1012.ts,2025-10-16T12:19:31.998Z
media_w732596375_1013.ts,2025-10-16T12:19:44.778Z
media_w626459381_1014.ts,2025-10-16T12:19:53.402Z
media_w940939014_1015.ts,2025-10-16T12:20:02.039Z
media_w1312979187_1016.ts,2025-10-16T12:20:14.770Z
media_w1328844285_1017.ts,2025-10-16T12:20:23.339Z
media_w1019494593_1018.ts,2025-10-16T12:20:31.950Z
media_w501858077_1019.ts,2025-10-16T12:20:44.842Z
media_w1683467760_1020.ts,2025-10-16T12:20:53.390Z
media_w406632529_1021.ts,2025-10-16T12:21:01.964Z
media_w1833258776_1022.ts,2025-10-16T12:21:14.527Z
media_w1665217094_1023.ts,2025-10-16T12:21:23.015Z
media_w1957697098_1024.ts,2025-10-16T12:21:31.687Z
media_w1378481983_1025.ts,2025-10-16T12:21:44.278Z
media_w854110257_1026.ts,2025-10-16T12:21:53.112Z
media_w1784393329_1027.ts,2025-10-16T12:22:01.552Z
media_w548721266_1028.ts,2025-10-16T12:22:14.352Z
media_w1633387497_1029.ts,2025-10-16T12:22:22.942Z
media_w806992255_1030.ts,2025-10-16T12:22:31.678Z
media_w395929104_1031.ts,2025-10-16T12:22:44.455Z
media_w1007384466_1032.ts,2025-10-16T12:22:53.074Z
media_w1398688123_1033.ts,2025-10-16T12:23:01.538Z
media_w1230370306_1034.ts,2025-10-16T12:23:14.279Z
media_w954287112_1035.ts,2025-10-16T12:23:23.011Z
media_w1973106984_1036.ts,2025-10-16T12:23:31.691Z
media_w809403834_1037.ts,2025-10-16T12:23:44.545Z
media_w924989660_1038.ts,2025-10-16T12:23:53.218Z
media_w1816583167_1039.ts,2025-10-16T12:24:01.858Z
media_w1665305942_1040.ts,2025-10-16T12:24:14.447Z
media_w1951397864_1041.ts,2025-10-16T12:24:23.290Z
media_w1274781462_1042.ts,2025-10-16T12:24:31.866Z
media_w49499633_1043.ts,2025-10-16T12:24:44.648Z
media_w906245074_1044.ts,2025-10-16T12:24:53.227Z
media_w1361178344_1045.ts,2025-10-16T12:25:01.653Z
media_w1294144728_1046.ts,2025-10-16T12:25:14.461Z
media_w937230878_1047.ts,2025-10-16T12:25:22.946Z
media_w1622206021_1048.ts,2025-10-16T12:25:31.438Z
media_w1516645224_1049.ts,2025-10-16T12:25:44.228Z
media_w1962693167_1050.ts,2025-10-16T12:25:52.718Z
media_w154717137_1051.ts,2025-10-16T12:26:01.278Z
media_w2098943655_1052.ts,2025-10-16T12:26:14.077Z
media_w1408577433_1053.ts,2025-10-16T12:26:22.691Z
media_w1812251805_1054.ts,2025-10-16T12:26:31.313Z
media_w757526876_1055.ts,2025-10-16T12:26:43.890Z
media_w1027500444_1056.ts,2025-10-16T12:26:52.450Z
media_w1927910864_1057.ts,2025-10-16T12:27:05.044Z
media_w1581655350_1058.ts,2025-10-16T12:27:13.623Z
media_w977616707_1059.ts,2025-10-16T12:27:22.086Z
media_w293416824_1060.ts,2025-10-16T12:27:34.650Z
media_w1769049076_1061.ts,2025-10-16T12:27:43.286Z
media_w421739262_1062.ts,2025-10-16T12:27:52.074Z
media_w1877217947_1063.ts,2025-10-16T12:28:04.923Z
media_w415723966_1064.ts,2025-10-16T12:28:13.646Z
media_w37396279_1065.ts,2025-10-16T12:28:22.110Z
media_w101757319_1066.ts,2025-10-16T12:28:34.814Z
media_w624734953_1067.ts,2025-10-16T12:28:43.335Z
media_w653572056_1068.ts,2025-10-16T12:28:51.944Z
media_w102805450_1069.ts,2025-10-16T12:29:04.630Z
media_w586082565_1070.ts,2025-10-16T12:29:13.228Z
media_w963347821_1071.ts,2025-10-16T12:29:21.774Z
media_w1405077632_1072.ts,2025-10-16T12:29:34.404Z
media_w378844015_1073.ts,2025-10-16T12:29:42.856Z
media_w565785342_1074.ts,2025-10-16T12:29:51.519Z
media_w1383857359_1075.ts,2025-10-16T12:30:04.213Z
media_w708095358_1076.ts,2025-10-16T12:30:12.861Z
media_w2033869817_1077.ts,2025-10-16T12:30:21.499Z
media_w1091655830_1078.ts,2025-10-16T12:30:34.318Z
media_w328534449_1079.ts,2025-10-16T12:30:43.015Z
media_w384215634_1080.ts,2025-10-16T12:30:51.898Z
media_w310105258_1081.ts,2025-10-16T12:31:04.640Z
media_w102241750_1082.ts,2025-10-16T12:31:13.159Z
media_w359090672_1083.ts,2025-10-16T12:31:21.800Z
media_w1508586028_1084.ts,2025-10-16T12:31:34.711Z
media_w830743065_1085.ts,2025-10-16T12:31:43.264Z
media_w440289714_1086.ts,2025-10-16T12:31:51.960Z
media_w1244939166_1087.ts,2025-10-16T12:32:04.732Z
media_w1796574612_1088.ts,2025-10-16T12:32:13.336Z
media_w1149437208_1089.ts,2025-10-16T12:32:22.039Z
media_w77880914_1090.ts,2025-10-16T12:32:34.736Z
media_w331496101_1091.ts,2025-10-16T12:32:43.380Z
media_w2050845170_1092.ts,2025-10-16T12:32:51.985Z
media_w9291849_1093.ts,2025-10-16T12:33:04.784Z
media_w286559293_1094.ts,2025-10-16T12:33:13.436Z
media_w142263301_1095.ts,2025-10-16T12:33:22.185Z
media_w1950653366_1096.ts,2025-10-16T12:33:30.916Z
media_w1231577962_1097.ts,2025-10-16T12:33:43.696Z
media_w1507284363_1098.ts,2025-10-16T12:33:52.252Z
media_w860106003_1099.ts,2025-10-16T12:34:05.005Z
media_w1312109856_1100.ts,2025-10-16T12:34:13.648Z
media_w841848715_1101.ts,2025-10-16T12:34:22.420Z
media_w1048310222_1102.ts,2025-10-16T12:34:35.220Z
media_w991604409_1103.ts,2025-10-16T12:34:43.944Z
media_w1557383028_1104.ts,2025-10-16T12:34:52.645Z
media_w193838567_1105.ts,2025-10-16T12:35:01.336Z
media_w1482146277_1106.ts,2025-10-16T12:35:14.144Z
media_w1937888780_1107.ts,2025-10-16T12:35:22.850Z
media_w1642977231_1108.ts,2025-10-16T12:35:31.308Z
media_w226404332_1109.ts,2025-10-16T12:35:44.150Z
media_w1790198544_1110.ts,2025-10-16T12:35:52.693Z
media_w237349493_1111.ts,2025-10-16T12:36:01.180Z
media_w1899335615_1112.ts,2025-10-16T12:36:13.972Z
media_w1852431884_1113.ts,2025-10-16T12:36:22.741Z
media_w1408264537_1114.ts,2025-10-16T12:36:31.430Z
media_w1154959177_1115.ts,2025-10-16T12:36:44.208Z
media_w1431183299_1116.ts,2025-10-16T12:36:52.942Z
media_w1898424492_1117.ts,2025-10-16T12:37:01.589Z
media_w255373736_1118.ts,2025-10-16T12:37:14.381Z
media_w1963534477_1119.ts,2025-10-16T12:37:23.074Z
media_w561031659_1120.ts,2025-10-16T12:37:31.711Z
media_w692407656_1121.ts,2025-10-16T12:37:44.470Z
media_w1972426320_1122.ts,2025-10-16T12:37:53.751Z
media_w539456593_1123.ts,2025-10-16T12:38:02.500Z
media_w2087316236_1124.ts,2025-10-16T12:38:11.277Z
media_w193986241_1125.ts,2025-10-16T12:38:24.121Z
media_w1325284933_1126.ts,2025-10-16T12:38:32.633Z
media_w860550612_1127.ts,2025-10-16T12:38:45.548Z
media_w1032721147_1128.ts,2025-10-16T12:38:54.405Z
media_w1775030022_1129.ts,2025-10-16T12:39:02.873Z
media_w604646462_1130.ts,2025-10-16T12:39:11.428Z
media_w585386760_1131.ts,2025-10-16T12:39:24.228Z
media_w1654006613_1132.ts,2025-10-16T12:39:32.872Z
media_w2058218650_1133.ts,2025-10-16T12:39:41.661Z
media_w133775855_1134.ts,2025-10-16T12:39:54.434Z
media_w220725599_1135.ts,2025-10-16T12:40:03.204Z
media_w296602731_1136.ts,2025-10-16T12:40:11.913Z
media_w203351239_1137.ts,2025-10-16T12:40:24.780Z
media_w230663059_1138.ts,2025-10-16T12:40:33.583Z
media_w191502936_1139.ts,2025-10-16T12:40:42.251Z
media_w1117288284_1140.ts,2025-10-16T12:40:50.938Z
media_w1052177754_1141.ts,2025-10-16T12:41:03.714Z
media_w1862430417_1142.ts,2025-10-16T12:41:12.149Z
media_w1775568721_1143.ts,2025-10-16T12:41:24.866Z
media_w1599248207_1144.ts,2025-10-16T12:41:33.543Z
media_w457004966_1145.ts,2025-10-16T12:41:42.086Z
media_w1575096594_1146.ts,2025-10-16T12:41:54.861Z
media_w1112814459_1147.ts,2025-10-16T12:42:03.310Z
media_w113687768_1148.ts,2025-10-16T12:42:11.764Z
media_w67298195_1149.ts,2025-10-16T12:42:24.665Z
media_w435836749_1150.ts,2025-10-16T12:42:33.111Z
media_w1549962029_1151.ts,2025-10-16T12:42:41.738Z
media_w1653039624_1152.ts,2025-10-16T12:42:54.549Z
media_w1699145673_1153.ts,2025-10-16T12:43:03.309Z
media_w1361823713_1154.ts,2025-10-16T12:43:11.951Z
media_w1665743933_1155.ts,2025-10-16T12:43:24.969Z
media_w503407655_1156.ts,2025-10-16T12:43:33.630Z
media_w261126054_1157.ts,2025-10-16T12:43:42.118Z
media_w973454521_1158.ts,2025-10-16T12:43:55.018Z
media_w1470214523_1159.ts,2025-10-16T12:44:03.502Z
media_w1270050489_1160.ts,2025-10-16T12:44:12.249Z
media_w353194562_1161.ts,2025-10-16T12:44:20.902Z
media_w416607980_1162.ts,2025-10-16T12:44:33.518Z
media_w278562165_1163.ts,2025-10-16T12:44:41.964Z
media_w1531510279_1164.ts,2025-10-16T12:44:54.770Z
media_w47148850_1165.ts,2025-10-16T12:45:03.330Z
media_w2066395966_1166.ts,2025-10-16T12:45:11.970Z
media_w257457418_1167.ts,2025-10-16T12:45:24.563Z
media_w1251292606_1168.ts,2025-10-16T12:45:33.190Z
media_w1846055260_1169.ts,2025-10-16T12:45:41.662Z
media_w1524757073_1170.ts,2025-10-16T12:45:54.557Z
media_w887744425_1171.ts,2025-10-16T12:46:03.232Z
media_w2096167108_1172.ts,2025-10-16T12:46:11.840Z
media_w847712775_1173.ts,2025-10-16T12:46:24.782Z
media_w1830817044_1174.ts,2025-10-16T12:46:33.234Z
media_w881453063_1175.ts,2025-10-16T12:46:41.703Z
media_w622111759_1176.ts,2025-10-16T12:46:54.510Z
media_w1043650610_1177.ts,2025-10-16T12:47:03.166Z
media_w1376505887_1178.ts,2025-10-16T12:47:11.841Z
media_w1193183957_1179.ts,2025-10-16T12:47:24.663Z
media_w2117675352_1180.ts,2025-10-16T12:47:33.354Z
media_w1818334080_1181.ts,2025-10-16T12:47:42.021Z
media_w797930687_1182.ts,2025-10-16T12:47:54.747Z
media_w211724106_1183.ts,2025-10-16T12:48:03.469Z
media_w433753503_1184.ts,2025-10-16T12:48:11.968Z
media_w1209970698_1185.ts,2025-10-16T12:48:24.815Z
media_w850243644_1186.ts,2025-10-16T12:48:33.432Z
media_w1308454592_1187.ts,2025-10-16T12:48:42.019Z
media_w1476345348_1188.ts,2025-10-16T12:48:54.890Z
media_w32182881_1189.ts,2025-10-16T12:49:03.530Z
media_w976564562_1190.ts,2025-10-16T12:49:12.437Z
media_w635706624_1191.ts,2025-10-16T12:49:20.906Z
media_w703775091_1192.ts,2025-10-16T12:49:33.534Z
media_w356525415_1193.ts,2025-10-16T12:49:42.275Z
media_w1102422695_1194.ts,2025-10-16T12:49:55.132Z
media_w1763155170_1195.ts,2025-10-16T12:50:03.896Z
media_w1147145753_1196.ts,2025-10-16T12:50:12.684Z
media_w1801827388_1197.ts,2025-10-16T12:50:21.250Z
media_w644169031_1198.ts,2025-10-16T12:50:34.151Z
media_w1420927903_1199.ts,2025-10-16T12:50:42.957Z
media_w1714033121_1200.ts,2025-10-16T12:50:51.495Z
media_w1777461396_1201.ts,2025-10-16T12:51:04.194Z
media_w917724079_1202.ts,2025-10-16T12:51:12.683Z
media_w414243282_1203.ts,2025-10-16T12:51:21.398Z
media_w1069322311_1204.ts,2025-10-16T12:51:34.165Z
media_w1050974474_1205.ts,2025-10-16T12:51:42.880Z
media_w1513681446_1206.ts,2025-10-16T12:51:51.634Z
media_w1480117703_1207.ts,2025-10-16T12:52:04.437Z
media_w299645566_1208.ts,2025-10-16T12:52:12.926Z
media_w1655336707_1209.ts,2025-10-16T12:52:21.710Z
media_w1085172324_1210.ts,2025-10-16T12:52:34.861Z
media_w818240768_1211.ts,2025-10-16T12:52:43.674Z
media_w1530807927_1212.ts,2025-10-16T12:52:52.262Z
media_w1395378393_1213.ts,2025-10-16T12:53:05.126Z
media_w2096919721_1214.ts,2025-10-16T12:53:13.803Z
media_w138409348_1215.ts,2025-10-16T12:53:22.354Z
media_w222890379_1216.ts,2025-10-16T12:53:30.883Z
media_w19386379_1217.ts,2025-10-16T12:53:43.722Z
media_w1011265074_1218.ts,2025-10-16T12:53:52.348Z
media_w1057860303_1219.ts,2025-10-16T12:54:05.122Z
media_w1167800589_1220.ts,2025-10-16T12:54:13.699Z
media_w979782690_1221.ts,2025-10-16T12:54:23.424Z
media_w1671237824_1222.ts,2025-10-16T12:54:32.185Z
media_w877921307_1223.ts,2025-10-16T12:54:45.150Z
media_w125414438_1224.ts,2025-10-16T12:54:53.894Z
media_w1583452446_1225.ts,2025-10-16T12:55:02.498Z
media_w69576033_1226.ts,2025-10-16T12:55:11.267Z
media_w1540498077_1227.ts,2025-10-16T12:55:23.966Z
media_w1450019482_1228.ts,2025-10-16T12:55:32.497Z
media_w884892808_1229.ts,2025-10-16T12:55:41.094Z
media_w969455241_1230.ts,2025-10-16T12:55:53.894Z
media_w1809160252_1231.ts,2025-10-16T12:56:02.367Z
media_w1401199837_1232.ts,2025-10-16T12:56:15.322Z
media_w987306698_1233.ts,2025-10-16T12:56:23.939Z
media_w1104432324_1234.ts,2025-10-16T12:56:32.611Z
media_w1672882353_1235.ts,2025-10-16T12:56:41.326Z
media_w489896710_1236.ts,2025-10-16T12:56:54.307Z
media_w922573041_1237.ts,2025-10-16T12:57:02.838Z
media_w1656714284_1238.ts,2025-10-16T12:57:11.506Z
media_w725861938_1239.ts,2025-10-16T12:57:24.330Z
media_w1285634780_1240.ts,2025-10-16T12:57:32.844Z
media_w1081338942_1241.ts,2025-10-16T12:57:41.787Z
media_w1068708725_1242.ts,2025-10-16T12:57:54.663Z
media_w436767950_1243.ts,2025-10-16T12:58:03.158Z
media_w616974482_1244.ts,2025-10-16T12:58:11.841Z
media_w180013256_1245.ts,2025-10-16T12:58:24.626Z
media_w787481012_1246.ts,2025-10-16T12:58:33.430Z
media_w62691562_1247.ts,2025-10-16T12:58:42.120Z
media_w1872842419_1248.ts,2025-10-16T12:58:54.986Z
media_w191408324_1249.ts,2025-10-16T12:59:03.622Z
media_w1593702658_1250.ts,2025-10-16T12:59:12.339Z
media_w961167550_1251.ts,2025-10-16T12:59:20.934Z
media_w1077745504_1252.ts,2025-10-16T12:59:34.182Z
media_w1845259300_1253.ts,2025-10-16T12:59:42.994Z
media_w417677482_1254.ts,2025-10-16T12:59:51.623Z
media_w321030869_1255.ts,2025-10-16T13:00:04.460Z
media_w2124327826_1256.ts,2025-10-16T13:00:13.168Z
media_w134860920_1257.ts,2025-10-16T13:00:21.838Z
media_w184389884_1258.ts,2025-10-16T13:00:34.578Z
media_w817007677_1259.ts,2025-10-16T13:00:43.255Z
media_w1625947_1260.ts,2025-10-16T13:00:51.928Z
media_w468556259_1261.ts,2025-10-16T13:01:04.854Z
media_w1342319713_1262.ts,2025-10-16T13:01:13.518Z
media_w364627322_1263.ts,2025-10-16T13:01:22.292Z
media_w342080204_1264.ts,2025-10-16T13:01:31.119Z
media_w952105705_1265.ts,2025-10-16T13:01:44.122Z
media_w1833505619_1266.ts,2025-10-16T13:01:52.803Z
media_w897703103_1267.ts,2025-10-16T13:02:01.294Z
media_w437178720_1268.ts,2025-10-16T13:02:14.324Z
media_w101872623_1269.ts,2025-10-16T13:02:22.810Z
media_w470956880_1270.ts,2025-10-16T13:02:31.570Z
media_w1371616388_1271.ts,2025-10-16T13:02:44.278Z
media_w2116540923_1272.ts,2025-10-16T13:02:52.854Z
media_w2030990170_1273.ts,2025-10-16T13:03:01.590Z
media_w1064530889_1274.ts,2025-10-16T13:03:14.438Z
media_w1623803498_1275.ts,2025-10-16T13:03:23.270Z
media_w1314452737_1276.ts,2025-10-16T13:03:31.986Z
media_w416048049_1277.ts,2025-10-16T13:03:44.734Z
media_w223879892_1278.ts,2025-10-16T13:03:53.315Z
media_w406603283_1279.ts,2025-10-16T13:04:01.947Z
media_w946622586_1280.ts,2025-10-16T13:04:14.647Z
media_w1978884345_1281.ts,2025-10-16T13:04:23.333Z
media_w2052242314_1282.ts,2025-10-16T13:04:31.986Z
media_w958652696_1283.ts,2025-10-16T13:04:44.801Z
media_w378332917_1284.ts,2025-10-16T13:04:53.576Z
media_w327068708_1285.ts,2025-10-16T13:05:02.177Z
media_w863689204_1286.ts,2025-10-16T13:05:14.997Z
media_w1454071087_1287.ts,2025-10-16T13:05:23.518Z
media_w556610165_1288.ts,2025-10-16T13:05:32.093Z
media_w1309796612_1289.ts,2025-10-16T13:05:40.578Z
media_w1069224347_1290.ts,2025-10-16T13:05:53.529Z
media_w1292234069_1291.ts,2025-10-16T13:06:02.032Z
media_w617844335_1292.ts,2025-10-16T13:06:14.805Z
media_w1663106468_1293.ts,2025-10-16T13:06:23.766Z
media_w998265042_1294.ts,2025-10-16T13:06:32.519Z
media_w1439989274_1295.ts,2025-10-16T13:06:40.986Z
media_w1947879432_1296.ts,2025-10-16T13:06:53.685Z
media_w55263008_1297.ts,2025-10-16T13:07:02.337Z
media_w1612903171_1298.ts,2025-10-16T13:07:11.053Z
media_w1274721712_1299.ts,2025-10-16T13:07:23.765Z
media_w796107763_1300.ts,2025-10-16T13:07:32.355Z
media_w523964844_1301.ts,2025-10-16T13:07:45.101Z
media_w516851257_1302.ts,2025-10-16T13:07:53.638Z
media_w2011778918_1303.ts,2025-10-16T13:08:02.258Z
media_w2143203410_1304.ts,2025-10-16T13:08:10.910Z
media_w1135621518_1305.ts,2025-10-16T13:08:23.673Z
media_w1969399915_1306.ts,2025-10-16T13:08:32.254Z
media_w1791543790_1307.ts,2025-10-16T13:08:44.893Z
media_w119795249_1308.ts,2025-10-16T13:08:53.508Z
media_w1958142905_1309.ts,2025-10-16T13:09:02.281Z
media_w1497629154_1310.ts,2025-10-16T13:09:10.870Z
media_w1881101887_1311.ts,2025-10-16T13:09:23.944Z
media_w1977443730_1312.ts,2025-10-16T13:09:32.599Z
media_w796622501_1313.ts,2025-10-16T13:09:41.069Z
media_w1789841325_1314.ts,2025-10-16T13:09:53.833Z
media_w2072322469_1315.ts,2025-10-16T13:10:02.441Z
media_w480364359_1316.ts,2025-10-16T13:10:10.893Z
media_w961003310_1317.ts,2025-10-16T13:10:23.821Z
media_w1333003146_1318.ts,2025-10-16T13:10:32.596Z
media_w502081197_1319.ts,2025-10-16T13:10:41.209Z
media_w1818514534_1320.ts,2025-10-16T13:10:53.973Z
media_w1642599587_1321.ts,2025-10-16T13:11:02.713Z
media_w686048304_1322.ts,2025-10-16T13:11:11.432Z
media_w183966020_1323.ts,2025-10-16T13:11:24.232Z
media_w1878653094_1324.ts,2025-10-16T13:11:32.936Z
media_w1428920359_1325.ts,2025-10-16T13:11:41.421Z
media_w124428863_1326.ts,2025-10-16T13:11:54.184Z
media_w1403185493_1327.ts,2025-10-16T13:12:02.878Z
media_w91461891_1328.ts,2025-10-16T13:12:11.556Z
media_w1119986406_1329.ts,2025-10-16T13:12:24.332Z
media_w641938999_1330.ts,2025-10-16T13:12:33.218Z
media_w2129017775_1331.ts,2025-10-16T13:12:41.969Z
media_w1375525703_1332.ts,2025-10-16T13:12:54.901Z
media_w160449204_1333.ts,2025-10-16T13:13:03.661Z
media_w1033313762_1334.ts,2025-10-16T13:13:12.393Z
media_w653531848_1335.ts,2025-10-16T13:13:21.156Z
media_w498709593_1336.ts,2025-10-16T13:13:33.956Z
media_w2121443513_1337.ts,2025-10-16T13:13:42.573Z
media_w2112874359_1338.ts,2025-10-16T13:13:55.388Z
media_w1573283745_1339.ts,2025-10-16T13:14:03.956Z
media_w1428897772_1340.ts,2025-10-16T13:14:12.641Z
media_w2030397375_1341.ts,2025-10-16T13:14:25.416Z
media_w587671889_1342.ts,2025-10-16T13:14:34.073Z
media_w238751446_1343.ts,2025-10-16T13:14:42.845Z
media_w2137124091_1344.ts,2025-10-16T13:14:51.525Z
media_w1472182267_1345.ts,2025-10-16T13:15:04.396Z
media_w1069245793_1346.ts,2025-10-16T13:15:13.053Z
media_w1895435819_1347.ts,2025-10-16T13:15:21.766Z
media_w1568850351_1348.ts,2025-10-16T13:15:34.564Z
media_w239541210_1349.ts,2025-10-16T13:15:43.816Z
media_w1872731034_1350.ts,2025-10-16T13:15:52.528Z
media_w71399511_1351.ts,2025-10-16T13:16:05.257Z
media_w949534980_1352.ts,2025-10-16T13:16:13.943Z
media_w264736348_1353.ts,2025-10-16T13:16:22.678Z
media_w228117627_1354.ts,2025-10-16T13:16:31.380Z
media_w129135453_1355.ts,2025-10-16T13:16:44.215Z
media_w45467407_1356.ts,2025-10-16T13:16:52.902Z
media_w1198755667_1357.ts,2025-10-16T13:17:01.620Z
media_w1935063240_1358.ts,2025-10-16T13:17:14.328Z
media_w903159405_1359.ts,2025-10-16T13:17:22.911Z
media_w143992342_1360.ts,2025-10-16T13:17:31.413Z
media_w586738783_1361.ts,2025-10-16T13:17:44.299Z
media_w1200703703_1362.ts,2025-10-16T13:17:53.037Z
media_w1044878177_1363.ts,2025-10-16T13:18:01.786Z
media_w837015457_1364.ts,2025-10-16T13:18:14.500Z
media_w1830778692_1365.ts,2025-10-16T13:18:23.085Z
media_w275401830_1366.ts,2025-10-16T13:18:31.800Z
media_w150537152_1367.ts,2025-10-16T13:18:44.495Z
media_w200235241_1368.ts,2025-10-16T13:18:53.331Z
media_w2108235485_1369.ts,2025-10-16T13:19:01.767Z
media_w1279569634_1370.ts,2025-10-16T13:19:14.368Z
media_w1852698715_1371.ts,2025-10-16T13:19:23.080Z
media_w1614928988_1372.ts,2025-10-16T13:19:32.663Z
media_w1243398847_1373.ts,2025-10-16T13:19:41.235Z
media_w1647412805_1374.ts,2025-10-16T13:19:53.841Z
media_w2101138622_1375.ts,2025-10-16T13:20:02.678Z
media_w1809662678_1376.ts,2025-10-16T13:20:11.389Z
media_w1163109476_1377.ts,2025-10-16T13:20:24.399Z
media_w1217049579_1378.ts,2025-10-16T13:20:33.468Z
media_w439656900_1379.ts,2025-10-16T13:20:42.178Z
media_w1012312482_1380.ts,2025-10-16T13:20:55.060Z
media_w1720769710_1381.ts,2025-10-16T13:21:03.744Z
media_w250103516_1382.ts,2025-10-16T13:21:12.460Z
media_w1389098500_1383.ts,2025-10-16T13:21:21.069Z
media_w89764083_1384.ts,2025-10-16T13:21:33.936Z
media_w1318039863_1385.ts,2025-10-16T13:21:42.739Z
media_w811780516_1386.ts,2025-10-16T13:21:51.418Z
media_w1305197693_1387.ts,2025-10-16T13:22:04.299Z
media_w665355248_1388.ts,2025-10-16T13:22:12.963Z
media_w989142728_1389.ts,2025-10-16T13:22:21.707Z
media_w636140806_1390.ts,2025-10-16T13:22:34.592Z
media_w2041783218_1391.ts,2025-10-16T13:22:43.303Z
media_w1447590310_1392.ts,2025-10-16T13:22:51.968Z
media_w1275082372_1393.ts,2025-10-16T13:23:04.939Z
media_w128182679_1394.ts,2025-10-16T13:23:13.579Z
media_w1146825708_1395.ts,2025-10-16T13:23:22.362Z
media_w13854847_1396.ts,2025-10-16T13:23:30.839Z
media_w62202133_1397.ts,2025-10-16T13:23:43.620Z
media_w525124412_1398.ts,2025-10-16T13:23:52.198Z
media_w589871339_1399.ts,2025-10-16T13:24:05.088Z
media_w1457460508_1400.ts,2025-10-16T13:24:13.727Z
media_w871285077_1401.ts,2025-10-16T13:24:22.479Z
media_w1483495935_1402.ts,2025-10-16T13:24:31.084Z
media_w150259468_1403.ts,2025-10-16T13:24:44.106Z
media_w1069937594_1404.ts,2025-10-16T13:24:52.631Z
media_w1224577721_1405.ts,2025-10-16T13:25:01.324Z
media_w212571184_1406.ts,2025-10-16T13:25:14.319Z
media_w1375505153_1407.ts,2025-10-16T13:25:22.973Z
media_w1251755601_1408.ts,2025-10-16T13:25:31.483Z
media_w1798149970_1409.ts,2025-10-16T13:25:44.213Z
media_w478251324_1410.ts,2025-10-16T13:25:52.970Z
media_w332417623_1411.ts,2025-10-16T13:26:01.600Z
media_w326971020_1412.ts,2025-10-16T13:26:14.555Z
media_w2031988887_1413.ts,2025-10-16T13:26:23.153Z
media_w1866839922_1414.ts,2025-10-16T13:26:31.920Z
media_w70935990_1415.ts,2025-10-16T13:26:44.691Z
media_w773290572_1416.ts,2025-10-16T13:26:53.609Z
media_w1682922906_1417.ts,2025-10-16T13:27:02.176Z
media_w933981188_1418.ts,2025-10-16T13:27:14.839Z
media_w403312005_1419.ts,2025-10-16T13:27:23.298Z
media_w1756531536_1420.ts,2025-10-16T13:27:31.973Z
media_w361557865_1421.ts,2025-10-16T13:27:40.688Z
media_w971938034_1422.ts,2025-10-16T13:27:53.331Z
media_w157990860_1423.ts,2025-10-16T13:28:01.856Z
media_w1291418561_1424.ts,2025-10-16T13:28:14.671Z
media_w1041270625_1425.ts,2025-10-16T13:28:23.356Z
media_w783150447_1426.ts,2025-10-16T13:28:32.031Z
media_w439349095_1427.ts,2025-10-16T13:28:40.692Z
media_w1278351549_1428.ts,2025-10-16T13:28:53.603Z
media_w910502120_1429.ts,2025-10-16T13:29:02.393Z
media_w2054436990_1430.ts,2025-10-16T13:29:11.055Z
media_w2053570650_1431.ts,2025-10-16T13:29:23.865Z
media_w2035303887_1432.ts,2025-10-16T13:29:32.580Z
media_w1038375562_1433.ts,2025-10-16T13:29:45.336Z
media_w2144168438_1434.ts,2025-10-16T13:29:54.083Z
media_w1245306820_1435.ts,2025-10-16T13:30:02.844Z
media_w1440237340_1436.ts,2025-10-16T13:30:11.415Z
media_w1824803229_1437.ts,2025-10-16T13:30:24.340Z
media_w2029220599_1438.ts,2025-10-16T13:30:33.019Z
media_w964338327_1439.ts,2025-10-16T13:30:41.571Z
media_w166236648_1440.ts,2025-10-16T13:30:54.188Z
media_w145515660_1441.ts,2025-10-16T13:31:03.138Z
media_w1190276784_1442.ts,2025-10-16T13:31:11.620Z
media_w2043390438_1443.ts,2025-10-16T13:31:24.301Z
media_w158854772_1444.ts,2025-10-16T13:31:33.129Z
media_w1183471279_1445.ts,2025-10-16T13:31:41.772Z
media_w390726145_1446.ts,2025-10-16T13:31:54.607Z
media_w694380434_1447.ts,2025-10-16T13:32:03.579Z
media_w190470993_1448.ts,2025-10-16T13:32:12.117Z
media_w1121535490_1449.ts,2025-10-16T13:32:24.764Z
media_w364447349_1450.ts,2025-10-16T13:32:33.352Z
media_w1702008779_1451.ts,2025-10-16T13:32:41.925Z
media_w928875375_1452.ts,2025-10-16T13:32:54.791Z
media_w1016184350_1453.ts,2025-10-16T13:33:03.420Z
media_w621351186_1454.ts,2025-10-16T13:33:12.113Z
media_w2031094647_1455.ts,2025-10-16T13:33:20.640Z
media_w1012885144_1456.ts,2025-10-16T13:33:33.448Z
media_w1890580463_1457.ts,2025-10-16T13:33:42.361Z
media_w1260533342_1458.ts,2025-10-16T13:33:55.183Z
media_w387335926_1459.ts,2025-10-16T13:34:03.848Z
media_w2039974854_1460.ts,2025-10-16T13:34:12.599Z
media_w1156200925_1461.ts,2025-10-16T13:34:21.261Z
media_w1072023324_1462.ts,2025-10-16T13:34:34.395Z
media_w1744207903_1463.ts,2025-10-16T13:34:43.278Z
media_w594819669_1464.ts,2025-10-16T13:34:51.923Z
media_w289826192_1465.ts,2025-10-16T13:35:04.505Z
media_w342498349_1466.ts,2025-10-16T13:35:13.283Z
media_w2129172562_1467.ts,2025-10-16T13:35:22.048Z
media_w1179150689_1468.ts,2025-10-16T13:35:34.883Z
media_w760357460_1469.ts,2025-10-16T13:35:43.539Z
media_w22975094_1470.ts,2025-10-16T13:35:52.020Z
media_w718267710_1471.ts,2025-10-16T13:36:04.895Z
media_w983197346_1472.ts,2025-10-16T13:36:13.502Z
media_w1689251609_1473.ts,2025-10-16T13:36:22.103Z
media_w1683284640_1474.ts,2025-10-16T13:36:34.909Z
media_w2006754313_1475.ts,2025-10-16T13:36:43.583Z
media_w1561655480_1476.ts,2025-10-16T13:36:52.102Z
media_w435035494_1477.ts,2025-10-16T13:37:04.908Z
media_w713851361_1478.ts,2025-10-16T13:37:13.567Z
media_w440978963_1479.ts,2025-10-16T13:37:22.124Z
media_w935853611_1480.ts,2025-10-16T13:37:34.734Z
media_w1121444151_1481.ts,2025-10-16T13:37:43.413Z
media_w1433027186_1482.ts,2025-10-16T13:37:52.055Z
media_w741931564_1483.ts,2025-10-16T13:38:04.681Z
media_w702359994_1484.ts,2025-10-16T13:38:13.220Z
media_w1865766025_1485.ts,2025-10-16T13:38:21.892Z
media_w1170131940_1486.ts,2025-10-16T13:38:34.756Z
media_w1549979347_1487.ts,2025-10-16T13:38:43.278Z
media_w712394982_1488.ts,2025-10-16T13:38:51.712Z
media_w696875753_1489.ts,2025-10-16T13:39:04.617Z
media_w970968602_1490.ts,2025-10-16T13:39:13.489Z
media_w1293301271_1491.ts,2025-10-16T13:39:22.380Z
media_w307686376_1492.ts,2025-10-16T13:39:31.005Z
media_w422705609_1493.ts,2025-10-16T13:39:43.750Z
media_w465836270_1494.ts,2025-10-16T13:39:52.303Z
media_w952813602_1495.ts,2025-10-16T13:40:04.920Z
media_w1264967073_1496.ts,2025-10-16T13:40:13.801Z
media_w1737825939_1497.ts,2025-10-16T13:40:22.389Z
media_w184711035_1498.ts,2025-10-16T13:40:35.180Z
media_w177929845_1499.ts,2025-10-16T13:40:43.880Z
media_w1999192461_1500.ts,2025-10-16T13:40:52.486Z
media_w854039102_1501.ts,2025-10-16T13:41:00.929Z
media_w1438405465_1502.ts,2025-10-16T13:41:13.681Z
media_w2131218820_1503.ts,2025-10-16T13:41:22.210Z
media_w959469705_1504.ts,2025-10-16T13:41:34.933Z
media_w1904882100_1505.ts,2025-10-16T13:41:43.717Z
media_w1580974605_1506.ts,2025-10-16T13:41:52.786Z
media_w1205400980_1507.ts,2025-10-16T13:42:01.566Z
media_w604764188_1508.ts,2025-10-16T13:42:14.605Z
media_w2015604914_1509.ts,2025-10-16T13:42:23.237Z
media_w430163926_1510.ts,2025-10-16T13:42:32.013Z
media_w530106724_1511.ts,2025-10-16T13:42:40.702Z
media_w457465143_1512.ts,2025-10-16T13:42:53.637Z
media_w273066952_1513.ts,2025-10-16T13:43:02.415Z
media_w1300712125_1514.ts,2025-10-16T13:43:10.962Z
media_w621943249_1515.ts,2025-10-16T13:43:23.925Z
media_w905495805_1516.ts,2025-10-16T13:43:32.742Z
media_w1749486973_1517.ts,2025-10-16T13:43:45.787Z
media_w173729687_1518.ts,2025-10-16T13:43:54.327Z
media_w1346409708_1519.ts,2025-10-16T13:44:03.041Z
media_w959731330_1520.ts,2025-10-16T13:44:11.749Z
media_w400369138_1521.ts,2025-10-16T13:44:24.630Z
media_w1695719656_1522.ts,2025-10-16T13:44:33.153Z
media_w989633212_1523.ts,2025-10-16T13:44:41.831Z
media_w1557069144_1524.ts,2025-10-16T13:44:54.522Z
media_w948253916_1525.ts,2025-10-16T13:45:03.032Z
media_w576322400_1526.ts,2025-10-16T13:45:11.631Z
media_w2106429340_1527.ts,2025-10-16T13:45:24.513Z
media_w1423821480_1528.ts,2025-10-16T13:45:33.474Z
media_w1386583121_1529.ts,2025-10-16T13:45:42.667Z
media_w2071719649_1530.ts,2025-10-16T13:45:51.265Z
media_w1596813975_1531.ts,2025-10-16T13:46:04.225Z
media_w2112040291_1532.ts,2025-10-16T13:46:13.079Z
media_w1753880386_1533.ts,2025-10-16T13:46:21.848Z
media_w2124809685_1534.ts,2025-10-16T13:46:34.734Z
media_w600326920_1535.ts,2025-10-16T13:46:43.526Z
media_w960444740_1536.ts,2025-10-16T13:46:52.154Z
media_w1325489922_1537.ts,2025-10-16T13:47:05.098Z
media_w2064728103_1538.ts,2025-10-16T13:47:13.846Z
media_w1679106711_1539.ts,2025-10-16T13:47:23.134Z
media_w2127731962_1540.ts,2025-10-16T13:47:32.048Z
media_w1712758209_1541.ts,2025-10-16T13:47:44.782Z
media_w1082221047_1542.ts,2025-10-16T13:47:53.430Z
media_w261109291_1543.ts,2025-10-16T13:48:02.080Z
media_w299469223_1544.ts,2025-10-16T13:48:15.055Z
media_w859239191_1545.ts,2025-10-16T13:48:23.854Z
media_w1832303085_1546.ts,2025-10-16T13:48:32.387Z
media_w1617943369_1547.ts,2025-10-16T13:48:41.162Z
media_w623514234_1548.ts,2025-10-16T13:48:54.138Z
media_w1430104622_1549.ts,2025-10-16T13:49:02.850Z
media_w1722363353_1550.ts,2025-10-16T13:49:11.518Z
media_w55298849_1551.ts,2025-10-16T13:49:24.555Z
media_w918378531_1552.ts,2025-10-16T13:49:33.290Z
media_w176739328_1553.ts,2025-10-16T13:49:41.982Z
media_w123214772_1554.ts,2025-10-16T13:49:54.790Z
media_w241913729_1555.ts,2025-10-16T13:50:03.344Z
media_w699508627_1556.ts,2025-10-16T13:50:12.111Z
media_w233468402_1557.ts,2025-10-16T13:50:20.934Z
media_w1248242022_1558.ts,2025-10-16T13:50:33.862Z
media_w1028102227_1559.ts,2025-10-16T13:50:42.609Z
media_w1590192380_1560.ts,2025-10-16T13:50:51.535Z
media_w754463375_1561.ts,2025-10-16T13:51:04.360Z
media_w453106768_1562.ts,2025-10-16T13:51:13.426Z
media_w2090164678_1563.ts,2025-10-16T13:51:22.146Z
media_w2050519964_1564.ts,2025-10-16T13:51:30.655Z
media_w1767874258_1565.ts,2025-10-16T13:51:43.635Z
media_w502390748_1566.ts,2025-10-16T13:51:52.202Z
media_w347504795_1567.ts,2025-10-16T13:52:04.851Z
media_w929074908_1568.ts,2025-10-16T13:52:13.287Z
media_w1323737282_1569.ts,2025-10-16T13:52:21.869Z
media_w92929516_1570.ts,2025-10-16T13:52:34.779Z
media_w2113573244_1571.ts,2025-10-16T13:52:43.645Z
media_w1556930454_1572.ts,2025-10-16T13:52:52.292Z
media_w157624753_1573.ts,2025-10-16T13:53:05.164Z
media_w1395751634_1574.ts,2025-10-16T13:53:13.709Z
media_w58808509_1575.ts,2025-10-16T13:53:22.511Z
media_w1724925500_1576.ts,2025-10-16T13:53:30.975Z
media_w49141432_1577.ts,2025-10-16T13:53:43.792Z
media_w1754359039_1578.ts,2025-10-16T13:53:53.025Z
media_w691919799_1579.ts,2025-10-16T13:54:01.862Z
media_w2127604919_1580.ts,2025-10-16T13:54:14.643Z
media_w1528077690_1581.ts,2025-10-16T13:54:23.606Z
media_w1447268644_1582.ts,2025-10-16T13:54:32.465Z
media_w1160288230_1583.ts,2025-10-16T13:54:41.159Z
media_w1980894129_1584.ts,2025-10-16T13:54:53.959Z
media_w1395029224_1585.ts,2025-10-16T13:55:02.764Z
media_w1997718304_1586.ts,2025-10-16T13:55:11.240Z
media_w891124255_1587.ts,2025-10-16T13:55:24.030Z
media_w1329534049_1588.ts,2025-10-16T13:55:32.948Z
media_w1854731205_1589.ts,2025-10-16T13:55:41.459Z
media_w248005166_1590.ts,2025-10-16T13:55:54.279Z
media_w1660659130_1591.ts,2025-10-16T13:56:03.078Z
media_w310442262_1592.ts,2025-10-16T13:56:11.715Z
media_w1283399920_1593.ts,2025-10-16T13:56:24.439Z
media_w445737095_1594.ts,2025-10-16T13:56:33.826Z
media_w1253419694_1595.ts,2025-10-16T13:56:42.832Z
media_w780475929_1596.ts,2025-10-16T13:56:51.648Z
media_w1153923258_1597.ts,2025-10-16T13:57:04.315Z
media_w2009001262_1598.ts,2025-10-16T13:57:12.891Z
media_w1929921632_1599.ts,2025-10-16T13:57:21.715Z
media_w276141222_1600.ts,2025-10-16T13:57:34.759Z
media_w1961949343_1601.ts,2025-10-16T13:57:43.232Z
media_w1246105581_1602.ts,2025-10-16T13:57:51.912Z
media_w510635181_1603.ts,2025-10-16T13:58:04.639Z
media_w1716289281_1604.ts,2025-10-16T13:58:13.230Z
media_w1593494810_1605.ts,2025-10-16T13:58:21.730Z
media_w1651756944_1606.ts,2025-10-16T13:58:34.356Z
media_w72043793_1607.ts,2025-10-16T13:58:42.878Z
media_w1967841261_1608.ts,2025-10-16T13:58:51.912Z
media_w1242417523_1609.ts,2025-10-16T13:59:04.747Z
media_w1369930160_1610.ts,2025-10-16T13:59:13.463Z
media_w1097780158_1611.ts,2025-10-16T13:59:22.200Z
media_w303828859_1612.ts,2025-10-16T13:59:35.335Z
media_w1669615787_1613.ts,2025-10-16T13:59:44.155Z
media_w366753793_1614.ts,2025-10-16T13:59:52.974Z
media_w1427793193_1615.ts,2025-10-16T14:00:01.740Z
media_w1632659508_1616.ts,2025-10-16T14:00:14.536Z
media_w141921137_1617.ts,2025-10-16T14:00:23.527Z
media_w1916036603_1618.ts,2025-10-16T14:00:32.041Z
media_w247854301_1619.ts,2025-10-16T14:00:44.920Z
media_w733898691_1620.ts,2025-10-16T14:00:53.467Z
media_w615108340_1621.ts,2025-10-16T14:01:02.043Z
media_w383091220_1622.ts,2025-10-16T14:01:10.574Z
media_w491809101_1623.ts,2025-10-16T14:01:23.664Z
media_w1695590197_1624.ts,2025-10-16T14:01:32.189Z
media_w387590947_1625.ts,2025-10-16T14:01:45.196Z
media_w783687482_1626.ts,2025-10-16T14:01:53.952Z
media_w1809096904_1627.ts,2025-10-16T14:02:02.703Z
media_w2013704639_1628.ts,2025-10-16T14:02:15.519Z
media_w2042279232_1629.ts,2025-10-16T14:02:24.152Z
media_w950835773_1630.ts,2025-10-16T14:02:32.810Z
media_w2084128706_1631.ts,2025-10-16T14:02:41.493Z
media_w1817653083_1632.ts,2025-10-16T14:02:54.351Z
media_w626052784_1633.ts,2025-10-16T14:03:03.221Z
media_w1673611861_1634.ts,2025-10-16T14:03:11.846Z
media_w827233218_1635.ts,2025-10-16T14:03:24.828Z
media_w1287999042_1636.ts,2025-10-16T14:03:33.663Z
media_w946390581_1637.ts,2025-10-16T14:03:42.427Z
media_w1039254368_1638.ts,2025-10-16T14:03:55.097Z
media_w79608206_1639.ts,2025-10-16T14:04:03.589Z
media_w774258961_1640.ts,2025-10-16T14:04:12.704Z
media_w1955387496_1641.ts,2025-10-16T14:04:21.408Z
media_w134856732_1642.ts,2025-10-16T14:04:34.340Z
media_w907069734_1643.ts,2025-10-16T14:04:43.023Z
media_w1284795375_1644.ts,2025-10-16T14:04:51.608Z
media_w637461101_1645.ts,2025-10-16T14:05:04.248Z
media_w1584275616_1646.ts,2025-10-16T14:05:13.203Z
media_w1650735448_1647.ts,2025-10-16T14:05:22.173Z
media_w2051767679_1648.ts,2025-10-16T14:05:35.019Z
media_w769445901_1649.ts,2025-10-16T14:05:43.788Z
media_w1292032220_1650.ts,2025-10-16T14:05:52.534Z
media_w1640411803_1651.ts,2025-10-16T14:06:05.399Z
media_w757905682_1652.ts,2025-10-16T14:06:14.125Z
media_w492008322_1653.ts,2025-10-16T14:06:22.660Z
media_w362079388_1654.ts,2025-10-16T14:06:31.196Z
media_w1623633024_1655.ts,2025-10-16T14:06:44.159Z
media_w141253740_1656.ts,2025-10-16T14:06:52.881Z
media_w1473511481_1657.ts,2025-10-16T14:07:01.577Z
media_w1168037200_1658.ts,2025-10-16T14:07:14.460Z
media_w122425185_1659.ts,2025-10-16T14:07:23.128Z
media_w797660413_1660.ts,2025-10-16T14:07:31.576Z
media_w1017097639_1661.ts,2025-10-16T14:07:44.565Z
media_w305802814_1662.ts,2025-10-16T14:07:53.567Z
media_w1063244685_1663.ts,2025-10-16T14:08:02.272Z
media_w2145585754_1664.ts,2025-10-16T14:08:10.901Z
media_w1071207110_1665.ts,2025-10-16T14:08:23.688Z
media_w822440622_1666.ts,2025-10-16T14:08:32.386Z
media_w1402664723_1667.ts,2025-10-16T14:08:45.240Z
media_w378346448_1668.ts,2025-10-16T14:08:53.975Z
media_w458685207_1669.ts,2025-10-16T14:09:02.527Z
media_w1202909975_1670.ts,2025-10-16T14:09:15.424Z
media_w1116412570_1671.ts,2025-10-16T14:09:24.091Z
media_w682497347_1672.ts,2025-10-16T14:09:32.905Z
media_w2039277931_1673.ts,2025-10-16T14:09:41.723Z
media_w1841081015_1674.ts,2025-10-16T14:09:54.563Z
media_w222750281_1675.ts,2025-10-16T14:10:03.180Z
media_w2052448910_1676.ts,2025-10-16T14:10:11.883Z
media_w785361911_1677.ts,2025-10-16T14:10:24.727Z
media_w2077087010_1678.ts,2025-10-16T14:10:33.423Z
media_w1493189883_1679.ts,2025-10-16T14:10:42.101Z
media_w2143224746_1680.ts,2025-10-16T14:10:54.932Z
media_w928446142_1681.ts,2025-10-16T14:11:03.520Z
media_w2099267972_1682.ts,2025-10-16T14:11:12.359Z
media_w1002187623_1683.ts,2025-10-16T14:11:21.019Z
media_w1787630308_1684.ts,2025-10-16T14:11:33.750Z
media_w594284108_1685.ts,2025-10-16T14:11:42.345Z
media_w171661640_1686.ts,2025-10-16T14:11:55.075Z
media_w1442612434_1687.ts,2025-10-16T14:12:03.648Z
media_w2011076542_1688.ts,2025-10-16T14:12:12.451Z
media_w527756889_1689.ts,2025-10-16T14:12:25.340Z
media_w639596264_1690.ts,2025-10-16T14:12:33.804Z
media_w1887922965_1691.ts,2025-10-16T14:12:42.408Z
media_w1221773924_1692.ts,2025-10-16T14:12:51.110Z
media_w830608970_1693.ts,2025-10-16T14:13:03.996Z
media_w1954675882_1694.ts,2025-10-16T14:13:12.989Z
media_w971356581_1695.ts,2025-10-16T14:13:21.468Z
media_w129091463_1696.ts,2025-10-16T14:13:34.099Z
media_w803120822_1697.ts,2025-10-16T14:13:42.934Z
media_w857264194_1698.ts,2025-10-16T14:13:51.767Z
media_w1674253477_1699.ts,2025-10-16T14:14:04.710Z
media_w747242588_1700.ts,2025-10-16T14:14:13.352Z
media_w1155985410_1701.ts,2025-10-16T14:14:22.016Z
media_w2134555808_1702.ts,2025-10-16T14:14:34.715Z
media_w1751501873_1703.ts,2025-10-16T14:14:43.551Z
media_w882522946_1704.ts,2025-10-16T14:14:52.612Z
media_w1243568092_1705.ts,2025-10-16T14:15:01.462Z
media_w1870412314_1706.ts,2025-10-16T14:15:14.358Z
media_w1378394103_1707.ts,2025-10-16T14:15:22.874Z
media_w406345934_1708.ts,2025-10-16T14:15:31.474Z
media_w849833318_1709.ts,2025-10-16T14:15:44.315Z
media_w30821555_1710.ts,2025-10-16T14:15:52.973Z
media_w1722748932_1711.ts,2025-10-16T14:16:01.779Z
media_w1109399312_1712.ts,2025-10-16T14:16:14.406Z
media_w969604231_1713.ts,2025-10-16T14:16:23.066Z
media_w36172002_1714.ts,2025-10-16T14:16:31.778Z
media_w1867689504_1715.ts,2025-10-16T14:16:44.631Z
media_w1755121263_1716.ts,2025-10-16T14:16:53.314Z
media_w1263680416_1717.ts,2025-10-16T14:17:01.935Z
media_w1568956448_1718.ts,2025-10-16T14:17:14.846Z
media_w436247551_1719.ts,2025-10-16T14:17:23.514Z
media_w505475764_1720.ts,2025-10-16T14:17:32.151Z
media_w1231192022_1721.ts,2025-10-16T14:17:40.870Z
media_w517028593_1722.ts,2025-10-16T14:17:53.697Z
media_w1857020261_1723.ts,2025-10-16T14:18:02.682Z
media_w1640651115_1724.ts,2025-10-16T14:18:11.194Z
media_w363495739_1725.ts,2025-10-16T14:18:23.954Z
media_w901262417_1726.ts,2025-10-16T14:18:32.881Z
media_w1732302370_1727.ts,2025-10-16T14:18:41.473Z
media_w345646514_1728.ts,2025-10-16T14:18:54.561Z
media_w94083410_1729.ts,2025-10-16T14:19:03.314Z
media_w1872117399_1730.ts,2025-10-16T14:19:11.955Z
media_w581925830_1731.ts,2025-10-16T14:19:20.645Z
media_w130487018_1732.ts,2025-10-16T14:19:33.627Z
media_w1089247669_1733.ts,2025-10-16T14:19:42.469Z
media_w1150390801_1734.ts,2025-10-16T14:19:50.930Z
media_w1809125345_1735.ts,2025-10-16T14:20:03.738Z
media_w1097274716_1736.ts,2025-10-16T14:20:12.384Z
media_w54003367_1737.ts,2025-10-16T14:20:25.145Z
media_w245852413_1738.ts,2025-10-16T14:20:33.957Z
media_w1720561084_1739.ts,2025-10-16T14:20:42.735Z
media_w1757412388_1740.ts,2025-10-16T14:20:51.310Z
media_w119757676_1741.ts,2025-10-16T14:21:04.113Z
media_w299466769_1742.ts,2025-10-16T14:21:12.810Z
media_w289977470_1743.ts,2025-10-16T14:21:21.438Z
media_w1681046463_1744.ts,2025-10-16T14:21:34.214Z
media_w924859518_1745.ts,2025-10-16T14:21:43.038Z
media_w1032822582_1746.ts,2025-10-16T14:21:51.642Z
media_w1835476639_1747.ts,2025-10-16T14:22:04.394Z
media_w1677207758_1748.ts,2025-10-16T14:22:13.299Z
media_w2049886293_1749.ts,2025-10-16T14:22:21.962Z
media_w1234887554_1750.ts,2025-10-16T14:22:30.681Z
media_w113990282_1751.ts,2025-10-16T14:22:43.478Z
media_w1234071062_1752.ts,2025-10-16T14:22:52.196Z
media_w1638481658_1753.ts,2025-10-16T14:23:04.802Z
media_w1089793789_1754.ts,2025-10-16T14:23:13.493Z
media_w795679660_1755.ts,2025-10-16T14:23:21.963Z
media_w801984430_1756.ts,2025-10-16T14:23:34.617Z
media_w707283453_1757.ts,2025-10-16T14:23:43.165Z
media_w2119563153_1758.ts,2025-10-16T14:23:51.705Z
media_w1845646280_1759.ts,2025-10-16T14:24:04.354Z
media_w906431239_1760.ts,2025-10-16T14:24:13.221Z
media_w140345633_1761.ts,2025-10-16T14:24:22.251Z
media_w12588871_1762.ts,2025-10-16T14:24:35.093Z
media_w683914360_1763.ts,2025-10-16T14:24:43.716Z
media_w1629171627_1764.ts,2025-10-16T14:24:52.716Z
media_w729779539_1765.ts,2025-10-16T14:25:01.433Z
media_w1781333730_1766.ts,2025-10-16T14:25:14.261Z
media_w1573393684_1767.ts,2025-10-16T14:25:23.002Z
media_w693400906_1768.ts,2025-10-16T14:25:31.761Z
media_w1934614066_1769.ts,2025-10-16T14:25:44.558Z
media_w342177236_1770.ts,2025-10-16T14:25:53.293Z
media_w136293813_1771.ts,2025-10-16T14:26:01.862Z
media_w1291806975_1772.ts,2025-10-16T14:26:14.653Z
media_w973180315_1773.ts,2025-10-16T14:26:23.186Z
media_w198450230_1774.ts,2025-10-16T14:26:31.917Z
media_w1572129811_1775.ts,2025-10-16T14:26:40.398Z
media_w606244370_1776.ts,2025-10-16T14:26:53.120Z
media_w737358923_1777.ts,2025-10-16T14:27:01.549Z
media_w990349853_1778.ts,2025-10-16T14:27:14.293Z
media_w2021706080_1779.ts,2025-10-16T14:27:23.240Z
media_w831529796_1780.ts,2025-10-16T14:27:31.680Z
media_w1017944947_1781.ts,2025-10-16T14:27:44.440Z
media_w1731544907_1782.ts,2025-10-16T14:27:53.208Z
media_w2058608750_1783.ts,2025-10-16T14:28:02.293Z
media_w987870980_1784.ts,2025-10-16T14:28:11.056Z
media_w1631068939_1785.ts,2025-10-16T14:28:23.910Z
media_w573767210_1786.ts,2025-10-16T14:28:32.635Z
media_w4432116_1787.ts,2025-10-16T14:28:45.430Z
media_w461903597_1788.ts,2025-10-16T14:28:53.929Z
media_w1931370660_1789.ts,2025-10-16T14:29:02.534Z
media_w144323698_1790.ts,2025-10-16T14:29:11.201Z
media_w1024552266_1791.ts,2025-10-16T14:29:24.077Z
media_w1724731075_1792.ts,2025-10-16T14:29:32.866Z
media_w87357856_1793.ts,2025-10-16T14:29:41.492Z
media_w614933956_1794.ts,2025-10-16T14:29:54.462Z
media_w1223436682_1795.ts,2025-10-16T14:30:03.574Z
media_w1994839605_1796.ts,2025-10-16T14:30:12.191Z
media_w1642791121_1797.ts,2025-10-16T14:30:25.040Z
media_w1173902617_1798.ts,2025-10-16T14:30:33.483Z
media_w1934062998_1799.ts,2025-10-16T14:30:42.051Z
media_w269678394_1800.ts,2025-10-16T14:30:54.969Z
media_w1034512375_1801.ts,2025-10-16T14:31:03.704Z
media_w511790082_1802.ts,2025-10-16T14:31:12.925Z
media_w1389795706_1803.ts,2025-10-16T14:31:21.541Z
media_w936156593_1804.ts,2025-10-16T14:31:34.368Z
media_w588583948_1805.ts,2025-10-16T14:31:43.168Z
media_w235762241_1806.ts,2025-10-16T14:31:51.639Z
media_w1080277574_1807.ts,2025-10-16T14:32:04.573Z
media_w1343561336_1808.ts,2025-10-16T14:32:13.556Z
media_w1139654295_1809.ts,2025-10-16T14:32:22.661Z
media_w1451420726_1810.ts,2025-10-16T14:32:31.182Z
media_w53446865_1811.ts,2025-10-16T14:32:44.101Z
media_w1828620053_1812.ts,2025-10-16T14:32:52.966Z
media_w1747335473_1813.ts,2025-10-16T14:33:01.602Z
media_w1784794679_1814.ts,2025-10-16T14:33:14.456Z
media_w561210630_1815.ts,2025-10-16T14:33:23.257Z
media_w32237130_1816.ts,2025-10-16T14:33:31.895Z
media_w453448300_1817.ts,2025-10-16T14:33:44.693Z
media_w1522813798_1818.ts,2025-10-16T14:33:53.339Z
media_w508765197_1819.ts,2025-10-16T14:34:01.998Z
media_w596302553_1820.ts,2025-10-16T14:34:14.872Z
media_w39643436_1821.ts,2025-10-16T14:34:23.458Z
media_w1957636175_1822.ts,2025-10-16T14:34:32.227Z
media_w580648604_1823.ts,2025-10-16T14:34:45.040Z
media_w558881477_1824.ts,2025-10-16T14:34:53.478Z
media_w2130394499_1825.ts,2025-10-16T14:35:02.211Z
media_w1380722146_1826.ts,2025-10-16T14:35:10.824Z
media_w482660728_1827.ts,2025-10-16T14:35:23.549Z
media_w1013056932_1828.ts,2025-10-16T14:35:32.590Z
media_w454646386_1829.ts,2025-10-16T14:35:45.499Z
media_w1880484023_1830.ts,2025-10-16T14:35:53.968Z
media_w1298071751_1831.ts,2025-10-16T14:36:02.922Z
media_w572864189_1832.ts,2025-10-16T14:36:11.404Z
media_w1310483975_1833.ts,2025-10-16T14:36:24.416Z
media_w1520838460_1834.ts,2025-10-16T14:36:33.197Z
media_w908064605_1835.ts,2025-10-16T14:36:41.796Z
media_w1875256957_1836.ts,2025-10-16T14:36:54.426Z
media_w153445325_1837.ts,2025-10-16T14:37:03.499Z
media_w135341622_1838.ts,2025-10-16T14:37:12.020Z
media_w588524159_1839.ts,2025-10-16T14:37:25.280Z
media_w1003416022_1840.ts,2025-10-16T14:37:33.924Z
media_w307060144_1841.ts,2025-10-16T14:37:42.804Z
media_w1657302785_1842.ts,2025-10-16T14:37:55.630Z
media_w1444724545_1843.ts,2025-10-16T14:38:04.265Z
media_w726127106_1844.ts,2025-10-16T14:38:13.023Z
media_w778829362_1845.ts,2025-10-16T14:38:21.606Z
media_w1209646040_1846.ts,2025-10-16T14:38:34.542Z
media_w1904705598_1847.ts,2025-10-16T14:38:43.317Z
media_w840985668_1848.ts,2025-10-16T14:38:52.056Z
media_w511759910_1849.ts,2025-10-16T14:39:05.008Z
media_w999689853_1850.ts,2025-10-16T14:39:13.624Z
media_w812587259_1851.ts,2025-10-16T14:39:22.365Z
media_w1434991828_1852.ts,2025-10-16T14:39:35.257Z
media_w2028588904_1853.ts,2025-10-16T14:39:43.860Z
media_w1444262406_1854.ts,2025-10-16T14:39:53.054Z
media_w314154142_1855.ts,2025-10-16T14:40:01.597Z
media_w1109777304_1856.ts,2025-10-16T14:40:14.425Z
media_w1485792113_1857.ts,2025-10-16T14:40:23.177Z
media_w1454451406_1858.ts,2025-10-16T14:40:31.986Z
media_w1421676009_1859.ts,2025-10-16T14:40:40.888Z
media_w1334436748_1860.ts,2025-10-16T14:40:53.608Z
media_w1970062636_1861.ts,2025-10-16T14:41:02.381Z
media_w237836863_1862.ts,2025-10-16T14:41:10.909Z
media_w1466056402_1863.ts,2025-10-16T14:41:23.824Z
media_w25852886_1864.ts,2025-10-16T14:41:32.503Z
media_w1113764017_1865.ts,2025-10-16T14:41:45.246Z
media_w1512561831_1866.ts,2025-10-16T14:41:53.718Z
media_w684548533_1867.ts,2025-10-16T14:42:02.442Z
media_w637484344_1868.ts,2025-10-16T14:42:11.281Z
media_w1305542400_1869.ts,2025-10-16T14:42:24.281Z
media_w173273925_1870.ts,2025-10-16T14:42:33.011Z
media_w831762463_1871.ts,2025-10-16T14:42:41.605Z
media_w2109579384_1872.ts,2025-10-16T14:42:54.500Z
media_w691328648_1873.ts,2025-10-16T14:43:03.717Z
media_w1783831708_1874.ts,2025-10-16T14:43:13.027Z
media_w1491534416_1875.ts,2025-10-16T14:43:21.646Z
media_w884944064_1876.ts,2025-10-16T14:43:34.321Z
media_w1820574766_1877.ts,2025-10-16T14:43:43.182Z
media_w1204603877_1878.ts,2025-10-16T14:43:51.653Z
media_w1508227254_1879.ts,2025-10-16T14:44:04.678Z
media_w1766500303_1880.ts,2025-10-16T14:44:13.441Z
media_w693586827_1881.ts,2025-10-16T14:44:22.234Z
media_w49465971_1882.ts,2025-10-16T14:44:31.012Z
media_w537669952_1883.ts,2025-10-16T14:44:43.820Z
media_w335338198_1884.ts,2025-10-16T14:44:52.591Z
media_w747435933_1885.ts,2025-10-16T14:45:01.396Z
media_w186574180_1886.ts,2025-10-16T14:45:14.057Z
media_w1832848890_1887.ts,2025-10-16T14:45:22.767Z
media_w1592169578_1888.ts,2025-10-16T14:45:35.627Z
media_w1990866892_1889.ts,2025-10-16T14:45:44.260Z
media_w377022494_1890.ts,2025-10-16T14:45:53.229Z
media_w1143158571_1891.ts,2025-10-16T14:46:01.906Z
media_w390960932_1892.ts,2025-10-16T14:46:14.836Z
media_w407644572_1893.ts,2025-10-16T14:46:23.716Z
media_w561113_1894.ts,2025-10-16T14:46:33.014Z
media_w568650173_1895.ts,2025-10-16T14:46:41.507Z
media_w1883286033_1896.ts,2025-10-16T14:46:54.182Z
media_w334833861_1897.ts,2025-10-16T14:47:03.430Z
media_w216375611_1898.ts,2025-10-16T14:47:12.182Z
media_w1870011379_1899.ts,2025-10-16T14:47:20.789Z
media_w1918520919_1900.ts,2025-10-16T14:47:33.852Z
media_w347838632_1901.ts,2025-10-16T14:47:42.676Z
media_w1687011831_1902.ts,2025-10-16T14:47:51.279Z
media_w1137146795_1903.ts,2025-10-16T14:48:05.210Z
media_w306088875_1904.ts,2025-10-16T14:48:13.954Z
media_w266402082_1905.ts,2025-10-16T14:48:24.209Z
media_w2141995310_1906.ts,2025-10-16T14:48:33.428Z
media_w712127212_1907.ts,2025-10-16T14:48:42.877Z
media_w632179617_1908.ts,2025-10-16T14:48:52.087Z
media_w279890426_1909.ts,2025-10-16T14:49:05.233Z
media_w1969058710_1910.ts,2025-10-16T14:49:14.565Z
media_w34342072_1911.ts,2025-10-16T14:49:23.077Z
media_w357040443_1912.ts,2025-10-16T14:49:31.580Z
media_w1754863799_1913.ts,2025-10-16T14:49:44.257Z
media_w1874072357_1914.ts,2025-10-16T14:49:53.050Z
media_w2096579262_1915.ts,2025-10-16T14:50:01.616Z
media_w647993758_1916.ts,2025-10-16T14:50:14.406Z
media_w958429231_1917.ts,2025-10-16T14:50:23.050Z
media_w1659093325_1918.ts,2025-10-16T14:50:31.586Z
media_w687039956_1919.ts,2025-10-16T14:50:44.336Z
media_w521371982_1920.ts,2025-10-16T14:50:52.865Z
media_w153092958_1921.ts,2025-10-16T14:51:01.304Z
media_w276891370_1922.ts,2025-10-16T14:51:13.900Z
media_w943013600_1923.ts,2025-10-16T14:51:22.378Z
media_w141850790_1924.ts,2025-10-16T14:51:30.867Z
media_w1974108026_1925.ts,2025-10-16T14:51:43.533Z
media_w1186514467_1926.ts,2025-10-16T14:51:52.016Z
media_w1065757145_1927.ts,2025-10-16T14:52:04.795Z
media_w814408502_1928.ts,2025-10-16T14:52:13.196Z
media_w1090271639_1929.ts,2025-10-16T14:52:21.712Z
media_w1177479758_1930.ts,2025-10-16T14:52:34.329Z
media_w2018955432_1931.ts,2025-10-16T14:52:42.786Z
media_w1032850917_1932.ts,2025-10-16T14:52:51.185Z
media_w437696548_1933.ts,2025-10-16T14:53:03.716Z
media_w922900664_1934.ts,2025-10-16T14:53:12.231Z
media_w1790252586_1935.ts,2025-10-16T14:53:25.048Z
media_w1673279438_1936.ts,2025-10-16T14:53:33.540Z
media_w920893596_1937.ts,2025-10-16T14:53:41.948Z
media_w1719744633_1938.ts,2025-10-16T14:53:54.512Z
media_w1524887868_1939.ts,2025-10-16T14:54:02.949Z
media_w1831385147_1940.ts,2025-10-16T14:54:11.642Z
media_w2038438082_1941.ts,2025-10-16T14:54:24.528Z
media_w395921833_1942.ts,2025-10-16T14:54:33.366Z
media_w630652317_1943.ts,2025-10-16T14:54:41.860Z
media_w1676046503_1944.ts,2025-10-16T14:54:54.696Z
media_w1310573368_1945.ts,2025-10-16T14:55:03.632Z
media_w106428660_1946.ts,2025-10-16T14:55:12.358Z
media_w5327458_1947.ts,2025-10-16T14:55:21.034Z
media_w125780349_1948.ts,2025-10-16T14:55:33.637Z
media_w458878846_1949.ts,2025-10-16T14:55:42.340Z
media_w942416627_1950.ts,2025-10-16T14:55:51.229Z
media_w440316134_1951.ts,2025-10-16T14:56:04.309Z
media_w1964385608_1952.ts,2025-10-16T14:56:13.492Z
media_w2031510117_1953.ts,2025-10-16T14:56:22.335Z
media_w1229536474_1954.ts,2025-10-16T14:56:35.089Z
media_w1320680373_1955.ts,2025-10-16T14:56:43.675Z
media_w379451669_1956.ts,2025-10-16T14:56:53.981Z
media_w88725221_1957.ts,2025-10-16T14:57:04.030Z
media_w1265456107_1958.ts,2025-10-16T14:57:12.926Z
media_w288087651_1959.ts,2025-10-16T14:57:21.414Z
media_w696259595_1960.ts,2025-10-16T14:57:34.025Z
media_w1213921498_1961.ts,2025-10-16T14:57:42.548Z
media_w946031971_1962.ts,2025-10-16T14:57:51.168Z
media_w1260753608_1963.ts,2025-10-16T14:58:03.813Z
media_w1040744162_1964.ts,2025-10-16T14:58:12.284Z
media_w1615969981_1965.ts,2025-10-16T14:58:24.916Z
media_w853049654_1966.ts,2025-10-16T14:58:33.505Z
media_w249983132_1967.ts,2025-10-16T14:58:42.136Z
media_w1806043985_1968.ts,2025-10-16T14:58:50.592Z
media_w1664622783_1969.ts,2025-10-16T14:59:03.196Z
media_w566440832_1970.ts,2025-10-16T14:59:11.700Z
media_w148667008_1971.ts,2025-10-16T14:59:24.428Z
media_w131728331_1972.ts,2025-10-16T14:59:32.903Z
media_w326125776_1973.ts,2025-10-16T14:59:41.644Z
media_w1733498303_1974.ts,2025-10-16T14:59:54.301Z
media_w1819399732_1975.ts,2025-10-16T15:00:02.774Z
media_w765177590_1976.ts,2025-10-16T15:00:15.435Z
media_w407640117_1977.ts,2025-10-16T15:00:23.909Z
media_w251368964_1978.ts,2025-10-16T15:00:32.467Z
media_w490655929_1979.ts,2025-10-16T15:00:40.897Z
media_w1683477453_1980.ts,2025-10-16T15:00:53.488Z
media_w1323444931_1981.ts,2025-10-16T15:01:02.029Z
media_w1440707900_1982.ts,2025-10-16T15:01:14.669Z
media_w1816736055_1983.ts,2025-10-16T15:01:23.142Z
media_w1658401849_1984.ts,2025-10-16T15:01:31.601Z
media_w978602516_1985.ts,2025-10-16T15:01:44.440Z
media_w1790946370_1986.ts,2025-10-16T15:01:53.054Z
media_w1787300949_1987.ts,2025-10-16T15:02:01.545Z
media_w1885061917_1988.ts,2025-10-16T15:02:14.161Z
media_w340855053_1989.ts,2025-10-16T15:02:23.532Z
media_w2109528258_1990.ts,2025-10-16T15:02:32.422Z
media_w650793357_1991.ts,2025-10-16T15:02:41.173Z
media_w423230529_1992.ts,2025-10-16T15:02:54.268Z
media_w1904574829_1993.ts,2025-10-16T15:03:03.308Z
media_w2028061124_1994.ts,2025-10-16T15:03:12.516Z
media_w2080222310_1995.ts,2025-10-16T15:03:25.493Z
media_w440994064_1996.ts,2025-10-16T15:03:34.200Z
media_w2018838878_1997.ts,2025-10-16T15:03:43.442Z
media_w1890972073_1998.ts,2025-10-16T15:03:52.875Z
media_w1533959950_1999.ts,2025-10-16T15:04:02.081Z
media_w1106550378_2000.ts,2025-10-16T15:04:14.958Z
media_w847333385_2001.ts,2025-10-16T15:04:24.117Z
media_w1583364049_2002.ts,2025-10-16T15:04:33.476Z
media_w1030559235_2003.ts,2025-10-16T15:04:43.236Z
media_w348295494_2004.ts,2025-10-16T15:04:52.897Z
media_w1807260799_2005.ts,2025-10-16T15:05:02.099Z
media_w664294710_2006.ts,2025-10-16T15:05:14.825Z
media_w2018643140_2007.ts,2025-10-16T15:05:23.302Z
media_w92080681_2008.ts,2025-10-16T15:05:31.875Z
media_w883667803_2009.ts,2025-10-16T15:05:44.690Z
media_w2083456651_2010.ts,2025-10-16T15:05:53.233Z
media_w696473217_2011.ts,2025-10-16T15:06:02.034Z
media_w1883748418_2012.ts,2025-10-16T15:06:10.505Z
media_w1746606513_2013.ts,2025-10-16T15:06:23.422Z
media_w1687867909_2014.ts,2025-10-16T15:06:31.890Z
media_w228195348_2015.ts,2025-10-16T15:06:44.708Z
media_w1286611048_2016.ts,2025-10-16T15:06:53.246Z
media_w1044966413_2017.ts,2025-10-16T15:07:01.771Z
media_w564429534_2018.ts,2025-10-16T15:07:14.412Z
media_w850450857_2019.ts,2025-10-16T15:07:22.840Z
media_w1508486051_2020.ts,2025-10-16T15:07:31.636Z
media_w1481739125_2021.ts,2025-10-16T15:07:44.269Z
media_w1564967270_2022.ts,2025-10-16T15:07:52.832Z
media_w138517870_2023.ts,2025-10-16T15:08:01.281Z
media_w1578431089_2024.ts,2025-10-16T15:08:13.925Z
media_w1612688799_2025.ts,2025-10-16T15:08:22.392Z
media_w1739375631_2026.ts,2025-10-16T15:08:34.969Z
media_w2021846318_2027.ts,2025-10-16T15:08:43.425Z
media_w1461377789_2028.ts,2025-10-16T15:08:51.867Z
media_w393788119_2029.ts,2025-10-16T15:09:04.497Z
media_w461903383_2030.ts,2025-10-16T15:09:12.961Z
media_w1365278403_2031.ts,2025-10-16T15:09:21.412Z
media_w1440380808_2032.ts,2025-10-16T15:09:34.052Z
media_w665423346_2033.ts,2025-10-16T15:09:42.656Z
media_w1881386794_2034.ts,2025-10-16T15:09:51.203Z
media_w1389650051_2035.ts,2025-10-16T15:10:04.370Z
media_w231377241_2036.ts,2025-10-16T15:10:13.491Z
media_w670016187_2037.ts,2025-10-16T15:10:22.477Z
media_w522111493_2038.ts,2025-10-16T15:10:31.101Z
media_w487056631_2039.ts,2025-10-16T15:10:44.008Z
media_w72463533_2040.ts,2025-10-16T15:10:52.832Z
media_w1664957744_2041.ts,2025-10-16T15:11:05.773Z
media_w437340563_2042.ts,2025-10-16T15:11:14.385Z
media_w1938004830_2043.ts,2025-10-16T15:11:23.277Z
media_w1791186429_2044.ts,2025-10-16T15:11:31.831Z
media_w1307353086_2045.ts,2025-10-16T15:11:44.845Z
media_w1912740301_2046.ts,2025-10-16T15:11:53.918Z
media_w251316652_2047.ts,2025-10-16T15:12:03.153Z
media_w462760952_2048.ts,2025-10-16T15:12:12.076Z
media_w2041533764_2049.ts,2025-10-16T15:12:24.721Z
media_w1145741741_2050.ts,2025-10-16T15:12:33.302Z
media_w950072035_2051.ts,2025-10-16T15:12:42.396Z
media_w1599381428_2052.ts,2025-10-16T15:12:50.963Z
media_w644993156_2053.ts,2025-10-16T15:13:04.013Z
media_w411731821_2054.ts,2025-10-16T15:13:13.313Z
media_w1166629392_2055.ts,2025-10-16T15:13:21.935Z
media_w628894320_2056.ts,2025-10-16T15:13:30.740Z
media_w2112600704_2057.ts,2025-10-16T15:13:43.864Z
media_w2120910819_2058.ts,2025-10-16T15:13:53.397Z
media_w1586532025_2059.ts,2025-10-16T15:14:02.439Z
media_w1705069585_2060.ts,2025-10-16T15:14:15.293Z
media_w626479935_2061.ts,2025-10-16T15:14:24.381Z
media_w543734567_2062.ts,2025-10-16T15:14:33.242Z
media_w1381811235_2063.ts,2025-10-16T15:14:42.327Z
media_w1009560749_2064.ts,2025-10-16T15:14:55.446Z
media_w1377191219_2065.ts,2025-10-16T15:15:04.074Z
media_w402596430_2066.ts,2025-10-16T15:15:13.389Z
media_w1972868147_2067.ts,2025-10-16T15:15:22.273Z
media_w7939640_2068.ts,2025-10-16T15:15:35.296Z
media_w30923175_2069.ts,2025-10-16T15:15:44.032Z
media_w732285257_2070.ts,2025-10-16T15:15:53.032Z
media_w1739171044_2071.ts,2025-10-16T15:16:01.740Z
media_w721379152_2072.ts,2025-10-16T15:16:14.664Z
media_w1420799048_2073.ts,2025-10-16T15:16:23.479Z
media_w1431689583_2074.ts,2025-10-16T15:16:32.282Z
media_w451649341_2075.ts,2025-10-16T15:16:41.212Z
media_w2042154529_2076.ts,2025-10-16T15:16:54.224Z
media_w592515929_2077.ts,2025-10-16T15:17:03.248Z
media_w63819250_2078.ts,2025-10-16T15:17:11.975Z
media_w944617796_2079.ts,2025-10-16T15:17:20.792Z
media_w1341895196_2080.ts,2025-10-16T15:17:33.982Z
media_w792301421_2081.ts,2025-10-16T15:17:43.414Z
media_w590848153_2082.ts,2025-10-16T15:17:52.075Z
media_w1483370352_2083.ts,2025-10-16T15:18:05.060Z
media_w1827698285_2084.ts,2025-10-16T15:18:13.981Z
media_w124567368_2085.ts,2025-10-16T15:18:23.319Z
media_w598796052_2086.ts,2025-10-16T15:18:32.413Z
media_w1213294060_2087.ts,2025-10-16T15:18:45.309Z
media_w355643147_2088.ts,2025-10-16T15:18:54.213Z
media_w763112457_2089.ts,2025-10-16T15:19:03.376Z
media_w1971308832_2090.ts,2025-10-16T15:19:12.206Z
media_w1765118229_2091.ts,2025-10-16T15:19:24.977Z
media_w634010804_2092.ts,2025-10-16T15:19:33.869Z
media_w215562464_2093.ts,2025-10-16T15:19:44.094Z
media_w1528831905_2094.ts,2025-10-16T15:19:53.487Z
media_w95890226_2095.ts,2025-10-16T15:20:02.812Z
media_w543409754_2096.ts,2025-10-16T15:20:11.500Z
media_w1203955233_2097.ts,2025-10-16T15:20:25.135Z
media_w2080428992_2098.ts,2025-10-16T15:20:34.500Z
media_w2126524984_2099.ts,2025-10-16T15:20:43.955Z
media_w1450096818_2100.ts,2025-10-16T15:20:52.510Z
media_w1128129660_2101.ts,2025-10-16T15:21:01.120Z
media_w2084826490_2102.ts,2025-10-16T15:21:14.118Z
media_w857053009_2103.ts,2025-10-16T15:21:23.036Z
media_w275800189_2104.ts,2025-10-16T15:21:32.014Z
media_w1717886784_2105.ts,2025-10-16T15:21:44.708Z
media_w474417584_2106.ts,2025-10-16T15:21:53.921Z
media_w1178858664_2107.ts,2025-10-16T15:22:03.408Z
media_w1281128960_2108.ts,2025-10-16T15:22:12.254Z
media_w1239467564_2109.ts,2025-10-16T15:22:20.709Z
media_w1446160905_2110.ts,2025-10-16T15:22:33.920Z
media_w278220995_2111.ts,2025-10-16T15:22:43.210Z
media_w18693380_2112.ts,2025-10-16T15:22:51.982Z
media_w1504692100_2113.ts,2025-10-16T15:23:05.052Z
media_w983111850_2114.ts,2025-10-16T15:23:13.970Z
media_w647540044_2115.ts,2025-10-16T15:23:23.020Z
media_w1268338016_2116.ts,2025-10-16T15:23:31.757Z
media_w186888779_2117.ts,2025-10-16T15:23:45.430Z
media_w1735324281_2118.ts,2025-10-16T15:23:54.344Z
media_w848463337_2119.ts,2025-10-16T15:24:03.643Z
media_w418430013_2120.ts,2025-10-16T15:24:12.452Z
media_w984705088_2121.ts,2025-10-16T15:24:21.185Z
media_w1908566264_2122.ts,2025-10-16T15:24:33.991Z
media_w1062192086_2123.ts,2025-10-16T15:24:43.124Z
media_w1141893794_2124.ts,2025-10-16T15:24:52.166Z
media_w1030127228_2125.ts,2025-10-16T15:25:00.731Z
media_w1298033651_2126.ts,2025-10-16T15:25:13.546Z
media_w923524811_2127.ts,2025-10-16T15:25:22.681Z
media_w959576094_2128.ts,2025-10-16T15:25:31.194Z
media_w52055014_2129.ts,2025-10-16T15:25:44.022Z
media_w1981369962_2130.ts,2025-10-16T15:25:53.444Z
media_w1594915094_2131.ts,2025-10-16T15:26:02.209Z
media_w907804613_2132.ts,2025-10-16T15:26:15.250Z
media_w1711292676_2133.ts,2025-10-16T15:26:23.805Z
media_w1642482121_2134.ts,2025-10-16T15:26:33.214Z
media_w1965382454_2135.ts,2025-10-16T15:26:42.009Z
media_w773872927_2136.ts,2025-10-16T15:26:55.153Z
media_w1993394076_2137.ts,2025-10-16T15:27:03.966Z
media_w1771031176_2138.ts,2025-10-16T15:27:14.084Z
media_w727379249_2139.ts,2025-10-16T15:27:23.560Z
media_w287693335_2140.ts,2025-10-16T15:27:32.649Z
media_w421703774_2141.ts,2025-10-16T15:27:41.525Z
media_w991013687_2142.ts,2025-10-16T15:27:54.544Z
media_w1611564649_2143.ts,2025-10-16T15:28:03.943Z
media_w1084280092_2144.ts,2025-10-16T15:28:13.432Z
media_w1776270758_2145.ts,2025-10-16T15:28:22.554Z
media_w1486694439_2146.ts,2025-10-16T15:28:31.345Z
media_w1793434509_2147.ts,2025-10-16T15:28:44.337Z
media_w2024835678_2148.ts,2025-10-16T15:28:53.860Z
media_w192094593_2149.ts,2025-10-16T15:29:02.378Z
media_w448170270_2150.ts,2025-10-16T15:29:14.977Z
media_w1129272142_2151.ts,2025-10-16T15:29:23.530Z
media_w1181512369_2152.ts,2025-10-16T15:29:32.348Z
media_w62957514_2153.ts,2025-10-16T15:29:40.905Z
media_w669320165_2154.ts,2025-10-16T15:29:53.606Z
media_w756580229_2155.ts,2025-10-16T15:30:02.064Z
media_w1445779958_2156.ts,2025-10-16T15:30:14.844Z
media_w577876217_2157.ts,2025-10-16T15:30:23.386Z
media_w1444674860_2158.ts,2025-10-16T15:30:31.904Z
media_w255777820_2159.ts,2025-10-16T15:30:44.593Z
media_w905163050_2160.ts,2025-10-16T15:30:53.076Z
media_w261990866_2161.ts,2025-10-16T15:31:01.509Z
media_w138007874_2162.ts,2025-10-16T15:31:14.141Z
media_w1029396427_2163.ts,2025-10-16T15:31:22.817Z
media_w418957667_2164.ts,2025-10-16T15:31:31.308Z
media_w1657100509_2165.ts,2025-10-16T15:31:43.876Z
media_w980651543_2166.ts,2025-10-16T15:31:52.397Z
media_w364536022_2167.ts,2025-10-16T15:32:01.333Z
media_w1506089987_2168.ts,2025-10-16T15:32:14.322Z
media_w1313191914_2169.ts,2025-10-16T15:32:23.173Z
media_w661231170_2170.ts,2025-10-16T15:32:31.831Z
media_w887972232_2171.ts,2025-10-16T15:32:44.488Z
media_w860126782_2172.ts,2025-10-16T15:32:53.065Z
media_w83384516_2173.ts,2025-10-16T15:33:01.566Z
media_w1281872400_2174.ts,2025-10-16T15:33:14.406Z
media_w215364573_2175.ts,2025-10-16T15:33:22.957Z
media_w800734473_2176.ts,2025-10-16T15:33:31.454Z
media_w128223069_2177.ts,2025-10-16T15:33:44.117Z
media_w122827032_2178.ts,2025-10-16T15:33:53.244Z
media_w716070866_2179.ts,2025-10-16T15:34:01.777Z
media_w1843803546_2180.ts,2025-10-16T15:34:14.594Z
media_w988123803_2181.ts,2025-10-16T15:34:23.850Z
media_w1104163229_2182.ts,2025-10-16T15:34:33.459Z
media_w765116150_2183.ts,2025-10-16T15:34:42.468Z
media_w1321582967_2184.ts,2025-10-16T15:34:50.943Z
media_w1955079483_2185.ts,2025-10-16T15:35:03.932Z
media_w2099296300_2186.ts,2025-10-16T15:35:13.361Z
media_w2096154725_2187.ts,2025-10-16T15:35:22.627Z
media_w1306052951_2188.ts,2025-10-16T15:35:31.393Z
media_w1070781766_2189.ts,2025-10-16T15:35:44.564Z
media_w442504688_2190.ts,2025-10-16T15:35:53.477Z
media_w918548113_2191.ts,2025-10-16T15:36:02.724Z
media_w1576466045_2192.ts,2025-10-16T15:36:15.614Z
media_w1568760777_2193.ts,2025-10-16T15:36:24.193Z
media_w2022036153_2194.ts,2025-10-16T15:36:33.534Z
media_w1599771413_2195.ts,2025-10-16T15:36:42.533Z
media_w628328241_2196.ts,2025-10-16T15:36:55.562Z
media_w1100310132_2197.ts,2025-10-16T15:37:04.497Z
media_w346340668_2198.ts,2025-10-16T15:37:13.323Z
media_w723165986_2199.ts,2025-10-16T15:37:22.162Z
media_w1209593668_2200.ts,2025-10-16T15:37:35.149Z
media_w2097165777_2201.ts,2025-10-16T15:37:43.864Z
media_w1277315553_2202.ts,2025-10-16T15:37:53.623Z
media_w1701631357_2203.ts,2025-10-16T15:38:03.384Z
media_w449235035_2204.ts,2025-10-16T15:38:12.915Z
media_w1690454865_2205.ts,2025-10-16T15:38:21.875Z
media_w1196786933_2206.ts,2025-10-16T15:38:35.021Z
media_w1239615065_2207.ts,2025-10-16T15:38:44.026Z
media_w277176691_2208.ts,2025-10-16T15:38:53.492Z
media_w993430603_2209.ts,2025-10-16T15:39:02.686Z
media_w420824845_2210.ts,2025-10-16T15:39:11.198Z
media_w103928783_2211.ts,2025-10-16T15:39:24.026Z
media_w1783048541_2212.ts,2025-10-16T15:39:32.923Z
media_w960825773_2213.ts,2025-10-16T15:39:41.907Z
media_w51488195_2214.ts,2025-10-16T15:39:54.728Z
media_w2090674413_2215.ts,2025-10-16T15:40:03.680Z
media_w664863356_2216.ts,2025-10-16T15:40:13.937Z
media_w1171510240_2217.ts,2025-10-16T15:40:22.472Z
media_w572304664_2218.ts,2025-10-16T15:40:31.024Z
media_w2064869076_2219.ts,2025-10-16T15:40:43.836Z
media_w527513237_2220.ts,2025-10-16T15:40:52.416Z
media_w656855303_2221.ts,2025-10-16T15:41:05.055Z
media_w1250324442_2222.ts,2025-10-16T15:41:13.933Z
media_w1684885479_2223.ts,2025-10-16T15:41:22.482Z
media_w787107756_2224.ts,2025-10-16T15:41:30.980Z
media_w889458234_2225.ts,2025-10-16T15:41:43.744Z
media_w640183436_2226.ts,2025-10-16T15:41:52.218Z
media_w750129297_2227.ts,2025-10-16T15:42:04.955Z
media_w571428825_2228.ts,2025-10-16T15:42:13.507Z
media_w390055470_2229.ts,2025-10-16T15:42:22.020Z
media_w1761476879_2230.ts,2025-10-16T15:42:35.253Z
media_w1596125160_2231.ts,2025-10-16T15:42:43.733Z
media_w1292777993_2232.ts,2025-10-16T15:42:52.314Z
media_w1760379062_2233.ts,2025-10-16T15:43:04.997Z
media_w193785554_2234.ts,2025-10-16T15:43:13.487Z
media_w2116199146_2235.ts,2025-10-16T15:43:22.046Z
media_w37192087_2236.ts,2025-10-16T15:43:34.697Z
media_w2019526710_2237.ts,2025-10-16T15:43:43.227Z
media_w452667656_2238.ts,2025-10-16T15:43:51.773Z
media_w1131355730_2239.ts,2025-10-16T15:44:04.448Z
media_w1346227108_2240.ts,2025-10-16T15:44:12.957Z
media_w413849954_2241.ts,2025-10-16T15:44:21.432Z
media_w1277161191_2242.ts,2025-10-16T15:44:34.496Z
media_w1871436502_2243.ts,2025-10-16T15:44:43.532Z
media_w1964976831_2244.ts,2025-10-16T15:44:53.018Z
media_w276582635_2245.ts,2025-10-16T15:45:01.664Z
media_w518278492_2246.ts,2025-10-16T15:45:14.909Z
media_w1811352449_2247.ts,2025-10-16T15:45:24.053Z
media_w1893991745_2248.ts,2025-10-16T15:45:33.556Z
media_w128685715_2249.ts,2025-10-16T15:45:42.883Z
media_w1055657665_2250.ts,2025-10-16T15:45:51.445Z
media_w1315459403_2251.ts,2025-10-16T15:46:04.197Z
media_w966866255_2252.ts,2025-10-16T15:46:13.227Z
media_w1090705755_2253.ts,2025-10-16T15:46:22.333Z
media_w1854884226_2254.ts,2025-10-16T15:46:35.237Z
media_w669251776_2255.ts,2025-10-16T15:46:44.016Z
media_w121078972_2256.ts,2025-10-16T15:46:53.234Z
media_w1059532267_2257.ts,2025-10-16T15:47:02.549Z
media_w570625165_2258.ts,2025-10-16T15:47:11.121Z
media_w41845604_2259.ts,2025-10-16T15:47:23.818Z
media_w1771773049_2260.ts,2025-10-16T15:47:32.589Z
media_w1399015593_2261.ts,2025-10-16T15:47:45.766Z
media_w418210925_2262.ts,2025-10-16T15:47:54.659Z
media_w61564345_2263.ts,2025-10-16T15:48:03.365Z
media_w693107618_2264.ts,2025-10-16T15:48:12.549Z
media_w567805656_2265.ts,2025-10-16T15:48:21.936Z
media_w1757616435_2266.ts,2025-10-16T15:48:34.996Z
media_w1177588456_2267.ts,2025-10-16T15:48:43.777Z
media_w2025710545_2268.ts,2025-10-16T15:48:52.305Z
media_w363391490_2269.ts,2025-10-16T15:49:05.269Z
media_w1381160912_2270.ts,2025-10-16T15:49:13.745Z
media_w1665612257_2271.ts,2025-10-16T15:49:22.569Z
media_w1018132591_2272.ts,2025-10-16T15:49:31.145Z
media_w532342982_2273.ts,2025-10-16T15:49:43.935Z
media_w609913544_2274.ts,2025-10-16T15:49:52.466Z
media_w282655067_2275.ts,2025-10-16T15:50:05.368Z
media_w560527414_2276.ts,2025-10-16T15:50:13.858Z
media_w2079606962_2277.ts,2025-10-16T15:50:22.505Z
media_w1591683890_2278.ts,2025-10-16T15:50:36.076Z
media_w381897155_2279.ts,2025-10-16T15:50:44.637Z
media_w308022749_2280.ts,2025-10-16T15:50:53.404Z
media_w355260184_2281.ts,2025-10-16T15:51:02.041Z
media_w1177785975_2282.ts,2025-10-16T15:51:14.773Z
media_w1518331981_2283.ts,2025-10-16T15:51:23.325Z
media_w986996671_2284.ts,2025-10-16T15:51:31.878Z
media_w1666566101_2285.ts,2025-10-16T15:51:44.598Z
media_w846340422_2286.ts,2025-10-16T15:51:53.137Z
media_w405543357_2287.ts,2025-10-16T15:52:01.631Z
media_w301127218_2288.ts,2025-10-16T15:52:14.329Z
media_w1462543417_2289.ts,2025-10-16T15:52:23.401Z
media_w142959194_2290.ts,2025-10-16T15:52:32.352Z
media_w1018249254_2291.ts,2025-10-16T15:52:41.217Z
media_w727643254_2292.ts,2025-10-16T15:52:53.929Z
media_w1347864355_2293.ts,2025-10-16T15:53:02.485Z
media_w1683502804_2294.ts,2025-10-16T15:53:15.329Z
media_w1764203329_2295.ts,2025-10-16T15:53:23.837Z
media_w49498288_2296.ts,2025-10-16T15:53:33.229Z
media_w602345555_2297.ts,2025-10-16T15:53:41.919Z
media_w863983618_2298.ts,2025-10-16T15:53:54.957Z
media_w70930103_2299.ts,2025-10-16T15:54:03.551Z
media_w1839733746_2300.ts,2025-10-16T15:54:12.645Z
media_w344827689_2301.ts,2025-10-16T15:54:21.418Z
media_w1240118974_2302.ts,2025-10-16T15:54:34.617Z
media_w826729354_2303.ts,2025-10-16T15:54:43.894Z
media_w1478193717_2304.ts,2025-10-16T15:54:53.246Z
media_w1743607541_2305.ts,2025-10-16T15:55:02.092Z
media_w45752684_2306.ts,2025-10-16T15:55:15.155Z
media_w698208184_2307.ts,2025-10-16T15:55:24.160Z
media_w836955837_2308.ts,2025-10-16T15:55:33.666Z
media_w2058382789_2309.ts,2025-10-16T15:55:43.982Z
media_w1426811814_2310.ts,2025-10-16T15:55:53.594Z
media_w2054109262_2311.ts,2025-10-16T15:56:02.191Z
media_w634501101_2312.ts,2025-10-16T15:56:10.815Z
media_w216200885_2313.ts,2025-10-16T15:56:23.939Z
media_w810493633_2314.ts,2025-10-16T15:56:33.437Z
media_w171905827_2315.ts,2025-10-16T15:56:42.178Z
media_w750275219_2316.ts,2025-10-16T15:56:50.726Z
media_w2075386837_2317.ts,2025-10-16T15:57:03.997Z
media_w789927068_2318.ts,2025-10-16T15:57:12.556Z
media_w1802905879_2319.ts,2025-10-16T15:57:21.528Z
media_w767249487_2320.ts,2025-10-16T15:57:34.457Z
media_w1405382977_2321.ts,2025-10-16T15:57:44.726Z
media_w276362190_2322.ts,2025-10-16T15:57:53.938Z
media_w1392507025_2323.ts,2025-10-16T15:58:03.564Z
media_w1967441607_2324.ts,2025-10-16T15:58:13.215Z
media_w376294349_2325.ts,2025-10-16T15:58:22.736Z
media_w1822727674_2326.ts,2025-10-16T15:58:35.721Z
media_w239975997_2327.ts,2025-10-16T15:58:44.671Z
media_w1899782018_2328.ts,2025-10-16T15:58:53.573Z
media_w1690597021_2329.ts,2025-10-16T15:59:02.504Z
media_w2081761299_2330.ts,2025-10-16T15:59:15.408Z
media_w1566288760_2331.ts,2025-10-16T15:59:24.363Z
media_w1630435211_2332.ts,2025-10-16T15:59:33.562Z
media_w201130800_2333.ts,2025-10-16T15:59:43.085Z
media_w1737900438_2334.ts,2025-10-16T15:59:51.892Z
media_w1944908349_2335.ts,2025-10-16T16:00:04.631Z
media_w1089963727_2336.ts,2025-10-16T16:00:13.546Z
media_w824928921_2337.ts,2025-10-16T16:00:22.285Z
media_w54513752_2338.ts,2025-10-16T16:00:35.046Z
media_w1087944960_2339.ts,2025-10-16T16:00:43.902Z
media_w1250226548_2340.ts,2025-10-16T16:00:53.356Z
media_w172208193_2341.ts,2025-10-16T16:01:02.156Z
media_w477369738_2342.ts,2025-10-16T16:01:14.811Z
media_w1420547423_2343.ts,2025-10-16T16:01:23.734Z
media_w1267654502_2344.ts,2025-10-16T16:01:33.420Z
media_w926348548_2345.ts,2025-10-16T16:01:42.242Z
media_w1480124344_2346.ts,2025-10-16T16:01:51.202Z
media_w684696110_2347.ts,2025-10-16T16:02:04.590Z
media_w538133074_2348.ts,2025-10-16T16:02:13.940Z
media_w1607700111_2349.ts,2025-10-16T16:02:23.242Z
media_w1613333352_2350.ts,2025-10-16T16:02:31.879Z
media_w20332529_2351.ts,2025-10-16T16:02:44.847Z
media_w2018948854_2352.ts,2025-10-16T16:02:53.899Z
media_w592812626_2353.ts,2025-10-16T16:03:03.370Z
media_w1215402485_2354.ts,2025-10-16T16:03:13.022Z
media_w406656443_2355.ts,2025-10-16T16:03:22.755Z
media_w95547247_2356.ts,2025-10-16T16:03:31.505Z
media_w849104795_2357.ts,2025-10-16T16:03:44.363Z
media_w1203669943_2358.ts,2025-10-16T16:03:53.330Z
media_w665853951_2359.ts,2025-10-16T16:04:02.508Z
media_w1256364476_2360.ts,2025-10-16T16:04:11.379Z
media_w1290879002_2361.ts,2025-10-16T16:04:24.267Z
media_w321474451_2362.ts,2025-10-16T16:04:34.291Z
media_w935857710_2363.ts,2025-10-16T16:04:43.758Z
media_w1449458512_2364.ts,2025-10-16T16:04:52.228Z
media_w102337839_2365.ts,2025-10-16T16:05:04.863Z
media_w1427439893_2366.ts,2025-10-16T16:05:13.360Z
media_w618048437_2367.ts,2025-10-16T16:05:22.395Z
media_w816286452_2368.ts,2025-10-16T16:05:35.066Z
media_w2115574683_2369.ts,2025-10-16T16:05:43.904Z
media_w1387502360_2370.ts,2025-10-16T16:05:52.497Z
media_w1249428152_2371.ts,2025-10-16T16:06:01.170Z
media_w1295105499_2372.ts,2025-10-16T16:06:13.816Z
media_w1322738502_2373.ts,2025-10-16T16:06:22.361Z
media_w326324932_2374.ts,2025-10-16T16:06:35.003Z
media_w2025104029_2375.ts,2025-10-16T16:06:43.559Z
media_w297144395_2376.ts,2025-10-16T16:06:52.308Z
media_w67815258_2377.ts,2025-10-16T16:07:00.815Z
media_w420844769_2378.ts,2025-10-16T16:07:13.483Z
media_w1825937483_2379.ts,2025-10-16T16:07:22.056Z
media_w352597642_2380.ts,2025-10-16T16:07:34.743Z
media_w825830025_2381.ts,2025-10-16T16:07:43.196Z
media_w1244179403_2382.ts,2025-10-16T16:07:51.671Z
media_w1697400535_2383.ts,2025-10-16T16:08:04.315Z
media_w144486781_2384.ts,2025-10-16T16:08:12.860Z
media_w306138294_2385.ts,2025-10-16T16:08:21.719Z
media_w299306156_2386.ts,2025-10-16T16:08:34.660Z
media_w609101439_2387.ts,2025-10-16T16:08:43.143Z
media_w589620408_2388.ts,2025-10-16T16:08:51.609Z
media_w1751753402_2389.ts,2025-10-16T16:09:04.423Z
media_w1520721840_2390.ts,2025-10-16T16:09:12.995Z
media_w800655630_2391.ts,2025-10-16T16:09:21.563Z
media_w1583361646_2392.ts,2025-10-16T16:09:34.247Z
media_w877714272_2393.ts,2025-10-16T16:09:43.293Z
media_w46482318_2394.ts,2025-10-16T16:09:51.992Z
media_w1056208546_2395.ts,2025-10-16T16:10:04.912Z
media_w2068816976_2396.ts,2025-10-16T16:10:13.721Z
media_w531866731_2397.ts,2025-10-16T16:10:23.475Z
media_w275773888_2398.ts,2025-10-16T16:10:32.805Z
media_w2138044108_2399.ts,2025-10-16T16:10:41.850Z
media_w1930949223_2400.ts,2025-10-16T16:10:54.861Z
media_w884600567_2401.ts,2025-10-16T16:11:03.727Z
media_w432737902_2402.ts,2025-10-16T16:11:12.673Z
media_w1820840017_2403.ts,2025-10-16T16:11:21.373Z
media_w1600676444_2404.ts,2025-10-16T16:11:34.159Z
media_w2005083589_2405.ts,2025-10-16T16:11:43.596Z
media_w164009601_2406.ts,2025-10-16T16:11:52.673Z
media_w1655030800_2407.ts,2025-10-16T16:12:01.409Z
media_w409789089_2408.ts,2025-10-16T16:12:14.201Z
media_w1106820929_2409.ts,2025-10-16T16:12:23.685Z
media_w1502544856_2410.ts,2025-10-16T16:12:33.329Z
media_w1279419595_2411.ts,2025-10-16T16:12:43.371Z
media_w675791300_2412.ts,2025-10-16T16:12:52.351Z
media_w785142760_2413.ts,2025-10-16T16:13:01.837Z
media_w526155378_2414.ts,2025-10-16T16:13:14.665Z
media_w1685689289_2415.ts,2025-10-16T16:13:23.188Z
media_w530988099_2416.ts,2025-10-16T16:13:32.016Z
media_w645635073_2417.ts,2025-10-16T16:13:44.772Z
media_w144761911_2418.ts,2025-10-16T16:13:53.349Z
media_w821957790_2419.ts,2025-10-16T16:14:02.452Z
media_w1729775254_2420.ts,2025-10-16T16:14:15.368Z
media_w1692367161_2421.ts,2025-10-16T16:14:23.896Z
media_w1813298333_2422.ts,2025-10-16T16:14:32.867Z
media_w787825207_2423.ts,2025-10-16T16:14:41.692Z
media_w1278390211_2424.ts,2025-10-16T16:14:54.337Z
media_w369923719_2425.ts,2025-10-16T16:15:02.879Z
media_w1953821223_2426.ts,2025-10-16T16:15:11.380Z
media_w682275600_2427.ts,2025-10-16T16:15:24.370Z
media_w742800114_2428.ts,2025-10-16T16:15:33.093Z
media_w777453690_2429.ts,2025-10-16T16:15:41.628Z
media_w2128184300_2430.ts,2025-10-16T16:15:54.288Z
media_w1780459628_2431.ts,2025-10-16T16:16:02.984Z
media_w1248835600_2432.ts,2025-10-16T16:16:11.620Z
media_w130945486_2433.ts,2025-10-16T16:16:24.569Z
media_w1839824879_2434.ts,2025-10-16T16:16:33.093Z
media_w1587858043_2435.ts,2025-10-16T16:16:41.901Z
media_w939172401_2436.ts,2025-10-16T16:16:54.776Z
media_w1720577808_2437.ts,2025-10-16T16:17:03.297Z
media_w1321667002_2438.ts,2025-10-16T16:17:11.784Z
media_w1553817944_2439.ts,2025-10-16T16:17:24.448Z
media_w1253369225_2440.ts,2025-10-16T16:17:32.933Z
media_w1719521660_2441.ts,2025-10-16T16:17:41.425Z
media_w107956075_2442.ts,2025-10-16T16:17:54.048Z
media_w684811286_2443.ts,2025-10-16T16:18:03.386Z
media_w154847218_2444.ts,2025-10-16T16:18:12.082Z
media_w1528283483_2445.ts,2025-10-16T16:18:25.176Z
media_w1208702822_2446.ts,2025-10-16T16:18:33.898Z
media_w563987714_2447.ts,2025-10-16T16:18:43.638Z
media_w1434849862_2448.ts,2025-10-16T16:18:52.553Z
media_w719215086_2449.ts,2025-10-16T16:19:01.293Z
media_w275168164_2450.ts,2025-10-16T16:19:14.180Z
media_w830866754_2451.ts,2025-10-16T16:19:23.227Z
media_w732039921_2452.ts,2025-10-16T16:19:31.714Z
media_w1427110186_2453.ts,2025-10-16T16:19:44.836Z
media_w809348889_2454.ts,2025-10-16T16:19:54.230Z
media_w1695814401_2455.ts,2025-10-16T16:20:03.629Z
media_w1023331767_2456.ts,2025-10-16T16:20:12.760Z
media_w1199382134_2457.ts,2025-10-16T16:20:21.700Z
media_w43841649_2458.ts,2025-10-16T16:20:34.896Z
media_w759144891_2459.ts,2025-10-16T16:20:43.833Z
media_w1874349173_2460.ts,2025-10-16T16:20:53.228Z
media_w1443403358_2461.ts,2025-10-16T16:21:01.825Z
media_w539504864_2462.ts,2025-10-16T16:21:14.732Z
media_w1133524476_2463.ts,2025-10-16T16:21:23.441Z
media_w351734554_2464.ts,2025-10-16T16:21:32.761Z
media_w2065018446_2465.ts,2025-10-16T16:21:41.762Z
media_w705050275_2466.ts,2025-10-16T16:21:54.499Z
media_w985491115_2467.ts,2025-10-16T16:22:03.909Z
media_w1719577649_2468.ts,2025-10-16T16:22:13.239Z
media_w2093856905_2469.ts,2025-10-16T16:22:22.137Z
media_w7641085_2470.ts,2025-10-16T16:22:35.089Z
media_w1774414438_2471.ts,2025-10-16T16:22:44.439Z
media_w539742507_2472.ts,2025-10-16T16:22:53.817Z
media_w275757145_2473.ts,2025-10-16T16:23:03.370Z
media_w769248033_2474.ts,2025-10-16T16:23:12.428Z
media_w531469242_2475.ts,2025-10-16T16:23:25.137Z
media_w738106185_2476.ts,2025-10-16T16:23:34.983Z
media_w396755694_2477.ts,2025-10-16T16:23:43.632Z
media_w251552531_2478.ts,2025-10-16T16:23:52.429Z
media_w683410442_2479.ts,2025-10-16T16:24:05.716Z
media_w679725298_2480.ts,2025-10-16T16:24:14.252Z
media_w336102227_2481.ts,2025-10-16T16:24:22.838Z
media_w2129672243_2482.ts,2025-10-16T16:24:31.373Z
media_w371132768_2483.ts,2025-10-16T16:24:43.980Z
media_w85613133_2484.ts,2025-10-16T16:24:52.545Z
media_w1752807816_2485.ts,2025-10-16T16:25:05.508Z
media_w1528116695_2486.ts,2025-10-16T16:25:14.058Z
media_w1389912830_2487.ts,2025-10-16T16:25:22.572Z
media_w969408405_2488.ts,2025-10-16T16:25:31.054Z
media_w973590851_2489.ts,2025-10-16T16:25:44.054Z
media_w760238158_2490.ts,2025-10-16T16:25:53.042Z
media_w1676473896_2491.ts,2025-10-16T16:26:01.972Z
media_w1254514988_2492.ts,2025-10-16T16:26:10.460Z
media_w1612382502_2493.ts,2025-10-16T16:26:23.268Z
media_w1788404930_2494.ts,2025-10-16T16:26:31.865Z
media_w1871967070_2495.ts,2025-10-16T16:26:44.787Z
media_w1702863893_2496.ts,2025-10-16T16:26:53.333Z
media_w607154618_2497.ts,2025-10-16T16:27:01.917Z
media_w1367613359_2498.ts,2025-10-16T16:27:14.573Z
media_w848843420_2499.ts,2025-10-16T16:27:23.155Z
media_w1326279402_2500.ts,2025-10-16T16:27:32.087Z
media_w846002953_2501.ts,2025-10-16T16:27:45.011Z
media_w1155178271_2502.ts,2025-10-16T16:27:53.545Z
media_w1264217899_2503.ts,2025-10-16T16:28:02.867Z
media_w1331672210_2504.ts,2025-10-16T16:28:11.425Z
media_w1176141813_2505.ts,2025-10-16T16:28:24.418Z
media_w414295061_2506.ts,2025-10-16T16:28:33.808Z
media_w1626147375_2507.ts,2025-10-16T16:28:43.358Z
media_w272223314_2508.ts,2025-10-16T16:28:52.186Z
media_w882100441_2509.ts,2025-10-16T16:29:00.998Z
media_w1529419814_2510.ts,2025-10-16T16:29:14.486Z
media_w1366383969_2511.ts,2025-10-16T16:29:23.918Z
media_w1916735356_2512.ts,2025-10-16T16:29:33.235Z
media_w385701353_2513.ts,2025-10-16T16:29:42.373Z
media_w272592589_2514.ts,2025-10-16T16:29:55.199Z
media_w1156612180_2515.ts,2025-10-16T16:30:04.167Z
media_w306252335_2516.ts,2025-10-16T16:30:14.503Z
media_w53683080_2517.ts,2025-10-16T16:30:23.929Z
media_w124098509_2518.ts,2025-10-16T16:30:33.565Z
media_w1154807147_2519.ts,2025-10-16T16:30:43.076Z
media_w362463533_2520.ts,2025-10-16T16:30:51.906Z
media_w1495220511_2521.ts,2025-10-16T16:31:05.007Z
media_w1035496443_2522.ts,2025-10-16T16:31:14.174Z
media_w795221542_2523.ts,2025-10-16T16:31:23.770Z
media_w1509666424_2524.ts,2025-10-16T16:31:33.176Z
media_w1812226792_2525.ts,2025-10-16T16:31:42.465Z
media_w77701303_2526.ts,2025-10-16T16:31:51.516Z
media_w842778027_2527.ts,2025-10-16T16:32:04.231Z
media_w1902932102_2528.ts,2025-10-16T16:32:13.893Z
media_w675931031_2529.ts,2025-10-16T16:32:23.476Z
media_w1956283866_2530.ts,2025-10-16T16:32:32.904Z
media_w853436976_2531.ts,2025-10-16T16:32:41.639Z
media_w733729612_2532.ts,2025-10-16T16:32:54.484Z
media_w285757424_2533.ts,2025-10-16T16:33:03.334Z
media_w1437805755_2534.ts,2025-10-16T16:33:11.981Z
media_w1755048073_2535.ts,2025-10-16T16:33:25.099Z
media_w1945698932_2536.ts,2025-10-16T16:33:33.759Z
media_w1917145127_2537.ts,2025-10-16T16:33:42.718Z
media_w1155260809_2538.ts,2025-10-16T16:33:51.608Z
media_w1671869273_2539.ts,2025-10-16T16:34:04.487Z
media_w1233756089_2540.ts,2025-10-16T16:34:13.500Z
media_w1025503723_2541.ts,2025-10-16T16:34:23.221Z
media_w657568344_2542.ts,2025-10-16T16:34:32.261Z
media_w135014916_2543.ts,2025-10-16T16:34:41.026Z
media_w704065532_2544.ts,2025-10-16T16:34:54.082Z
media_w868140310_2545.ts,2025-10-16T16:35:03.294Z
media_w1150682780_2546.ts,2025-10-16T16:35:13.201Z
media_w724428738_2547.ts,2025-10-16T16:35:22.362Z
media_w66133286_2548.ts,2025-10-16T16:35:36.831Z
media_w159028477_2549.ts,2025-10-16T16:35:41.297Z
media_w618820464_2550.ts,2025-10-16T16:35:53.936Z
media_w1361398967_2551.ts,2025-10-16T16:36:03.410Z
media_w1939749756_2552.ts,2025-10-16T16:36:13.033Z
media_w17668340_2553.ts,2025-10-16T16:36:22.042Z
media_w471664221_2554.ts,2025-10-16T16:36:35.093Z
media_w728194568_2555.ts,2025-10-16T16:36:43.631Z
media_w975769254_2556.ts,2025-10-16T16:36:52.659Z
media_w576217209_2557.ts,2025-10-16T16:37:01.502Z
media_w252033791_2558.ts,2025-10-16T16:37:14.653Z
media_w1924996777_2559.ts,2025-10-16T16:37:23.930Z
media_w1585077436_2560.ts,2025-10-16T16:37:33.468Z
media_w305620376_2561.ts,2025-10-16T16:37:43.132Z
media_w273773669_2562.ts,2025-10-16T16:37:51.881Z
media_w260168948_2563.ts,2025-10-16T16:38:05.162Z
media_w2007448473_2564.ts,2025-10-16T16:38:14.118Z
media_w253763541_2565.ts,2025-10-16T16:38:23.849Z
media_w798788730_2566.ts,2025-10-16T16:38:33.643Z
media_w950062497_2567.ts,2025-10-16T16:38:43.394Z
media_w409106360_2568.ts,2025-10-16T16:38:52.441Z
media_w1261082413_2569.ts,2025-10-16T16:39:05.332Z
media_w1031008981_2570.ts,2025-10-16T16:39:14.343Z
media_w543055455_2571.ts,2025-10-16T16:39:24.414Z
media_w676959611_2572.ts,2025-10-16T16:39:34.019Z
media_w1664365102_2573.ts,2025-10-16T16:39:43.268Z
media_w1584117409_2574.ts,2025-10-16T16:39:51.904Z
media_w493591702_2575.ts,2025-10-16T16:40:04.912Z
media_w1375940592_2576.ts,2025-10-16T16:40:14.042Z
media_w234076706_2577.ts,2025-10-16T16:40:23.668Z
media_w1664804760_2578.ts,2025-10-16T16:40:33.546Z
media_w1304667946_2579.ts,2025-10-16T16:40:43.713Z
media_w1592379108_2580.ts,2025-10-16T16:40:53.364Z
media_w1987051167_2581.ts,2025-10-16T16:41:02.156Z
media_w466594947_2582.ts,2025-10-16T16:41:10.912Z
media_w513545600_2583.ts,2025-10-16T16:41:24.204Z
media_w1776057853_2584.ts,2025-10-16T16:41:34.119Z
media_w204725644_2585.ts,2025-10-16T16:41:43.398Z
media_w269085933_2586.ts,2025-10-16T16:41:52.299Z
media_w1559881204_2587.ts,2025-10-16T16:42:01.053Z
media_w1752879149_2588.ts,2025-10-16T16:42:14.342Z
media_w1793403173_2589.ts,2025-10-16T16:42:23.806Z
media_w140597760_2590.ts,2025-10-16T16:42:33.595Z
media_w549585921_2591.ts,2025-10-16T16:42:43.041Z
media_w54310071_2592.ts,2025-10-16T16:42:51.826Z
media_w1133889312_2593.ts,2025-10-16T16:43:04.482Z
media_w1565088959_2594.ts,2025-10-16T16:43:13.516Z
media_w710466258_2595.ts,2025-10-16T16:43:22.950Z
media_w1191950785_2596.ts,2025-10-16T16:43:31.886Z
media_w249253895_2597.ts,2025-10-16T16:43:44.956Z
media_w1664209315_2598.ts,2025-10-16T16:43:54.034Z
media_w1257434778_2599.ts,2025-10-16T16:44:03.867Z
media_w1238042415_2600.ts,2025-10-16T16:44:13.122Z
media_w592161169_2601.ts,2025-10-16T16:44:22.084Z
media_w1556524167_2602.ts,2025-10-16T16:44:35.384Z
media_w1700031859_2603.ts,2025-10-16T16:44:44.479Z
media_w1678798377_2604.ts,2025-10-16T16:44:53.833Z
media_w1371330743_2605.ts,2025-10-16T16:45:03.665Z
media_w1314362696_2606.ts,2025-10-16T16:45:13.108Z
media_w31366623_2607.ts,2025-10-16T16:45:23.246Z
media_w1854279021_2608.ts,2025-10-16T16:45:32.536Z
media_w1269634649_2609.ts,2025-10-16T16:45:45.276Z
media_w1533469138_2610.ts,2025-10-16T16:45:54.090Z
media_w483732422_2611.ts,2025-10-16T16:46:03.512Z
media_w1050323867_2612.ts,2025-10-16T16:46:12.237Z
media_w837160259_2613.ts,2025-10-16T16:46:24.996Z
media_w1651666088_2614.ts,2025-10-16T16:46:33.504Z
media_w1946985193_2615.ts,2025-10-16T16:46:43.061Z
media_w1010739925_2616.ts,2025-10-16T16:46:52.556Z
media_w264842603_2617.ts,2025-10-16T16:47:01.196Z
media_w1642742334_2618.ts,2025-10-16T16:47:14.120Z
media_w1435659948_2619.ts,2025-10-16T16:47:23.211Z
media_w1702057496_2620.ts,2025-10-16T16:47:32.311Z
media_w17167190_2621.ts,2025-10-16T16:47:45.526Z
media_w22565803_2622.ts,2025-10-16T16:47:54.526Z
media_w85288463_2623.ts,2025-10-16T16:48:04.153Z
media_w1136672848_2624.ts,2025-10-16T16:48:13.874Z
media_w1073015501_2625.ts,2025-10-16T16:48:23.311Z
media_w1901641359_2626.ts,2025-10-16T16:48:31.814Z
media_w1651379535_2627.ts,2025-10-16T16:48:44.454Z
media_w688100870_2628.ts,2025-10-16T16:48:53.421Z
media_w3980863_2629.ts,2025-10-16T16:49:03.340Z
media_w1313610292_2630.ts,2025-10-16T16:49:13.270Z
media_w1165754901_2631.ts,2025-10-16T16:49:22.203Z
media_w1480285789_2632.ts,2025-10-16T16:49:35.054Z
media_w1562717887_2633.ts,2025-10-16T16:49:44.212Z
media_w1742956299_2634.ts,2025-10-16T16:49:53.841Z
media_w954099054_2635.ts,2025-10-16T16:50:03.356Z
media_w1202651720_2636.ts,2025-10-16T16:50:12.689Z
media_w150541007_2637.ts,2025-10-16T16:50:21.498Z
media_w507923313_2638.ts,2025-10-16T16:50:34.214Z
media_w654472236_2639.ts,2025-10-16T16:50:43.707Z
media_w111166113_2640.ts,2025-10-16T16:50:53.329Z
media_w1943598123_2641.ts,2025-10-16T16:51:02.457Z
media_w917458126_2642.ts,2025-10-16T16:51:11.485Z
media_w1996908579_2643.ts,2025-10-16T16:51:24.234Z
media_w1215432255_2644.ts,2025-10-16T16:51:33.710Z
media_w1784301270_2645.ts,2025-10-16T16:51:43.612Z
media_w1058261911_2646.ts,2025-10-16T16:51:54.205Z
media_w480964366_2647.ts,2025-10-16T16:52:03.784Z
media_w961336444_2648.ts,2025-10-16T16:52:13.700Z
media_w498219565_2649.ts,2025-10-16T16:52:25.316Z
media_w1143453990_2650.ts,2025-10-16T16:52:34.451Z
media_w1455514407_2651.ts,2025-10-16T16:52:43.723Z
media_w1230467873_2652.ts,2025-10-16T16:52:52.472Z
media_w921737130_2653.ts,2025-10-16T16:53:05.649Z
media_w1862038814_2654.ts,2025-10-16T16:53:14.286Z
media_w1083415251_2655.ts,2025-10-16T16:53:23.249Z
media_w916246238_2656.ts,2025-10-16T16:53:31.874Z
media_w1084079919_2657.ts,2025-10-16T16:53:44.521Z
media_w969980199_2658.ts,2025-10-16T16:53:53.215Z
media_w1483050389_2659.ts,2025-10-16T16:54:01.810Z
media_w83689893_2660.ts,2025-10-16T16:54:14.453Z
media_w1392821065_2661.ts,2025-10-16T16:54:23.281Z
media_w499655014_2662.ts,2025-10-16T16:54:32.054Z
media_w221721089_2663.ts,2025-10-16T16:54:44.688Z
media_w498471603_2664.ts,2025-10-16T16:54:53.202Z
media_w897372180_2665.ts,2025-10-16T16:55:01.740Z
media_w234629515_2666.ts,2025-10-16T16:55:14.370Z
media_w124298828_2667.ts,2025-10-16T16:55:22.932Z
media_w283525269_2668.ts,2025-10-16T16:55:31.726Z
media_w545326171_2669.ts,2025-10-16T16:55:44.517Z
media_w1528675398_2670.ts,2025-10-16T16:55:53.109Z
media_w1080340787_2671.ts,2025-10-16T16:56:01.582Z
media_w1309159965_2672.ts,2025-10-16T16:56:14.286Z
media_w1085016555_2673.ts,2025-10-16T16:56:22.831Z
media_w1611424189_2674.ts,2025-10-16T16:56:31.769Z
media_w993392669_2675.ts,2025-10-16T16:56:44.365Z
media_w1740614526_2676.ts,2025-10-16T16:56:52.913Z
media_w10239389_2677.ts,2025-10-16T16:57:01.654Z
media_w2121035349_2678.ts,2025-10-16T16:57:14.329Z
media_w1887700104_2679.ts,2025-10-16T16:57:22.814Z
media_w1079554717_2680.ts,2025-10-16T16:57:31.377Z
media_w1358004028_2681.ts,2025-10-16T16:57:44.317Z
media_w1341106125_2682.ts,2025-10-16T16:57:53.329Z
media_w115532773_2683.ts,2025-10-16T16:58:02.804Z
media_w1342695412_2684.ts,2025-10-16T16:58:11.366Z
media_w161760700_2685.ts,2025-10-16T16:58:24.369Z
media_w455069830_2686.ts,2025-10-16T16:58:34.024Z
media_w906885439_2687.ts,2025-10-16T16:58:43.802Z
media_w1629543806_2688.ts,2025-10-16T16:58:53.339Z
media_w1676369726_2689.ts,2025-10-16T16:59:02.272Z
media_w1399093405_2690.ts,2025-10-16T16:59:15.091Z
media_w1448153992_2691.ts,2025-10-16T16:59:24.939Z
media_w174005128_2692.ts,2025-10-16T16:59:33.998Z
media_w1126049304_2693.ts,2025-10-16T16:59:43.690Z
media_w1431863001_2694.ts,2025-10-16T16:59:53.231Z
media_w1830139952_2695.ts,2025-10-16T17:00:02.732Z
media_w12174069_2696.ts,2025-10-16T17:00:11.753Z
media_w771136299_2697.ts,2025-10-16T17:00:25.171Z
media_w1289190479_2698.ts,2025-10-16T17:00:33.710Z
media_w1655302905_2699.ts,2025-10-16T17:00:42.342Z
media_w2101446785_2700.ts,2025-10-16T17:00:51.137Z
media_w845550933_2701.ts,2025-10-16T17:01:04.190Z
media_w1117139025_2702.ts,2025-10-16T17:01:13.399Z
media_w387991850_2703.ts,2025-10-16T17:01:22.589Z
media_w1616887566_2704.ts,2025-10-16T17:01:31.579Z
media_w1871253083_2705.ts,2025-10-16T17:01:44.769Z
media_w1526208564_2706.ts,2025-10-16T17:01:53.514Z
media_w386817828_2707.ts,2025-10-16T17:02:03.348Z
media_w1937419650_2708.ts,2025-10-16T17:02:12.522Z
media_w934185905_2709.ts,2025-10-16T17:02:21.441Z
media_w303079722_2710.ts,2025-10-16T17:02:34.583Z
media_w591800059_2711.ts,2025-10-16T17:02:43.313Z
media_w238288826_2712.ts,2025-10-16T17:02:51.816Z
media_w219004638_2713.ts,2025-10-16T17:03:04.787Z
media_w1315470114_2714.ts,2025-10-16T17:03:13.968Z
media_w1779618539_2715.ts,2025-10-16T17:03:23.469Z
media_w1476671336_2716.ts,2025-10-16T17:03:32.883Z
media_w1757495649_2717.ts,2025-10-16T17:03:41.428Z
media_w1585473349_2718.ts,2025-10-16T17:03:54.227Z
media_w401325126_2719.ts,2025-10-16T17:04:03.536Z
media_w1846699000_2720.ts,2025-10-16T17:04:12.575Z
media_w1704084125_2721.ts,2025-10-16T17:04:21.255Z
media_w1823438933_2722.ts,2025-10-16T17:04:34.415Z
media_w1829974303_2723.ts,2025-10-16T17:04:43.810Z
media_w1197496481_2724.ts,2025-10-16T17:04:53.057Z
media_w1027093489_2725.ts,2025-10-16T17:05:01.981Z
media_w1266982224_2726.ts,2025-10-16T17:05:15.060Z
media_w725046088_2727.ts,2025-10-16T17:05:23.954Z
media_w1297819136_2728.ts,2025-10-16T17:05:33.207Z
media_w584706188_2729.ts,2025-10-16T17:05:42.149Z
media_w1071849151_2730.ts,2025-10-16T17:05:54.976Z
media_w776679936_2731.ts,2025-10-16T17:06:04.325Z
media_w1705258128_2732.ts,2025-10-16T17:06:13.729Z
media_w1372426944_2733.ts,2025-10-16T17:06:23.145Z
media_w1048862509_2734.ts,2025-10-16T17:06:31.878Z
media_w1973499578_2735.ts,2025-10-16T17:06:41.008Z
media_w898343200_2736.ts,2025-10-16T17:06:54.117Z
media_w1699288888_2737.ts,2025-10-16T17:07:03.622Z
media_w1223139362_2738.ts,2025-10-16T17:07:13.157Z
media_w1795755122_2739.ts,2025-10-16T17:07:22.775Z
media_w1017126851_2740.ts,2025-10-16T17:07:31.505Z
media_w2865811_2741.ts,2025-10-16T17:07:44.219Z
media_w790479532_2742.ts,2025-10-16T17:07:53.419Z
media_w2058692239_2743.ts,2025-10-16T17:08:02.592Z
media_w354959037_2744.ts,2025-10-16T17:08:11.419Z
media_w86190501_2745.ts,2025-10-16T17:08:24.494Z
media_w1695485921_2746.ts,2025-10-16T17:08:33.738Z
media_w997101174_2747.ts,2025-10-16T17:08:43.286Z
media_w1024582225_2748.ts,2025-10-16T17:08:52.622Z
media_w172527478_2749.ts,2025-10-16T17:09:01.747Z
media_w1821995890_2750.ts,2025-10-16T17:09:14.919Z
media_w481890980_2751.ts,2025-10-16T17:09:24.112Z
media_w1743762055_2752.ts,2025-10-16T17:09:35.958Z
media_w223055778_2753.ts,2025-10-16T17:09:45.025Z
media_w709702929_2754.ts,2025-10-16T17:09:53.945Z
media_w1495426013_2755.ts,2025-10-16T17:10:03.182Z
media_w1101063110_2756.ts,2025-10-16T17:10:12.012Z
media_w70584789_2757.ts,2025-10-16T17:10:24.886Z
media_w1081742674_2758.ts,2025-10-16T17:10:33.637Z
media_w488703895_2759.ts,2025-10-16T17:10:43.032Z
media_w1968259572_2760.ts,2025-10-16T17:10:52.105Z
media_w1513838669_2761.ts,2025-10-16T17:11:05.191Z
media_w22457913_2762.ts,2025-10-16T17:11:13.850Z
media_w1022969300_2763.ts,2025-10-16T17:11:23.169Z
media_w1368017003_2764.ts,2025-10-16T17:11:32.038Z
media_w1511278870_2765.ts,2025-10-16T17:11:44.894Z
media_w1894982189_2766.ts,2025-10-16T17:11:53.759Z
media_w1389721420_2767.ts,2025-10-16T17:12:02.874Z
media_w1582839503_2768.ts,2025-10-16T17:12:11.847Z
media_w1548609711_2769.ts,2025-10-16T17:12:24.566Z
media_w1411408381_2770.ts,2025-10-16T17:12:33.579Z
media_w97801488_2771.ts,2025-10-16T17:12:43.215Z
media_w351860964_2772.ts,2025-10-16T17:12:52.021Z
media_w2063776357_2773.ts,2025-10-16T17:13:00.583Z
media_w1299084297_2774.ts,2025-10-16T17:13:14.182Z
media_w1196875981_2775.ts,2025-10-16T17:13:23.281Z
media_w610687153_2776.ts,2025-10-16T17:13:32.319Z
media_w507685911_2777.ts,2025-10-16T17:13:40.966Z
media_w701296313_2778.ts,2025-10-16T17:13:54.135Z
media_w39181086_2779.ts,2025-10-16T17:14:03.279Z
media_w31312428_2780.ts,2025-10-16T17:14:12.274Z
media_w1296569222_2781.ts,2025-10-16T17:14:25.486Z
media_w1598465718_2782.ts,2025-10-16T17:14:34.498Z
media_w1559877531_2783.ts,2025-10-16T17:14:43.510Z
media_w2132404231_2784.ts,2025-10-16T17:14:52.619Z
media_w1957854137_2785.ts,2025-10-16T17:15:05.552Z
media_w1393553225_2786.ts,2025-10-16T17:15:14.691Z
media_w778453577_2787.ts,2025-10-16T17:15:23.630Z
media_w1260956657_2788.ts,2025-10-16T17:15:32.607Z
media_w1546278458_2789.ts,2025-10-16T17:15:45.498Z
media_w960682488_2790.ts,2025-10-16T17:15:54.187Z
media_w1865192622_2791.ts,2025-10-16T17:16:03.750Z
media_w542180622_2792.ts,2025-10-16T17:16:13.491Z
media_w421903104_2793.ts,2025-10-16T17:16:23.006Z
media_w228861612_2794.ts,2025-10-16T17:16:32.099Z
media_w1392019063_2795.ts,2025-10-16T17:16:45.022Z
media_w1099132556_2796.ts,2025-10-16T17:16:55.034Z
media_w952290579_2797.ts,2025-10-16T17:17:03.656Z
media_w1900172907_2798.ts,2025-10-16T17:17:12.444Z
media_w1763026721_2799.ts,2025-10-16T17:17:21.185Z
media_w316345896_2800.ts,2025-10-16T17:17:33.830Z
media_w852808302_2801.ts,2025-10-16T17:17:42.992Z
media_w573846228_2802.ts,2025-10-16T17:17:51.491Z
media_w195623430_2803.ts,2025-10-16T17:18:04.747Z
media_w1722929636_2804.ts,2025-10-16T17:18:13.467Z
media_w1846182588_2805.ts,2025-10-16T17:18:22.025Z
media_w2038451147_2806.ts,2025-10-16T17:18:35.009Z
media_w995587489_2807.ts,2025-10-16T17:18:43.924Z
media_w1795057324_2808.ts,2025-10-16T17:18:53.486Z
media_w897490400_2809.ts,2025-10-16T17:19:02.636Z
media_w821059233_2810.ts,2025-10-16T17:19:11.321Z
media_w101489785_2811.ts,2025-10-16T17:19:24.190Z
media_w1614723083_2812.ts,2025-10-16T17:19:32.739Z
media_w1096428591_2813.ts,2025-10-16T17:19:41.415Z
media_w685957575_2814.ts,2025-10-16T17:19:54.446Z
media_w397138029_2815.ts,2025-10-16T17:20:03.247Z
media_w2099855441_2816.ts,2025-10-16T17:20:11.765Z
media_w2029043516_2817.ts,2025-10-16T17:20:24.424Z
media_w645194747_2818.ts,2025-10-16T17:20:33.248Z
media_w1512682813_2819.ts,2025-10-16T17:20:41.743Z
media_w431722992_2820.ts,2025-10-16T17:20:54.444Z
media_w214505219_2821.ts,2025-10-16T17:21:02.955Z
media_w1705876849_2822.ts,2025-10-16T17:21:11.455Z
media_w1387808508_2823.ts,2025-10-16T17:21:24.183Z
media_w1839054333_2824.ts,2025-10-16T17:21:32.784Z
media_w1244683739_2825.ts,2025-10-16T17:21:45.487Z
media_w502944345_2826.ts,2025-10-16T17:21:54.394Z
media_w896495388_2827.ts,2025-10-16T17:22:02.923Z
media_w1811243624_2828.ts,2025-10-16T17:22:11.398Z
media_w2088581542_2829.ts,2025-10-16T17:22:24.099Z
media_w1820301802_2830.ts,2025-10-16T17:22:32.699Z
media_w1068487832_2831.ts,2025-10-16T17:22:41.244Z
media_w686659947_2832.ts,2025-10-16T17:22:53.967Z
media_w583026145_2833.ts,2025-10-16T17:23:02.468Z
media_w301394437_2834.ts,2025-10-16T17:23:10.951Z
media_w1476857072_2835.ts,2025-10-16T17:23:23.690Z
media_w101025441_2836.ts,2025-10-16T17:23:32.307Z
media_w1660821538_2837.ts,2025-10-16T17:23:45.021Z
media_w1612316067_2838.ts,2025-10-16T17:23:53.523Z
media_w1110571332_2839.ts,2025-10-16T17:24:02.069Z
media_w2097084431_2840.ts,2025-10-16T17:24:10.564Z
media_w1797150596_2841.ts,2025-10-16T17:24:23.197Z
media_w1244200174_2842.ts,2025-10-16T17:24:31.827Z
media_w458281863_2843.ts,2025-10-16T17:24:44.819Z
media_w1484147682_2844.ts,2025-10-16T17:24:53.967Z
media_w1321630935_2845.ts,2025-10-16T17:25:03.271Z
media_w1905917670_2846.ts,2025-10-16T17:25:11.810Z
media_w610176730_2847.ts,2025-10-16T17:25:25.103Z
media_w1723023569_2848.ts,2025-10-16T17:25:34.119Z
media_w1543737207_2849.ts,2025-10-16T17:25:43.519Z
media_w1451936558_2850.ts,2025-10-16T17:25:52.954Z
media_w11835387_2851.ts,2025-10-16T17:26:01.493Z
media_w1604565971_2852.ts,2025-10-16T17:26:14.927Z
media_w1583529433_2853.ts,2025-10-16T17:26:23.952Z
media_w1932446411_2854.ts,2025-10-16T17:26:33.982Z
media_w1578392231_2855.ts,2025-10-16T17:26:43.549Z
media_w489554802_2856.ts,2025-10-16T17:26:52.684Z
media_w19569515_2857.ts,2025-10-16T17:27:01.284Z
media_w696556537_2858.ts,2025-10-16T17:27:14.444Z
media_w932395465_2859.ts,2025-10-16T17:27:24.133Z
media_w521749054_2860.ts,2025-10-16T17:27:33.076Z
media_w331762314_2861.ts,2025-10-16T17:27:41.747Z
media_w784177421_2862.ts,2025-10-16T17:27:54.442Z
media_w443096052_2863.ts,2025-10-16T17:28:03.337Z
media_w1865520766_2864.ts,2025-10-16T17:28:12.420Z
media_w508204543_2865.ts,2025-10-16T17:28:21.176Z
media_w1491906517_2866.ts,2025-10-16T17:28:34.074Z
media_w663696042_2867.ts,2025-10-16T17:28:43.444Z
media_w720357660_2868.ts,2025-10-16T17:28:52.535Z
media_w1786864197_2869.ts,2025-10-16T17:29:05.521Z
media_w2062382756_2870.ts,2025-10-16T17:29:14.333Z
media_w1483928404_2871.ts,2025-10-16T17:29:23.172Z
media_w180705528_2872.ts,2025-10-16T17:29:31.854Z
media_w766351568_2873.ts,2025-10-16T17:29:44.811Z
media_w1564617654_2874.ts,2025-10-16T17:29:53.955Z
media_w1683707543_2875.ts,2025-10-16T17:30:03.306Z
media_w180034277_2876.ts,2025-10-16T17:30:12.067Z
media_w801467397_2877.ts,2025-10-16T17:30:24.735Z
media_w82518392_2878.ts,2025-10-16T17:30:33.209Z
media_w1173114644_2879.ts,2025-10-16T17:30:41.801Z
media_w1759116485_2880.ts,2025-10-16T17:30:54.468Z
media_w1880244906_2881.ts,2025-10-16T17:31:02.970Z
media_w582296050_2882.ts,2025-10-16T17:31:11.456Z
media_w2015657856_2883.ts,2025-10-16T17:31:24.080Z
media_w1368151457_2884.ts,2025-10-16T17:31:33.007Z
media_w413554117_2885.ts,2025-10-16T17:31:41.548Z
media_w2120255962_2886.ts,2025-10-16T17:31:54.183Z
media_w821519210_2887.ts,2025-10-16T17:32:02.899Z
media_w419690813_2888.ts,2025-10-16T17:32:11.445Z
media_w1260421460_2889.ts,2025-10-16T17:32:24.201Z
media_w223578670_2890.ts,2025-10-16T17:32:32.920Z
media_w935275602_2891.ts,2025-10-16T17:32:41.487Z
media_w958825339_2892.ts,2025-10-16T17:32:54.140Z
media_w514496664_2893.ts,2025-10-16T17:33:02.649Z
media_w1523833917_2894.ts,2025-10-16T17:33:15.391Z
media_w697790057_2895.ts,2025-10-16T17:33:24.021Z
media_w1687103506_2896.ts,2025-10-16T17:33:32.530Z
media_w401793255_2897.ts,2025-10-16T17:33:41.613Z
media_w1861309273_2898.ts,2025-10-16T17:33:54.688Z
media_w217149663_2899.ts,2025-10-16T17:34:03.281Z
media_w749942079_2900.ts,2025-10-16T17:34:11.799Z
media_w906968868_2901.ts,2025-10-16T17:34:24.459Z
media_w1997216856_2902.ts,2025-10-16T17:34:32.975Z
media_w1209708210_2903.ts,2025-10-16T17:34:41.437Z
media_w896054491_2904.ts,2025-10-16T17:34:54.616Z
media_w2139897965_2905.ts,2025-10-16T17:35:03.137Z
media_w1736573056_2906.ts,2025-10-16T17:35:12.030Z
media_w1408888801_2907.ts,2025-10-16T17:35:20.529Z
media_w2087160487_2908.ts,2025-10-16T17:35:33.646Z
media_w2093842978_2909.ts,2025-10-16T17:35:43.321Z
media_w732298478_2910.ts,2025-10-16T17:35:52.421Z
media_w1252933378_2911.ts,2025-10-16T17:36:05.167Z
media_w1844299333_2912.ts,2025-10-16T17:36:13.951Z
media_w1213949002_2913.ts,2025-10-16T17:36:23.287Z
media_w557469644_2914.ts,2025-10-16T17:36:32.108Z
media_w1517677536_2915.ts,2025-10-16T17:36:44.898Z
media_w111003779_2916.ts,2025-10-16T17:36:53.766Z
media_w391604294_2917.ts,2025-10-16T17:37:02.951Z
media_w2020913052_2918.ts,2025-10-16T17:37:11.721Z
media_w2092624208_2919.ts,2025-10-16T17:37:24.396Z
media_w941656923_2920.ts,2025-10-16T17:37:33.506Z
media_w1787149224_2921.ts,2025-10-16T17:37:42.454Z
media_w104002154_2922.ts,2025-10-16T17:37:51.528Z
media_w1495018042_2923.ts,2025-10-16T17:38:04.678Z
media_w1450950007_2924.ts,2025-10-16T17:38:13.458Z
media_w1534526138_2925.ts,2025-10-16T17:38:22.610Z
media_w983573185_2926.ts,2025-10-16T17:38:31.409Z
media_w364721963_2927.ts,2025-10-16T17:38:44.387Z
media_w1850864445_2928.ts,2025-10-16T17:38:53.763Z
media_w2133428299_2929.ts,2025-10-16T17:39:02.987Z
media_w531251620_2930.ts,2025-10-16T17:39:11.742Z
media_w375411899_2931.ts,2025-10-16T17:39:24.663Z
media_w1637005715_2932.ts,2025-10-16T17:39:33.949Z
media_w721748783_2933.ts,2025-10-16T17:39:43.525Z
media_w378122542_2934.ts,2025-10-16T17:39:52.827Z
media_w812119874_2935.ts,2025-10-16T17:40:01.536Z
media_w277446666_2936.ts,2025-10-16T17:40:14.265Z
media_w1709284984_2937.ts,2025-10-16T17:40:23.733Z
media_w2009190823_2938.ts,2025-10-16T17:40:33.208Z
media_w1649407029_2939.ts,2025-10-16T17:40:42.133Z
media_w685007760_2940.ts,2025-10-16T17:40:55.302Z
media_w1208588998_2941.ts,2025-10-16T17:41:04.105Z
media_w793347366_2942.ts,2025-10-16T17:41:13.501Z
media_w1918613381_2943.ts,2025-10-16T17:41:22.733Z
media_w1207405552_2944.ts,2025-10-16T17:41:31.466Z
media_w844889303_2945.ts,2025-10-16T17:41:44.357Z
media_w451735530_2946.ts,2025-10-16T17:41:54.045Z
media_w230963876_2947.ts,2025-10-16T17:42:03.713Z
media_w1363711371_2948.ts,2025-10-16T17:42:13.593Z
media_w772208019_2949.ts,2025-10-16T17:42:22.812Z
media_w339923072_2950.ts,2025-10-16T17:42:31.309Z
media_w602327033_2951.ts,2025-10-16T17:42:44.325Z
media_w1022345249_2952.ts,2025-10-16T17:42:53.491Z
media_w1504168258_2953.ts,2025-10-16T17:43:02.994Z
media_w1529195761_2954.ts,2025-10-16T17:43:12.520Z
media_w1944187525_2955.ts,2025-10-16T17:43:25.778Z
media_w618776669_2956.ts,2025-10-16T17:43:34.385Z
media_w1525994312_2957.ts,2025-10-16T17:43:44.688Z
media_w1133187331_2958.ts,2025-10-16T17:43:53.993Z
media_w1563441310_2959.ts,2025-10-16T17:44:03.712Z
media_w652210713_2960.ts,2025-10-16T17:44:13.270Z
media_w690333072_2961.ts,2025-10-16T17:44:22.324Z
media_w1774985954_2962.ts,2025-10-16T17:44:30.853Z
media_w1580057464_2963.ts,2025-10-16T17:44:43.692Z
media_w2004066056_2964.ts,2025-10-16T17:44:53.255Z
media_w2141817540_2965.ts,2025-10-16T17:45:02.680Z
media_w439373153_2966.ts,2025-10-16T17:45:11.380Z
media_w2052189237_2967.ts,2025-10-16T17:45:24.364Z
media_w550256969_2968.ts,2025-10-16T17:45:34.018Z
media_w998897062_2969.ts,2025-10-16T17:45:43.353Z
media_w1083273623_2970.ts,2025-10-16T17:45:53.767Z
media_w569602851_2971.ts,2025-10-16T17:46:03.125Z
media_w2142741485_2972.ts,2025-10-16T17:46:11.588Z
media_w136560535_2973.ts,2025-10-16T17:46:24.328Z
media_w1896585037_2974.ts,2025-10-16T17:46:32.852Z
media_w313821976_2975.ts,2025-10-16T17:46:41.632Z
media_w132651236_2976.ts,2025-10-16T17:46:54.312Z
media_w1393289780_2977.ts,2025-10-16T17:47:02.849Z
media_w718279571_2978.ts,2025-10-16T17:47:15.592Z
media_w1889134324_2979.ts,2025-10-16T17:47:24.072Z
media_w205888559_2980.ts,2025-10-16T17:47:32.524Z
media_w1148195829_2981.ts,2025-10-16T17:47:41.004Z
media_w911949983_2982.ts,2025-10-16T17:47:53.784Z
media_w1259667547_2983.ts,2025-10-16T17:48:02.294Z
media_w460190792_2984.ts,2025-10-16T17:48:15.008Z
media_w2012246977_2985.ts,2025-10-16T17:48:23.503Z
media_w1570024427_2986.ts,2025-10-16T17:48:32.067Z
media_w2001659528_2987.ts,2025-10-16T17:48:44.671Z
media_w688231038_2988.ts,2025-10-16T17:48:53.213Z
media_w473688667_2989.ts,2025-10-16T17:49:01.757Z
media_w386195040_2990.ts,2025-10-16T17:49:14.548Z
media_w919434837_2991.ts,2025-10-16T17:49:23.061Z
media_w1244679470_2992.ts,2025-10-16T17:49:31.909Z
media_w375945846_2993.ts,2025-10-16T17:49:40.453Z
media_w1345069988_2994.ts,2025-10-16T17:49:53.213Z
media_w712152354_2995.ts,2025-10-16T17:50:02.007Z
media_w1273840074_2996.ts,2025-10-16T17:50:14.699Z
media_w1383773221_2997.ts,2025-10-16T17:50:23.278Z
media_w1990740599_2998.ts,2025-10-16T17:50:31.915Z
media_w589310699_2999.ts,2025-10-16T17:50:44.651Z
media_w1055756220_3000.ts,2025-10-16T17:50:53.661Z
media_w195043407_3001.ts,2025-10-16T17:51:02.925Z
media_w1398549644_3002.ts,2025-10-16T17:51:11.562Z
media_w1739209849_3003.ts,2025-10-16T17:51:24.559Z
media_w847775794_3004.ts,2025-10-16T17:51:33.328Z
media_w735609451_3005.ts,2025-10-16T17:51:42.344Z
media_w567679928_3006.ts,2025-10-16T17:51:51.240Z
media_w1244166464_3007.ts,2025-10-16T17:52:04.267Z
media_w1590248148_3008.ts,2025-10-16T17:52:13.603Z
media_w404953547_3009.ts,2025-10-16T17:52:23.150Z
media_w136145103_3010.ts,2025-10-16T17:52:32.008Z
media_w1773983666_3011.ts,2025-10-16T17:52:44.648Z
media_w984078737_3012.ts,2025-10-16T17:52:53.439Z
media_w745156792_3013.ts,2025-10-16T17:53:02.256Z
media_w58794941_3014.ts,2025-10-16T17:53:10.847Z
media_w1930349993_3015.ts,2025-10-16T17:53:23.726Z
media_w1128554726_3016.ts,2025-10-16T17:53:33.203Z
media_w447777604_3017.ts,2025-10-16T17:53:42.054Z
media_w264984051_3018.ts,2025-10-16T17:53:50.602Z
media_w1715303185_3019.ts,2025-10-16T17:54:03.995Z
media_w621347454_3020.ts,2025-10-16T17:54:13.253Z
media_w1647551041_3021.ts,2025-10-16T17:54:22.065Z
media_w967114142_3022.ts,2025-10-16T17:54:34.960Z
media_w1299856513_3023.ts,2025-10-16T17:54:44.538Z
media_w98323715_3024.ts,2025-10-16T17:54:53.368Z
media_w1590695182_3025.ts,2025-10-16T17:55:02.276Z
media_w1526966266_3026.ts,2025-10-16T17:55:15.155Z
media_w1383166386_3027.ts,2025-10-16T17:55:23.786Z
media_w353724461_3028.ts,2025-10-16T17:55:33.388Z
media_w1597252668_3029.ts,2025-10-16T17:55:42.804Z
media_w892309105_3030.ts,2025-10-16T17:55:51.708Z
media_w1283208842_3031.ts,2025-10-16T17:56:04.735Z
media_w1770250154_3032.ts,2025-10-16T17:56:14.345Z
media_w1246258715_3033.ts,2025-10-16T17:56:23.238Z
media_w658767954_3034.ts,2025-10-16T17:56:31.736Z
media_w1240192567_3035.ts,2025-10-16T17:56:44.759Z
media_w1909620122_3036.ts,2025-10-16T17:56:53.635Z
media_w1482997178_3037.ts,2025-10-16T17:57:02.684Z
media_w1733289419_3038.ts,2025-10-16T17:57:11.237Z
media_w1318725037_3039.ts,2025-10-16T17:57:24.035Z
media_w614927747_3040.ts,2025-10-16T17:57:33.090Z
media_w657209540_3041.ts,2025-10-16T17:57:41.767Z
media_w222602808_3042.ts,2025-10-16T17:57:54.671Z
media_w1237224733_3043.ts,2025-10-16T17:58:03.750Z
media_w1353099085_3044.ts,2025-10-16T17:58:12.603Z
media_w1561838406_3045.ts,2025-10-16T17:58:25.615Z
media_w52520938_3046.ts,2025-10-16T17:58:34.405Z
media_w172150137_3047.ts,2025-10-16T17:58:43.746Z
media_w1916483758_3048.ts,2025-10-16T17:58:53.276Z
media_w1398476866_3049.ts,2025-10-16T17:59:02.131Z
media_w438642533_3050.ts,2025-10-16T17:59:15.180Z
media_w421842162_3051.ts,2025-10-16T17:59:23.739Z
media_w212241732_3052.ts,2025-10-16T17:59:32.822Z
media_w1428849655_3053.ts,2025-10-16T17:59:41.641Z
media_w1511572031_3054.ts,2025-10-16T17:59:54.430Z
media_w1395788679_3055.ts,2025-10-16T18:00:04.729Z
media_w430012443_3056.ts,2025-10-16T18:00:13.648Z
media_w129091685_3057.ts,2025-10-16T18:00:23.019Z
media_w1530407646_3058.ts,2025-10-16T18:00:31.637Z
media_w410746828_3059.ts,2025-10-16T18:00:44.563Z
media_w437024415_3060.ts,2025-10-16T18:00:53.394Z
media_w346718577_3061.ts,2025-10-16T18:01:02.067Z
media_w2070550760_3062.ts,2025-10-16T18:01:10.950Z
media_w495350432_3063.ts,2025-10-16T18:01:23.855Z
media_w928376483_3064.ts,2025-10-16T18:01:33.129Z
media_w2089890400_3065.ts,2025-10-16T18:01:42.009Z
media_w92552302_3066.ts,2025-10-16T18:01:55.141Z
media_w145837593_3067.ts,2025-10-16T18:02:04.194Z
media_w196750995_3068.ts,2025-10-16T18:02:13.808Z
media_w2085451838_3069.ts,2025-10-16T18:02:22.570Z
media_w604109225_3070.ts,2025-10-16T18:02:35.490Z
media_w1281405001_3071.ts,2025-10-16T18:02:44.442Z
media_w479779951_3072.ts,2025-10-16T18:02:53.527Z
media_w1055738854_3073.ts,2025-10-16T18:03:02.780Z
media_w271349297_3074.ts,2025-10-16T18:03:11.552Z
media_w1416818693_3075.ts,2025-10-16T18:03:24.354Z
media_w657042902_3076.ts,2025-10-16T18:03:33.438Z
media_w1091786797_3077.ts,2025-10-16T18:03:41.960Z
media_w831926482_3078.ts,2025-10-16T18:03:55.097Z
media_w809986879_3079.ts,2025-10-16T18:04:04.331Z
media_w1227020115_3080.ts,2025-10-16T18:04:14.374Z
media_w489076789_3081.ts,2025-10-16T18:04:24.351Z
media_w233611613_3082.ts,2025-10-16T18:04:33.860Z
media_w1867490328_3083.ts,2025-10-16T18:04:43.307Z
media_w1998509306_3084.ts,2025-10-16T18:04:52.422Z
media_w835328741_3085.ts,2025-10-16T18:05:05.255Z
media_w1427604276_3086.ts,2025-10-16T18:05:14.135Z
media_w345655647_3087.ts,2025-10-16T18:05:24.302Z
media_w820811800_3088.ts,2025-10-16T18:05:34.062Z
media_w420293652_3089.ts,2025-10-16T18:05:43.400Z
media_w1522221588_3090.ts,2025-10-16T18:05:52.208Z
media_w414599389_3091.ts,2025-10-16T18:06:05.395Z
media_w1870216507_3092.ts,2025-10-16T18:06:14.406Z
media_w931280917_3093.ts,2025-10-16T18:06:23.843Z
media_w2006092566_3094.ts,2025-10-16T18:06:33.432Z
media_w1813002236_3095.ts,2025-10-16T18:06:42.640Z
media_w551357370_3096.ts,2025-10-16T18:06:51.490Z
media_w1812039212_3097.ts,2025-10-16T18:07:04.639Z
media_w1804475984_3098.ts,2025-10-16T18:07:13.980Z
media_w1492997342_3099.ts,2025-10-16T18:07:23.386Z
media_w628924813_3100.ts,2025-10-16T18:07:32.550Z
media_w1715865844_3101.ts,2025-10-16T18:07:41.678Z
media_w786907932_3102.ts,2025-10-16T18:07:54.879Z
media_w65337544_3103.ts,2025-10-16T18:08:04.007Z
media_w2102129922_3104.ts,2025-10-16T18:08:12.788Z
media_w1498125329_3105.ts,2025-10-16T18:08:21.602Z
media_w1628150282_3106.ts,2025-10-16T18:08:34.744Z
media_w1842563378_3107.ts,2025-10-16T18:08:43.970Z
media_w842897102_3108.ts,2025-10-16T18:08:53.239Z
media_w1943421666_3109.ts,2025-10-16T18:09:02.213Z
media_w1137362110_3110.ts,2025-10-16T18:09:15.130Z
media_w1007652411_3111.ts,2025-10-16T18:09:23.923Z
media_w2101640749_3112.ts,2025-10-16T18:09:33.540Z
media_w1453981735_3113.ts,2025-10-16T18:09:43.245Z
media_w795153322_3114.ts,2025-10-16T18:09:52.049Z
media_w832342925_3115.ts,2025-10-16T18:10:04.987Z
media_w1619231788_3116.ts,2025-10-16T18:10:13.935Z
media_w1082354252_3117.ts,2025-10-16T18:10:23.066Z
media_w1974981414_3118.ts,2025-10-16T18:10:31.839Z
media_w1640574760_3119.ts,2025-10-16T18:10:44.574Z
media_w40776567_3120.ts,2025-10-16T18:10:53.792Z
media_w2142060560_3121.ts,2025-10-16T18:11:03.566Z
media_w315964477_3122.ts,2025-10-16T18:11:13.177Z
media_w816432739_3123.ts,2025-10-16T18:11:22.492Z
media_w954555302_3124.ts,2025-10-16T18:11:31.575Z
media_w110262991_3125.ts,2025-10-16T18:11:44.282Z
media_w638204710_3126.ts,2025-10-16T18:11:53.799Z
media_w1532089456_3127.ts,2025-10-16T18:12:03.347Z
media_w1226293383_3128.ts,2025-10-16T18:12:12.817Z
media_w553443600_3129.ts,2025-10-16T18:12:25.874Z
media_w565656722_3130.ts,2025-10-16T18:12:34.394Z
media_w493455573_3131.ts,2025-10-16T18:12:42.903Z
media_w920859376_3132.ts,2025-10-16T18:12:51.466Z
media_w1138553029_3133.ts,2025-10-16T18:13:04.445Z
media_w1234399248_3134.ts,2025-10-16T18:13:13.031Z
media_w59689031_3135.ts,2025-10-16T18:13:21.608Z
media_w1353223831_3136.ts,2025-10-16T18:13:34.299Z
media_w337187705_3137.ts,2025-10-16T18:13:42.885Z
media_w760192154_3138.ts,2025-10-16T18:13:51.544Z
media_w125189578_3139.ts,2025-10-16T18:14:04.546Z
media_w1462779855_3140.ts,2025-10-16T18:14:13.174Z
media_w912447742_3141.ts,2025-10-16T18:14:21.704Z
media_w566630639_3142.ts,2025-10-16T18:14:34.419Z
media_w1103629262_3143.ts,2025-10-16T18:14:42.971Z
media_w104786654_3144.ts,2025-10-16T18:14:51.477Z
media_w31173018_3145.ts,2025-10-16T18:15:04.198Z
media_w1567695609_3146.ts,2025-10-16T18:15:12.840Z
media_w1696049237_3147.ts,2025-10-16T18:15:21.678Z
media_w184379028_3148.ts,2025-10-16T18:15:34.283Z
media_w1001873479_3149.ts,2025-10-16T18:15:42.924Z
media_w1992748446_3150.ts,2025-10-16T18:15:55.714Z
media_w1052976593_3151.ts,2025-10-16T18:16:04.154Z
media_w133781749_3152.ts,2025-10-16T18:16:12.718Z
media_w774105124_3153.ts,2025-10-16T18:16:21.275Z
media_w1673086182_3154.ts,2025-10-16T18:16:33.963Z
media_w1002542007_3155.ts,2025-10-16T18:16:42.461Z
media_w1945617035_3156.ts,2025-10-16T18:16:55.886Z
media_w1552492181_3157.ts,2025-10-16T18:17:04.423Z
media_w1816514358_3158.ts,2025-10-16T18:17:13.051Z
media_w449167121_3159.ts,2025-10-16T18:17:21.877Z
media_w673316860_3160.ts,2025-10-16T18:17:34.711Z
media_w189610229_3161.ts,2025-10-16T18:17:43.778Z
media_w585511892_3162.ts,2025-10-16T18:17:53.545Z
media_w677423537_3163.ts,2025-10-16T18:18:03.115Z
media_w1743513826_3164.ts,2025-10-16T18:18:12.081Z
media_w1888942887_3165.ts,2025-10-16T18:18:24.794Z
media_w260989184_3166.ts,2025-10-16T18:18:33.983Z
media_w263533159_3167.ts,2025-10-16T18:18:43.363Z
media_w1487820275_3168.ts,2025-10-16T18:18:52.657Z
media_w1901252759_3169.ts,2025-10-16T18:19:01.660Z
media_w1256468643_3170.ts,2025-10-16T18:19:14.523Z
media_w918763351_3171.ts,2025-10-16T18:19:24.071Z
media_w426185919_3172.ts,2025-10-16T18:19:34.074Z
media_w1816507579_3173.ts,2025-10-16T18:19:43.418Z
media_w283090256_3174.ts,2025-10-16T18:19:52.115Z
media_w52492588_3175.ts,2025-10-16T18:20:05.526Z
media_w1137753918_3176.ts,2025-10-16T18:20:14.794Z
media_w1745375920_3177.ts,2025-10-16T18:20:23.992Z
media_w2046675000_3178.ts,2025-10-16T18:20:33.461Z
media_w1530736192_3179.ts,2025-10-16T18:20:42.660Z
media_w1903230926_3180.ts,2025-10-16T18:20:51.445Z
media_w1212407247_3181.ts,2025-10-16T18:21:04.479Z
media_w1477378990_3182.ts,2025-10-16T18:21:13.378Z
media_w1308988771_3183.ts,2025-10-16T18:21:22.148Z
media_w1223234323_3184.ts,2025-10-16T18:21:30.986Z
media_w1001815594_3185.ts,2025-10-16T18:21:44.034Z
media_w1921003852_3186.ts,2025-10-16T18:21:53.343Z
media_w1021556449_3187.ts,2025-10-16T18:22:02.179Z
media_w2039721789_3188.ts,2025-10-16T18:22:10.882Z
media_w791426841_3189.ts,2025-10-16T18:22:24.169Z
media_w883005764_3190.ts,2025-10-16T18:22:34.053Z
media_w1884053363_3191.ts,2025-10-16T18:22:43.466Z
media_w933922448_3192.ts,2025-10-16T18:22:53.021Z
media_w1708518410_3193.ts,2025-10-16T18:23:01.598Z
media_w629815819_3194.ts,2025-10-16T18:23:14.362Z
media_w827631979_3195.ts,2025-10-16T18:23:23.959Z
media_w709126364_3196.ts,2025-10-16T18:23:33.608Z
media_w1958216455_3197.ts,2025-10-16T18:23:42.642Z
media_w859478368_3198.ts,2025-10-16T18:23:55.699Z
media_w129906429_3199.ts,2025-10-16T18:24:04.557Z
media_w1147080351_3200.ts,2025-10-16T18:24:13.856Z
media_w796806806_3201.ts,2025-10-16T18:24:23.777Z
media_w1085898017_3202.ts,2025-10-16T18:24:32.883Z
media_w1579595716_3203.ts,2025-10-16T18:24:41.564Z
media_w837746765_3204.ts,2025-10-16T18:24:54.251Z
media_w625431356_3205.ts,2025-10-16T18:25:03.164Z
media_w1086048085_3206.ts,2025-10-16T18:25:12.101Z
media_w1445183485_3207.ts,2025-10-16T18:25:20.991Z
media_w458030146_3208.ts,2025-10-16T18:25:34.186Z
media_w2057086469_3209.ts,2025-10-16T18:25:43.254Z
media_w680486776_3210.ts,2025-10-16T18:25:52.361Z
media_w311712605_3211.ts,2025-10-16T18:26:01.315Z
media_w2080775244_3212.ts,2025-10-16T18:26:14.375Z
media_w870042969_3213.ts,2025-10-16T18:26:23.487Z
media_w1225007495_3214.ts,2025-10-16T18:26:33.242Z
media_w690169846_3215.ts,2025-10-16T18:26:42.116Z
media_w1771562561_3216.ts,2025-10-16T18:26:55.386Z
media_w354521673_3217.ts,2025-10-16T18:27:04.417Z
media_w136205779_3218.ts,2025-10-16T18:27:13.607Z
media_w1355809815_3219.ts,2025-10-16T18:27:22.605Z
media_w1562227452_3220.ts,2025-10-16T18:27:31.303Z
media_w803754614_3221.ts,2025-10-16T18:27:44.710Z
media_w495752943_3222.ts,2025-10-16T18:27:53.591Z
media_w361037537_3223.ts,2025-10-16T18:28:02.476Z
media_w1994857938_3224.ts,2025-10-16T18:28:11.283Z
media_w735567941_3225.ts,2025-10-16T18:28:24.115Z
media_w1803176606_3226.ts,2025-10-16T18:28:33.268Z
media_w12978668_3227.ts,2025-10-16T18:28:42.704Z
media_w1179584071_3228.ts,2025-10-16T18:28:51.219Z
media_w985792031_3229.ts,2025-10-16T18:29:04.006Z
media_w1720417904_3230.ts,2025-10-16T18:29:12.907Z
media_w1067016967_3231.ts,2025-10-16T18:29:21.653Z
media_w1078725748_3232.ts,2025-10-16T18:29:34.391Z
media_w534952906_3233.ts,2025-10-16T18:29:43.548Z
media_w790405667_3234.ts,2025-10-16T18:29:52.310Z
media_w1869367026_3235.ts,2025-10-16T18:30:05.163Z
media_w939718412_3236.ts,2025-10-16T18:30:14.295Z
media_w799697727_3237.ts,2025-10-16T18:30:23.583Z
media_w1903029681_3238.ts,2025-10-16T18:30:32.325Z
media_w683611925_3239.ts,2025-10-16T18:30:41.010Z
media_w1842799004_3240.ts,2025-10-16T18:30:54.098Z
media_w381265074_3241.ts,2025-10-16T18:31:03.658Z
media_w1105656895_3242.ts,2025-10-16T18:31:12.581Z
media_w1561103888_3243.ts,2025-10-16T18:31:21.296Z
media_w877342208_3244.ts,2025-10-16T18:31:34.235Z
media_w226027803_3245.ts,2025-10-16T18:31:43.442Z
media_w64831061_3246.ts,2025-10-16T18:31:53.241Z
media_w1901472244_3247.ts,2025-10-16T18:32:02.484Z
media_w1978558092_3248.ts,2025-10-16T18:32:15.428Z
media_w278565523_3249.ts,2025-10-16T18:32:24.111Z
media_w1258042182_3250.ts,2025-10-16T18:32:32.952Z
media_w310866814_3251.ts,2025-10-16T18:32:41.670Z
media_w2000731033_3252.ts,2025-10-16T18:32:54.742Z
media_w971033798_3253.ts,2025-10-16T18:33:03.687Z
media_w939681760_3254.ts,2025-10-16T18:33:12.983Z
media_w1408684685_3255.ts,2025-10-16T18:33:21.755Z
media_w1945994878_3256.ts,2025-10-16T18:33:34.670Z
media_w1503534447_3257.ts,2025-10-16T18:33:43.582Z
media_w522131839_3258.ts,2025-10-16T18:33:52.527Z
media_w458618334_3259.ts,2025-10-16T18:34:05.486Z
media_w223370014_3260.ts,2025-10-16T18:34:14.130Z
media_w1890284924_3261.ts,2025-10-16T18:34:23.561Z
media_w2092807807_3262.ts,2025-10-16T18:34:32.395Z
media_w1276225149_3263.ts,2025-10-16T18:34:45.259Z
media_w114687367_3264.ts,2025-10-16T18:34:53.815Z
media_w1573493391_3265.ts,2025-10-16T18:35:03.198Z
media_w1187729652_3266.ts,2025-10-16T18:35:12.559Z
media_w1074367504_3267.ts,2025-10-16T18:35:25.828Z
media_w1537947208_3268.ts,2025-10-16T18:35:34.665Z
media_w1270535723_3269.ts,2025-10-16T18:35:43.775Z
media_w17784054_3270.ts,2025-10-16T18:35:52.886Z
media_w333552123_3271.ts,2025-10-16T18:36:01.701Z
media_w1347506465_3272.ts,2025-10-16T18:36:14.376Z
media_w1293863219_3273.ts,2025-10-16T18:36:23.280Z
media_w1570629579_3274.ts,2025-10-16T18:36:32.394Z
media_w161582400_3275.ts,2025-10-16T18:36:45.218Z
media_w247464438_3276.ts,2025-10-16T18:36:53.938Z
media_w84608700_3277.ts,2025-10-16T18:37:03.389Z
media_w204365269_3278.ts,2025-10-16T18:37:12.115Z
media_w741117072_3279.ts,2025-10-16T18:37:25.119Z
media_w878725435_3280.ts,2025-10-16T18:37:33.810Z
media_w2066685834_3281.ts,2025-10-16T18:37:43.065Z
media_w1572733761_3282.ts,2025-10-16T18:37:51.613Z
media_w910501000_3283.ts,2025-10-16T18:38:04.597Z
media_w492513812_3284.ts,2025-10-16T18:38:13.315Z
media_w1423285014_3285.ts,2025-10-16T18:38:22.078Z
media_w136266776_3286.ts,2025-10-16T18:38:35.222Z
media_w744568551_3287.ts,2025-10-16T18:38:43.807Z
media_w411803353_3288.ts,2025-10-16T18:38:52.968Z
media_w357246199_3289.ts,2025-10-16T18:39:01.694Z
media_w1513477846_3290.ts,2025-10-16T18:39:14.841Z
media_w1896161968_3291.ts,2025-10-16T18:39:23.655Z
media_w1673984846_3292.ts,2025-10-16T18:39:33.013Z
media_w1670042214_3293.ts,2025-10-16T18:39:41.512Z
media_w553888479_3294.ts,2025-10-16T18:39:54.309Z
media_w2105924624_3295.ts,2025-10-16T18:40:03.265Z
media_w1262304081_3296.ts,2025-10-16T18:40:11.915Z
media_w1694668538_3297.ts,2025-10-16T18:40:24.616Z
media_w1353031689_3298.ts,2025-10-16T18:40:33.311Z
media_w781211016_3299.ts,2025-10-16T18:40:42.677Z
media_w395580966_3300.ts,2025-10-16T18:40:51.483Z
media_w1017321406_3301.ts,2025-10-16T18:41:04.170Z
media_w1198606193_3302.ts,2025-10-16T18:41:13.083Z
media_w669858607_3303.ts,2025-10-16T18:41:21.860Z
media_w1609756527_3304.ts,2025-10-16T18:41:34.531Z
media_w1147405063_3305.ts,2025-10-16T18:41:43.379Z
media_w1857133356_3306.ts,2025-10-16T18:41:51.933Z
media_w65562696_3307.ts,2025-10-16T18:42:04.579Z
media_w299483865_3308.ts,2025-10-16T18:42:13.358Z
media_w1723999334_3309.ts,2025-10-16T18:42:22.097Z
media_w1104896387_3310.ts,2025-10-16T18:42:30.938Z
media_w1061642917_3311.ts,2025-10-16T18:42:43.602Z
media_w1258359868_3312.ts,2025-10-16T18:42:52.602Z
media_w438869494_3313.ts,2025-10-16T18:43:01.708Z
media_w539247305_3314.ts,2025-10-16T18:43:14.724Z
media_w258449082_3315.ts,2025-10-16T18:43:23.339Z
media_w795551093_3316.ts,2025-10-16T18:43:32.195Z
media_w241427917_3317.ts,2025-10-16T18:43:45.139Z
media_w1725779258_3318.ts,2025-10-16T18:43:53.983Z
media_w2027841258_3319.ts,2025-10-16T18:44:03.369Z
media_w838461300_3320.ts,2025-10-16T18:44:12.510Z
media_w1827619204_3321.ts,2025-10-16T18:44:21.006Z
media_w597584316_3322.ts,2025-10-16T18:44:33.871Z
media_w10296280_3323.ts,2025-10-16T18:44:43.243Z
media_w1857656011_3324.ts,2025-10-16T18:44:52.265Z
media_w182918645_3325.ts,2025-10-16T18:45:05.431Z
media_w764746788_3326.ts,2025-10-16T18:45:14.205Z
media_w777351114_3327.ts,2025-10-16T18:45:23.143Z
media_w2056139124_3328.ts,2025-10-16T18:45:32.031Z
media_w794660887_3329.ts,2025-10-16T18:45:44.966Z
media_w209715237_3330.ts,2025-10-16T18:45:54.181Z
media_w176420042_3331.ts,2025-10-16T18:46:03.265Z
media_w504126514_3332.ts,2025-10-16T18:46:12.273Z
media_w2129897866_3333.ts,2025-10-16T18:46:21.280Z
media_w1220545985_3334.ts,2025-10-16T18:46:33.924Z
media_w393873297_3335.ts,2025-10-16T18:46:42.787Z
media_w2070991501_3336.ts,2025-10-16T18:46:51.647Z
media_w1904852284_3337.ts,2025-10-16T18:47:04.577Z
media_w1510228168_3338.ts,2025-10-16T18:47:13.571Z
media_w2053208309_3339.ts,2025-10-16T18:47:22.386Z
media_w1632221706_3340.ts,2025-10-16T18:47:35.418Z
media_w415846685_3341.ts,2025-10-16T18:47:44.554Z
media_w275241226_3342.ts,2025-10-16T18:47:53.849Z
media_w688536449_3343.ts,2025-10-16T18:48:02.779Z
media_w99605082_3344.ts,2025-10-16T18:48:11.633Z
media_w1157621129_3345.ts,2025-10-16T18:48:24.598Z
media_w2061475824_3346.ts,2025-10-16T18:48:33.977Z
media_w1630452331_3347.ts,2025-10-16T18:48:43.078Z
media_w77060504_3348.ts,2025-10-16T18:48:51.674Z
media_w1111602921_3349.ts,2025-10-16T18:49:04.417Z
media_w1036049078_3350.ts,2025-10-16T18:49:13.633Z
media_w1151900456_3351.ts,2025-10-16T18:49:22.380Z
media_w135216665_3352.ts,2025-10-16T18:49:30.879Z
media_w215587094_3353.ts,2025-10-16T18:49:43.949Z
media_w723984266_3354.ts,2025-10-16T18:49:53.228Z
media_w1459550257_3355.ts,2025-10-16T18:50:02.125Z
media_w1404231164_3356.ts,2025-10-16T18:50:10.670Z
media_w1470814942_3357.ts,2025-10-16T18:50:23.814Z
media_w1244056273_3358.ts,2025-10-16T18:50:33.508Z
media_w1165697051_3359.ts,2025-10-16T18:50:43.007Z
media_w890453494_3360.ts,2025-10-16T18:50:51.600Z
media_w1515469290_3361.ts,2025-10-16T18:51:04.760Z
media_w210976365_3362.ts,2025-10-16T18:51:13.517Z
media_w563316190_3363.ts,2025-10-16T18:51:23.194Z
media_w256831641_3364.ts,2025-10-16T18:51:32.014Z
media_w406644975_3365.ts,2025-10-16T18:51:44.969Z
media_w827247495_3366.ts,2025-10-16T18:51:54.232Z
media_w2123571909_3367.ts,2025-10-16T18:52:03.792Z
media_w361555456_3368.ts,2025-10-16T18:52:12.717Z
media_w1861294758_3369.ts,2025-10-16T18:52:21.198Z
media_w57666420_3370.ts,2025-10-16T18:52:34.216Z
media_w2046610087_3371.ts,2025-10-16T18:52:43.444Z
media_w309307656_3372.ts,2025-10-16T18:52:53.086Z
media_w1095538042_3373.ts,2025-10-16T18:53:01.603Z
media_w4248873_3374.ts,2025-10-16T18:53:14.573Z
media_w875844280_3375.ts,2025-10-16T18:53:23.599Z
media_w1966214863_3376.ts,2025-10-16T18:53:32.591Z
media_w116296414_3377.ts,2025-10-16T18:53:41.091Z
media_w692072631_3378.ts,2025-10-16T18:53:54.074Z
media_w1031892574_3379.ts,2025-10-16T18:54:03.243Z
media_w488720721_3380.ts,2025-10-16T18:54:12.478Z
media_w335099705_3381.ts,2025-10-16T18:54:21.385Z
media_w1579420448_3382.ts,2025-10-16T18:54:34.242Z
media_w1946082362_3383.ts,2025-10-16T18:54:43.444Z
media_w1942883131_3384.ts,2025-10-16T18:54:52.556Z
media_w549785514_3385.ts,2025-10-16T18:55:01.405Z
media_w411746176_3386.ts,2025-10-16T18:55:14.728Z
media_w1332283432_3387.ts,2025-10-16T18:55:23.872Z
media_w796257980_3388.ts,2025-10-16T18:55:32.913Z
media_w390708365_3389.ts,2025-10-16T18:55:41.733Z
media_w220425437_3390.ts,2025-10-16T18:55:54.798Z
media_w1536323752_3391.ts,2025-10-16T18:56:03.614Z
media_w312131697_3392.ts,2025-10-16T18:56:12.573Z
media_w774487429_3393.ts,2025-10-16T18:56:25.474Z
media_w1693180796_3394.ts,2025-10-16T18:56:34.455Z
media_w1418737964_3395.ts,2025-10-16T18:56:43.608Z
media_w1205675200_3396.ts,2025-10-16T18:56:52.569Z
media_w1476330857_3397.ts,2025-10-16T18:57:05.793Z
media_w2133795449_3398.ts,2025-10-16T18:57:14.758Z
media_w1429838186_3399.ts,2025-10-16T18:57:23.867Z
media_w1460378691_3400.ts,2025-10-16T18:57:32.747Z
media_w2126795362_3401.ts,2025-10-16T18:57:41.736Z
media_w791867258_3402.ts,2025-10-16T18:57:54.885Z
media_w10570015_3403.ts,2025-10-16T18:58:04.088Z
media_w410263229_3404.ts,2025-10-16T18:58:13.099Z
media_w384390051_3405.ts,2025-10-16T18:58:21.643Z
media_w1719720998_3406.ts,2025-10-16T18:58:34.888Z
media_w517990785_3407.ts,2025-10-16T18:58:44.120Z
media_w1372763461_3408.ts,2025-10-16T18:58:53.271Z
media_w168687025_3409.ts,2025-10-16T18:59:02.207Z
media_w375852849_3410.ts,2025-10-16T18:59:11.096Z
media_w1359423809_3411.ts,2025-10-16T18:59:24.230Z
media_w1778060869_3412.ts,2025-10-16T18:59:33.936Z
media_w1436360046_3413.ts,2025-10-16T18:59:43.273Z
media_w1974036558_3414.ts,2025-10-16T18:59:52.142Z
media_w1935190564_3415.ts,2025-10-16T19:00:05.116Z
media_w1647785522_3416.ts,2025-10-16T19:00:14.207Z
media_w1609101533_3417.ts,2025-10-16T19:00:23.350Z
media_w616439851_3418.ts,2025-10-16T19:00:32.902Z
media_w438276919_3419.ts,2025-10-16T19:00:41.606Z
media_w163013324_3420.ts,2025-10-16T19:00:54.630Z
media_w607397021_3421.ts,2025-10-16T19:01:03.784Z
media_w1902741534_3422.ts,2025-10-16T19:01:13.390Z
media_w922788742_3423.ts,2025-10-16T19:01:22.943Z
media_w1713020804_3424.ts,2025-10-16T19:01:32.324Z
media_w258919557_3425.ts,2025-10-16T19:01:40.894Z
media_w1516362168_3426.ts,2025-10-16T19:01:53.636Z
media_w113969721_3427.ts,2025-10-16T19:02:02.762Z
media_w667166147_3428.ts,2025-10-16T19:02:11.607Z
media_w1001467262_3429.ts,2025-10-16T19:02:24.701Z
media_w973268862_3430.ts,2025-10-16T19:02:33.608Z
media_w415803629_3431.ts,2025-10-16T19:02:42.790Z
media_w1782035704_3432.ts,2025-10-16T19:02:51.470Z
media_w772462893_3433.ts,2025-10-16T19:03:04.262Z
media_w1975342198_3434.ts,2025-10-16T19:03:13.513Z
media_w1141134010_3435.ts,2025-10-16T19:03:22.373Z
media_w1172725681_3436.ts,2025-10-16T19:03:31.369Z
media_w437081722_3437.ts,2025-10-16T19:03:44.379Z
media_w22688743_3438.ts,2025-10-16T19:03:53.503Z
media_w627142624_3439.ts,2025-10-16T19:04:02.340Z
media_w2025201704_3440.ts,2025-10-16T19:04:10.935Z
media_w470995999_3441.ts,2025-10-16T19:04:23.992Z
media_w568518065_3442.ts,2025-10-16T19:04:32.980Z
media_w598636650_3443.ts,2025-10-16T19:04:41.742Z
media_w1903544866_3444.ts,2025-10-16T19:04:54.771Z
media_w1913695185_3445.ts,2025-10-16T19:05:03.721Z
media_w310556135_3446.ts,2025-10-16T19:05:12.581Z
media_w1734605504_3447.ts,2025-10-16T19:05:21.312Z
media_w1357933546_3448.ts,2025-10-16T19:05:34.304Z
media_w726184186_3449.ts,2025-10-16T19:05:43.581Z
media_w85647976_3450.ts,2025-10-16T19:05:52.445Z
media_w490364252_3451.ts,2025-10-16T19:06:05.572Z
media_w2122901364_3452.ts,2025-10-16T19:06:14.250Z
media_w1213833240_3453.ts,2025-10-16T19:06:23.439Z
media_w1652508496_3454.ts,2025-10-16T19:06:32.540Z
media_w2122477654_3455.ts,2025-10-16T19:06:41.265Z
media_w1226416941_3456.ts,2025-10-16T19:06:54.460Z
media_w928040167_3457.ts,2025-10-16T19:07:03.789Z
media_w793248236_3458.ts,2025-10-16T19:07:13.281Z
media_w822401460_3459.ts,2025-10-16T19:07:21.966Z
media_w1061073322_3460.ts,2025-10-16T19:07:34.832Z
media_w323866727_3461.ts,2025-10-16T19:07:44.012Z
media_w1483457606_3462.ts,2025-10-16T19:07:53.458Z
media_w279474523_3463.ts,2025-10-16T19:08:02.805Z
media_w2017147719_3464.ts,2025-10-16T19:08:11.686Z
media_w1488196130_3465.ts,2025-10-16T19:08:24.837Z
media_w784896091_3466.ts,2025-10-16T19:08:34.051Z
media_w135409584_3467.ts,2025-10-16T19:08:43.201Z
media_w1592253250_3468.ts,2025-10-16T19:08:51.793Z
media_w1621449930_3469.ts,2025-10-16T19:09:04.708Z
media_w2014703206_3470.ts,2025-10-16T19:09:13.339Z
media_w1961430562_3471.ts,2025-10-16T19:09:21.873Z
media_w1395991555_3472.ts,2025-10-16T19:09:35.488Z
media_w665910337_3473.ts,2025-10-16T19:09:44.403Z
media_w1082725126_3474.ts,2025-10-16T19:09:53.613Z
media_w258427065_3475.ts,2025-10-16T19:10:02.680Z
media_w1275937081_3476.ts,2025-10-16T19:10:11.207Z
media_w1028880211_3477.ts,2025-10-16T19:10:24.404Z
media_w1926258873_3478.ts,2025-10-16T19:10:33.374Z
media_w1593311959_3479.ts,2025-10-16T19:10:42.393Z
media_w794920912_3480.ts,2025-10-16T19:10:50.994Z
media_w1347776854_3481.ts,2025-10-16T19:11:03.649Z
media_w2137451345_3482.ts,2025-10-16T19:11:12.646Z
media_w819078634_3483.ts,2025-10-16T19:11:25.772Z
media_w933093491_3484.ts,2025-10-16T19:11:34.299Z
media_w1663691698_3485.ts,2025-10-16T19:11:42.972Z
media_w980148615_3486.ts,2025-10-16T19:11:51.848Z
media_w804727091_3487.ts,2025-10-16T19:12:04.912Z
media_w1754973405_3488.ts,2025-10-16T19:12:13.579Z
media_w1005348697_3489.ts,2025-10-16T19:12:22.271Z
media_w1963569654_3490.ts,2025-10-16T19:12:31.227Z
media_w1390638578_3491.ts,2025-10-16T19:12:44.175Z
media_w1305231366_3492.ts,2025-10-16T19:12:53.548Z
media_w306382046_3493.ts,2025-10-16T19:13:02.881Z
media_w126318565_3494.ts,2025-10-16T19:13:11.641Z
media_w85034904_3495.ts,2025-10-16T19:13:24.624Z
media_w1521086935_3496.ts,2025-10-16T19:13:33.235Z
media_w624907567_3497.ts,2025-10-16T19:13:42.281Z
media_w225485682_3498.ts,2025-10-16T19:13:51.211Z
media_w1985649929_3499.ts,2025-10-16T19:14:04.551Z
media_w2033561540_3500.ts,2025-10-16T19:14:13.583Z
media_w608570531_3501.ts,2025-10-16T19:14:22.831Z
media_w714291925_3502.ts,2025-10-16T19:14:31.644Z
media_w1495889243_3503.ts,2025-10-16T19:14:44.451Z
media_w392430453_3504.ts,2025-10-16T19:14:53.867Z
media_w2043441337_3505.ts,2025-10-16T19:15:03.504Z
media_w1177344846_3506.ts,2025-10-16T19:15:13.004Z
media_w1391976758_3507.ts,2025-10-16T19:15:21.888Z
media_w815040134_3508.ts,2025-10-16T19:15:34.540Z
media_w1734101424_3509.ts,2025-10-16T19:15:43.382Z
media_w1132741441_3510.ts,2025-10-16T19:15:52.059Z
media_w1470478426_3511.ts,2025-10-16T19:16:04.962Z
media_w343636767_3512.ts,2025-10-16T19:16:13.946Z
media_w1896598242_3513.ts,2025-10-16T19:16:23.070Z
media_w188387078_3514.ts,2025-10-16T19:16:32.041Z
media_w1240107148_3515.ts,2025-10-16T19:16:40.827Z
media_w818353692_3516.ts,2025-10-16T19:16:54.015Z
media_w51574353_3517.ts,2025-10-16T19:17:03.021Z
media_w1239640115_3518.ts,2025-10-16T19:17:11.711Z
media_w1897451365_3519.ts,2025-10-16T19:17:24.603Z
media_w88992724_3520.ts,2025-10-16T19:17:34.007Z
media_w1505942215_3521.ts,2025-10-16T19:17:43.355Z
media_w1662565685_3522.ts,2025-10-16T19:17:52.245Z
media_w1284460301_3523.ts,2025-10-16T19:18:05.317Z
media_w46378872_3524.ts,2025-10-16T19:18:14.087Z
media_w1678141776_3525.ts,2025-10-16T19:18:23.189Z
media_w1949721622_3526.ts,2025-10-16T19:18:32.205Z
media_w1178703138_3527.ts,2025-10-16T19:18:45.088Z
media_w1361190078_3528.ts,2025-10-16T19:18:53.897Z
media_w69248704_3529.ts,2025-10-16T19:19:03.177Z
media_w320568234_3530.ts,2025-10-16T19:19:11.778Z
media_w875689253_3531.ts,2025-10-16T19:19:24.711Z
media_w1581690007_3532.ts,2025-10-16T19:19:33.593Z
media_w428090528_3533.ts,2025-10-16T19:19:42.567Z
media_w850338642_3534.ts,2025-10-16T19:19:51.380Z
media_w22540395_3535.ts,2025-10-16T19:20:04.401Z
media_w292917609_3536.ts,2025-10-16T19:20:13.383Z
media_w2146984450_3537.ts,2025-10-16T19:20:21.923Z
media_w1224952290_3538.ts,2025-10-16T19:20:34.860Z
media_w1396952209_3539.ts,2025-10-16T19:20:43.589Z
media_w1115079931_3540.ts,2025-10-16T19:20:53.281Z
media_w1436422986_3541.ts,2025-10-16T19:21:02.527Z
media_w1635688299_3542.ts,2025-10-16T19:21:11.212Z
media_w1000705966_3543.ts,2025-10-16T19:21:24.075Z
media_w232352242_3544.ts,2025-10-16T19:21:33.403Z
media_w935480881_3545.ts,2025-10-16T19:21:42.187Z
media_w271089207_3546.ts,2025-10-16T19:21:54.909Z
media_w1022497116_3547.ts,2025-10-16T19:22:03.960Z
media_w2029822037_3548.ts,2025-10-16T19:22:12.895Z
media_w95617897_3549.ts,2025-10-16T19:22:21.485Z
media_w1241663617_3550.ts,2025-10-16T19:22:34.389Z
media_w642769624_3551.ts,2025-10-16T19:22:43.306Z
media_w1419634946_3552.ts,2025-10-16T19:22:51.851Z
media_w1983547369_3553.ts,2025-10-16T19:23:04.937Z
media_w1172897247_3554.ts,2025-10-16T19:23:13.474Z
media_w1503099647_3555.ts,2025-10-16T19:23:22.844Z
media_w1323713340_3556.ts,2025-10-16T19:23:31.584Z
media_w262311461_3557.ts,2025-10-16T19:23:44.462Z
media_w2136274002_3558.ts,2025-10-16T19:23:53.752Z
media_w169736200_3559.ts,2025-10-16T19:24:02.688Z
media_w898494790_3560.ts,2025-10-16T19:24:11.362Z
media_w1085561115_3561.ts,2025-10-16T19:24:24.240Z
media_w1039454917_3562.ts,2025-10-16T19:24:33.141Z
media_w1547231645_3563.ts,2025-10-16T19:24:41.874Z
media_w1854576879_3564.ts,2025-10-16T19:24:54.849Z
media_w794222683_3565.ts,2025-10-16T19:25:04.100Z
media_w1694670378_3566.ts,2025-10-16T19:25:13.260Z
media_w1418000658_3567.ts,2025-10-16T19:25:22.302Z
media_w2030542336_3568.ts,2025-10-16T19:25:35.334Z
media_w485869188_3569.ts,2025-10-16T19:25:43.934Z
media_w1172681230_3570.ts,2025-10-16T19:25:52.954Z
media_w1424161411_3571.ts,2025-10-16T19:26:01.875Z
media_w406944443_3572.ts,2025-10-16T19:26:15.008Z
media_w423878931_3573.ts,2025-10-16T19:26:23.985Z
media_w659785793_3574.ts,2025-10-16T19:26:32.556Z
media_w893923834_3575.ts,2025-10-16T19:26:45.772Z
media_w283273791_3576.ts,2025-10-16T19:26:54.802Z
media_w1090466138_3577.ts,2025-10-16T19:27:03.650Z
media_w1627146744_3578.ts,2025-10-16T19:27:12.817Z
media_w1395550925_3579.ts,2025-10-16T19:27:21.606Z
media_w638328512_3580.ts,2025-10-16T19:27:34.585Z
media_w1724710966_3581.ts,2025-10-16T19:27:43.394Z
media_w1139330580_3582.ts,2025-10-16T19:27:52.815Z
media_w499971594_3583.ts,2025-10-16T19:28:01.416Z
media_w219644480_3584.ts,2025-10-16T19:28:14.047Z
media_w465805755_3585.ts,2025-10-16T19:28:23.322Z
media_w835439240_3586.ts,2025-10-16T19:28:31.874Z
media_w36043805_3587.ts,2025-10-16T19:28:44.531Z
media_w577134614_3588.ts,2025-10-16T19:28:53.469Z
media_w1469669932_3589.ts,2025-10-16T19:29:03.006Z
media_w1140614569_3590.ts,2025-10-16T19:29:11.876Z
media_w2009437673_3591.ts,2025-10-16T19:29:24.921Z
media_w1950470134_3592.ts,2025-10-16T19:29:33.653Z
media_w1530560429_3593.ts,2025-10-16T19:29:42.606Z
media_w439653471_3594.ts,2025-10-16T19:29:55.294Z
media_w741742658_3595.ts,2025-10-16T19:30:04.141Z
media_w192346319_3596.ts,2025-10-16T19:30:13.108Z
media_w941879013_3597.ts,2025-10-16T19:30:22.008Z
media_w1343409443_3598.ts,2025-10-16T19:30:34.885Z
media_w1362666757_3599.ts,2025-10-16T19:30:43.753Z
media_w728008086_3600.ts,2025-10-16T19:30:53.011Z
media_w530361807_3601.ts,2025-10-16T19:31:02.696Z
media_w420470744_3602.ts,2025-10-16T19:31:11.919Z
media_w1759743180_3603.ts,2025-10-16T19:31:20.915Z
media_w1460502406_3604.ts,2025-10-16T19:31:34.583Z
media_w6465233_3605.ts,2025-10-16T19:31:44.088Z
media_w287163609_3606.ts,2025-10-16T19:31:53.801Z
media_w638399392_3607.ts,2025-10-16T19:32:03.209Z
media_w328002440_3608.ts,2025-10-16T19:32:12.214Z
media_w461541628_3609.ts,2025-10-16T19:32:25.038Z
media_w1172460236_3610.ts,2025-10-16T19:32:33.853Z
media_w1097962855_3611.ts,2025-10-16T19:32:43.121Z
media_w1778002745_3612.ts,2025-10-16T19:32:52.209Z
media_w203300942_3613.ts,2025-10-16T19:33:04.926Z
media_w19526637_3614.ts,2025-10-16T19:33:14.015Z
media_w941553016_3615.ts,2025-10-16T19:33:22.994Z
media_w1341903568_3616.ts,2025-10-16T19:33:31.515Z
media_w715091367_3617.ts,2025-10-16T19:33:44.461Z
media_w776761445_3618.ts,2025-10-16T19:33:53.346Z
media_w2023165135_3619.ts,2025-10-16T19:34:02.493Z
media_w676048523_3620.ts,2025-10-16T19:34:11.434Z
media_w456464477_3621.ts,2025-10-16T19:34:24.550Z
media_w2114796645_3622.ts,2025-10-16T19:34:33.398Z
media_w171874058_3623.ts,2025-10-16T19:34:42.215Z
media_w1885087646_3624.ts,2025-10-16T19:34:50.958Z
media_w1121172139_3625.ts,2025-10-16T19:35:04.166Z
media_w2110143725_3626.ts,2025-10-16T19:35:13.150Z
media_w592314196_3627.ts,2025-10-16T19:35:21.892Z
media_w1434329407_3628.ts,2025-10-16T19:35:30.703Z
media_w563501533_3629.ts,2025-10-16T19:35:43.434Z
media_w860570088_3630.ts,2025-10-16T19:35:52.233Z
media_w2030123376_3631.ts,2025-10-16T19:36:05.247Z
media_w234380568_3632.ts,2025-10-16T19:36:14.009Z
media_w1473632421_3633.ts,2025-10-16T19:36:23.069Z
media_w1625763957_3634.ts,2025-10-16T19:36:31.873Z
media_w681727913_3635.ts,2025-10-16T19:36:44.579Z
media_w587467026_3636.ts,2025-10-16T19:36:53.437Z
media_w683353790_3637.ts,2025-10-16T19:37:02.594Z
media_w140742475_3638.ts,2025-10-16T19:37:11.849Z
media_w40420033_3639.ts,2025-10-16T19:37:24.603Z
media_w7285799_3640.ts,2025-10-16T19:37:33.343Z
media_w1939360845_3641.ts,2025-10-16T19:37:42.045Z
media_w1092726632_3642.ts,2025-10-16T19:37:54.886Z
media_w578836411_3643.ts,2025-10-16T19:38:03.598Z
media_w153672366_3644.ts,2025-10-16T19:38:12.324Z
media_w158349563_3645.ts,2025-10-16T19:38:21.159Z
media_w1679429087_3646.ts,2025-10-16T19:38:34.311Z
media_w869957766_3647.ts,2025-10-16T19:38:43.367Z
media_w1130900884_3648.ts,2025-10-16T19:38:52.109Z
media_w2055154817_3649.ts,2025-10-16T19:39:00.873Z
media_w156207227_3650.ts,2025-10-16T19:39:14.097Z
media_w1563403540_3651.ts,2025-10-16T19:39:23.205Z
media_w497023383_3652.ts,2025-10-16T19:39:32.047Z
media_w1609017374_3653.ts,2025-10-16T19:39:44.993Z
media_w1565068831_3654.ts,2025-10-16T19:39:53.750Z
media_w182778699_3655.ts,2025-10-16T19:40:02.707Z
media_w1506624233_3656.ts,2025-10-16T19:40:11.365Z
media_w1000602667_3657.ts,2025-10-16T19:40:24.315Z
media_w1049440187_3658.ts,2025-10-16T19:40:33.904Z
media_w2089957749_3659.ts,2025-10-16T19:40:43.589Z
media_w1569571394_3660.ts,2025-10-16T19:40:53.024Z
media_w5318300_3661.ts,2025-10-16T19:41:01.735Z
media_w415755804_3662.ts,2025-10-16T19:41:14.567Z
media_w1682327267_3663.ts,2025-10-16T19:41:23.310Z
media_w1817748059_3664.ts,2025-10-16T19:41:32.033Z
media_w633061377_3665.ts,2025-10-16T19:41:45.046Z
media_w969277074_3666.ts,2025-10-16T19:41:53.859Z
media_w1729015161_3667.ts,2025-10-16T19:42:02.874Z
media_w2046885706_3668.ts,2025-10-16T19:42:12.876Z
media_w371121675_3669.ts,2025-10-16T19:42:21.407Z
media_w1686033727_3670.ts,2025-10-16T19:42:34.333Z
media_w237651859_3671.ts,2025-10-16T19:42:43.336Z
media_w887917921_3672.ts,2025-10-16T19:42:52.448Z
media_w38507770_3673.ts,2025-10-16T19:43:05.294Z
media_w686284284_3674.ts,2025-10-16T19:43:13.995Z
media_w857814233_3675.ts,2025-10-16T19:43:23.519Z
media_w1331791800_3676.ts,2025-10-16T19:43:32.396Z
media_w2117310899_3677.ts,2025-10-16T19:43:41.237Z
media_w1361375270_3678.ts,2025-10-16T19:43:54.221Z
media_w1865987219_3679.ts,2025-10-16T19:44:03.767Z
media_w1258462555_3680.ts,2025-10-16T19:44:13.272Z
media_w858474873_3681.ts,2025-10-16T19:44:22.249Z
media_w1709596873_3682.ts,2025-10-16T19:44:35.242Z
media_w1742235229_3683.ts,2025-10-16T19:44:44.003Z
media_w887201183_3684.ts,2025-10-16T19:44:52.847Z
media_w1497236953_3685.ts,2025-10-16T19:45:01.771Z
media_w1165293400_3686.ts,2025-10-16T19:45:14.915Z
media_w1978625518_3687.ts,2025-10-16T19:45:23.814Z
media_w1665109847_3688.ts,2025-10-16T19:45:32.876Z
media_w1504595178_3689.ts,2025-10-16T19:45:41.927Z
media_w207379669_3690.ts,2025-10-16T19:45:54.706Z
media_w1506493376_3691.ts,2025-10-16T19:46:03.545Z
media_w151672045_3692.ts,2025-10-16T19:46:12.789Z
media_w92145473_3693.ts,2025-10-16T19:46:21.793Z
media_w1498361865_3694.ts,2025-10-16T19:46:34.868Z
media_w1391822867_3695.ts,2025-10-16T19:46:43.593Z
media_w21123028_3696.ts,2025-10-16T19:46:52.712Z
media_w1735507428_3697.ts,2025-10-16T19:47:05.574Z
media_w1125586941_3698.ts,2025-10-16T19:47:14.115Z
media_w580341117_3699.ts,2025-10-16T19:47:23.151Z
media_w262075837_3700.ts,2025-10-16T19:47:31.706Z
media_w101721900_3701.ts,2025-10-16T19:47:44.806Z
media_w84887771_3702.ts,2025-10-16T19:47:53.682Z
media_w950669334_3703.ts,2025-10-16T19:48:02.578Z
media_w997720828_3704.ts,2025-10-16T19:48:11.059Z
media_w294941031_3705.ts,2025-10-16T19:48:24.094Z
media_w1634780071_3706.ts,2025-10-16T19:48:33.279Z
media_w472673474_3707.ts,2025-10-16T19:48:42.536Z
media_w1885435338_3708.ts,2025-10-16T19:48:51.285Z
media_w1625609984_3709.ts,2025-10-16T19:49:03.955Z
media_w264600584_3710.ts,2025-10-16T19:49:13.069Z
media_w1296227155_3711.ts,2025-10-16T19:49:22.262Z
media_w296982058_3712.ts,2025-10-16T19:49:31.262Z
media_w255816273_3713.ts,2025-10-16T19:49:44.282Z
media_w1525311713_3714.ts,2025-10-16T19:49:53.172Z
media_w1469747914_3715.ts,2025-10-16T19:50:02.289Z
media_w254516263_3716.ts,2025-10-16T19:50:11.119Z
media_w1717998284_3717.ts,2025-10-16T19:50:23.950Z
media_w1165747843_3718.ts,2025-10-16T19:50:33.671Z
media_w1478470840_3719.ts,2025-10-16T19:50:43.508Z
media_w2087917809_3720.ts,2025-10-16T19:50:52.783Z
media_w1906221205_3721.ts,2025-10-16T19:51:01.571Z
media_w1113680461_3722.ts,2025-10-16T19:51:14.611Z
media_w2080940862_3723.ts,2025-10-16T19:51:23.462Z
media_w429422556_3724.ts,2025-10-16T19:51:32.967Z
media_w2735640_3725.ts,2025-10-16T19:51:41.527Z
media_w1215210223_3726.ts,2025-10-16T19:51:54.385Z
media_w1727869710_3727.ts,2025-10-16T19:52:03.585Z
media_w820954929_3728.ts,2025-10-16T19:52:12.889Z
media_w2142008107_3729.ts,2025-10-16T19:52:21.526Z
media_w1256146636_3730.ts,2025-10-16T19:52:34.483Z
media_w44181932_3731.ts,2025-10-16T19:52:44.142Z
media_w1474405953_3732.ts,2025-10-16T19:52:54.226Z
media_w798667806_3733.ts,2025-10-16T19:53:03.987Z
media_w360589277_3734.ts,2025-10-16T19:53:13.697Z
media_w1645465251_3735.ts,2025-10-16T19:53:23.618Z
media_w1194838442_3736.ts,2025-10-16T19:53:33.409Z
media_w133583265_3737.ts,2025-10-16T19:53:42.633Z
media_w1590201029_3738.ts,2025-10-16T19:53:51.226Z
media_w1225137822_3739.ts,2025-10-16T19:54:04.177Z
media_w896996167_3740.ts,2025-10-16T19:54:13.269Z
media_w1973228118_3741.ts,2025-10-16T19:54:22.258Z
media_w588239812_3742.ts,2025-10-16T19:54:34.947Z
media_w1151954009_3743.ts,2025-10-16T19:54:43.469Z
media_w634967904_3744.ts,2025-10-16T19:54:51.992Z
media_w1381289731_3745.ts,2025-10-16T19:55:04.806Z
media_w748309469_3746.ts,2025-10-16T19:55:13.638Z
media_w1059633497_3747.ts,2025-10-16T19:55:22.241Z
media_w786237060_3748.ts,2025-10-16T19:55:34.901Z
media_w1856800622_3749.ts,2025-10-16T19:55:43.516Z
media_w1494937734_3750.ts,2025-10-16T19:55:52.042Z
media_w1535292226_3751.ts,2025-10-16T19:56:04.737Z
media_w242609588_3752.ts,2025-10-16T19:56:13.261Z
media_w989074715_3753.ts,2025-10-16T19:56:21.741Z
media_w395186032_3754.ts,2025-10-16T19:56:34.714Z
media_w1073540554_3755.ts,2025-10-16T19:56:43.761Z
media_w624891512_3756.ts,2025-10-16T19:56:52.281Z
media_w39191653_3757.ts,2025-10-16T19:57:05.369Z
media_w1403026260_3758.ts,2025-10-16T19:57:13.881Z
media_w581839666_3759.ts,2025-10-16T19:57:22.360Z
media_w1228201735_3760.ts,2025-10-16T19:57:31.020Z
media_w1307776455_3761.ts,2025-10-16T19:57:43.636Z
media_w302072603_3762.ts,2025-10-16T19:57:52.345Z
media_w1787752665_3763.ts,2025-10-16T19:58:01.080Z
media_w1280943331_3764.ts,2025-10-16T19:58:14.118Z
media_w562613445_3765.ts,2025-10-16T19:58:22.869Z
media_w127240789_3766.ts,2025-10-16T19:58:31.574Z
media_w418041479_3767.ts,2025-10-16T19:58:44.304Z
media_w1352936566_3768.ts,2025-10-16T19:58:52.862Z
media_w1986371962_3769.ts,2025-10-16T19:59:02.114Z
media_w2070241542_3770.ts,2025-10-16T19:59:15.206Z
media_w514420039_3771.ts,2025-10-16T19:59:24.004Z
media_w672310591_3772.ts,2025-10-16T19:59:33.163Z
media_w1022845798_3773.ts,2025-10-16T19:59:41.825Z
media_w1706398358_3774.ts,2025-10-16T19:59:54.897Z
media_w1876943868_3775.ts,2025-10-16T20:00:03.473Z
media_w396890555_3776.ts,2025-10-16T20:00:12.242Z
media_w932356172_3777.ts,2025-10-16T20:00:20.876Z
media_w1973354776_3778.ts,2025-10-16T20:00:34.000Z
media_w467850955_3779.ts,2025-10-16T20:00:43.302Z
media_w561770795_3780.ts,2025-10-16T20:00:51.954Z
media_w1208432294_3781.ts,2025-10-16T20:01:00.733Z
media_w1987406503_3782.ts,2025-10-16T20:01:13.996Z
media_w2119673129_3783.ts,2025-10-16T20:01:23.635Z
media_w350080291_3784.ts,2025-10-16T20:01:32.819Z
media_w1440915746_3785.ts,2025-10-16T20:01:45.488Z
media_w1531916530_3786.ts,2025-10-16T20:01:54.252Z
media_w2063683762_3787.ts,2025-10-16T20:02:03.145Z
media_w144641945_3788.ts,2025-10-16T20:02:11.940Z
media_w1024024848_3789.ts,2025-10-16T20:02:25.075Z
media_w1352491978_3790.ts,2025-10-16T20:02:34.308Z
media_w163132090_3791.ts,2025-10-16T20:02:42.986Z
media_w1331401423_3792.ts,2025-10-16T20:02:51.729Z
media_w744479364_3793.ts,2025-10-16T20:03:04.870Z
media_w1809373620_3794.ts,2025-10-16T20:03:13.541Z
media_w484334871_3795.ts,2025-10-16T20:03:22.136Z
media_w203583733_3796.ts,2025-10-16T20:03:30.972Z
media_w1095820879_3797.ts,2025-10-16T20:03:43.967Z
media_w1776300059_3798.ts,2025-10-16T20:03:53.481Z
media_w106882800_3799.ts,2025-10-16T20:04:02.272Z
media_w880473217_3800.ts,2025-10-16T20:04:10.808Z
media_w811228071_3801.ts,2025-10-16T20:04:23.809Z
media_w1474025870_3802.ts,2025-10-16T20:04:32.470Z
media_w1141332597_3803.ts,2025-10-16T20:04:41.228Z
media_w1134960598_3804.ts,2025-10-16T20:04:54.288Z
media_w1313974573_3805.ts,2025-10-16T20:05:03.245Z
media_w1497312345_3806.ts,2025-10-16T20:05:12.072Z
media_w1125947313_3807.ts,2025-10-16T20:05:24.976Z
media_w598754924_3808.ts,2025-10-16T20:05:33.662Z
media_w1043916138_3809.ts,2025-10-16T20:05:42.348Z
media_w255705743_3810.ts,2025-10-16T20:05:55.287Z
media_w820666900_3811.ts,2025-10-16T20:06:04.156Z
media_w2061301249_3812.ts,2025-10-16T20:06:13.119Z
media_w1293109086_3813.ts,2025-10-16T20:06:22.373Z
media_w179499093_3814.ts,2025-10-16T20:06:35.331Z
media_w1077340536_3815.ts,2025-10-16T20:06:43.870Z
media_w1406670834_3816.ts,2025-10-16T20:06:53.195Z
media_w1649119676_3817.ts,2025-10-16T20:07:02.093Z
media_w1935529680_3818.ts,2025-10-16T20:07:14.839Z
media_w1024367461_3819.ts,2025-10-16T20:07:24.035Z
media_w2057661747_3820.ts,2025-10-16T20:07:33.240Z
media_w1374202674_3821.ts,2025-10-16T20:07:42.933Z
media_w1658523136_3822.ts,2025-10-16T20:07:51.540Z
media_w1293825334_3823.ts,2025-10-16T20:08:04.492Z
media_w1108413809_3824.ts,2025-10-16T20:08:13.715Z
media_w1588865292_3825.ts,2025-10-16T20:08:22.661Z
media_w1595752405_3826.ts,2025-10-16T20:08:31.206Z
media_w1080055111_3827.ts,2025-10-16T20:08:44.142Z
media_w1666103571_3828.ts,2025-10-16T20:08:53.600Z
media_w832520457_3829.ts,2025-10-16T20:09:02.666Z
media_w474447319_3830.ts,2025-10-16T20:09:11.665Z
media_w960505900_3831.ts,2025-10-16T20:09:24.725Z
media_w1961200498_3832.ts,2025-10-16T20:09:33.376Z
media_w1548337395_3833.ts,2025-10-16T20:09:42.666Z
media_w1946750469_3834.ts,2025-10-16T20:09:51.340Z
media_w1339895640_3835.ts,2025-10-16T20:10:04.402Z
media_w284398855_3836.ts,2025-10-16T20:10:13.300Z
media_w1158430416_3837.ts,2025-10-16T20:10:22.182Z
media_w960364194_3838.ts,2025-10-16T20:10:31.065Z
media_w1350239997_3839.ts,2025-10-16T20:10:44.589Z
media_w217091024_3840.ts,2025-10-16T20:10:53.433Z
media_w197853830_3841.ts,2025-10-16T20:11:02.267Z
media_w1915069808_3842.ts,2025-10-16T20:11:11.214Z
media_w835986809_3843.ts,2025-10-16T20:11:24.576Z
media_w297386271_3844.ts,2025-10-16T20:11:33.492Z
media_w2003335574_3845.ts,2025-10-16T20:11:43.073Z
media_w500517268_3846.ts,2025-10-16T20:11:52.091Z
media_w1906412463_3847.ts,2025-10-16T20:12:05.151Z
media_w1373812719_3848.ts,2025-10-16T20:12:14.185Z
media_w894932874_3849.ts,2025-10-16T20:12:23.989Z
media_w203486777_3850.ts,2025-10-16T20:12:33.712Z
media_w1700900542_3851.ts,2025-10-16T20:12:43.775Z
media_w326883324_3852.ts,2025-10-16T20:12:53.316Z
media_w2016831849_3853.ts,2025-10-16T20:13:02.473Z
media_w1481934542_3854.ts,2025-10-16T20:13:15.791Z
media_w597233046_3855.ts,2025-10-16T20:13:24.932Z
media_w379647007_3856.ts,2025-10-16T20:13:33.736Z
media_w552891647_3857.ts,2025-10-16T20:13:43.372Z
media_w903744885_3858.ts,2025-10-16T20:13:52.132Z
media_w1670858850_3859.ts,2025-10-16T20:14:04.819Z
media_w707108482_3860.ts,2025-10-16T20:14:13.979Z
media_w1528863867_3861.ts,2025-10-16T20:14:23.309Z
media_w1002104505_3862.ts,2025-10-16T20:14:32.717Z
media_w441549285_3863.ts,2025-10-16T20:14:41.240Z
media_w36040010_3864.ts,2025-10-16T20:14:54.380Z
media_w1468983400_3865.ts,2025-10-16T20:15:03.816Z
media_w837657952_3866.ts,2025-10-16T20:15:12.993Z
media_w324210828_3867.ts,2025-10-16T20:15:21.692Z
media_w1408236748_3868.ts,2025-10-16T20:15:34.874Z
media_w937190795_3869.ts,2025-10-16T20:15:43.900Z
media_w714490369_3870.ts,2025-10-16T20:15:52.956Z
media_w1970994010_3871.ts,2025-10-16T20:16:01.876Z
media_w1376762255_3872.ts,2025-10-16T20:16:14.928Z
media_w1641785346_3873.ts,2025-10-16T20:16:23.934Z
media_w353825955_3874.ts,2025-10-16T20:16:33.335Z
media_w677202960_3875.ts,2025-10-16T20:16:42.626Z
media_w773687687_3876.ts,2025-10-16T20:16:51.503Z
media_w1615354107_3877.ts,2025-10-16T20:17:04.635Z
media_w1562156129_3878.ts,2025-10-16T20:17:13.441Z
media_w1497082113_3879.ts,2025-10-16T20:17:22.755Z
media_w394695607_3880.ts,2025-10-16T20:17:31.516Z
media_w582254917_3881.ts,2025-10-16T20:17:44.255Z
media_w1765917933_3882.ts,2025-10-16T20:17:53.418Z
media_w1971289119_3883.ts,2025-10-16T20:18:02.892Z
media_w1619278881_3884.ts,2025-10-16T20:18:11.813Z
media_w2085252377_3885.ts,2025-10-16T20:18:24.732Z
media_w1639456182_3886.ts,2025-10-16T20:18:33.701Z
media_w164102915_3887.ts,2025-10-16T20:18:42.497Z
media_w1738622281_3888.ts,2025-10-16T20:18:51.300Z
media_w1483750378_3889.ts,2025-10-16T20:19:04.847Z
media_w861423986_3890.ts,2025-10-16T20:19:13.844Z
media_w1108920112_3891.ts,2025-10-16T20:19:23.283Z
media_w631505570_3892.ts,2025-10-16T20:19:32.624Z
media_w1668742558_3893.ts,2025-10-16T20:19:41.463Z
media_w165746986_3894.ts,2025-10-16T20:19:54.584Z
media_w1985796985_3895.ts,2025-10-16T20:20:03.560Z
media_w2105709500_3896.ts,2025-10-16T20:20:12.550Z
media_w397978386_3897.ts,2025-10-16T20:20:21.351Z
media_w588489170_3898.ts,2025-10-16T20:20:34.471Z
media_w194375243_3899.ts,2025-10-16T20:20:44.045Z
media_w1383408494_3900.ts,2025-10-16T20:20:53.483Z
media_w548924292_3901.ts,2025-10-16T20:21:02.754Z
media_w1024281016_3902.ts,2025-10-16T20:21:11.816Z
media_w1940541964_3903.ts,2025-10-16T20:21:24.741Z
media_w1395013943_3904.ts,2025-10-16T20:21:33.990Z
media_w134282040_3905.ts,2025-10-16T20:21:43.360Z
media_w360356646_3906.ts,2025-10-16T20:21:52.779Z
media_w1565972317_3907.ts,2025-10-16T20:22:02.198Z
media_w1242055820_3908.ts,2025-10-16T20:22:15.129Z
media_w726554756_3909.ts,2025-10-16T20:22:23.953Z
media_w1933059180_3910.ts,2025-10-16T20:22:33.150Z
media_w2110509326_3911.ts,2025-10-16T20:22:41.709Z
media_w696649000_3912.ts,2025-10-16T20:22:54.811Z
media_w943431046_3913.ts,2025-10-16T20:23:03.728Z
media_w316324675_3914.ts,2025-10-16T20:23:13.596Z
media_w429182198_3915.ts,2025-10-16T20:23:22.432Z
media_w1113406218_3916.ts,2025-10-16T20:23:30.879Z
media_w1710538039_3917.ts,2025-10-16T20:23:43.683Z
media_w2052121284_3918.ts,2025-10-16T20:23:53.467Z
media_w2039714224_3919.ts,2025-10-16T20:24:03.656Z
media_w1535811027_3920.ts,2025-10-16T20:24:12.805Z
media_w800033957_3921.ts,2025-10-16T20:24:21.592Z
media_w1704902350_3922.ts,2025-10-16T20:24:34.348Z
media_w1303671494_3923.ts,2025-10-16T20:24:43.330Z
media_w1692704322_3924.ts,2025-10-16T20:24:52.432Z
media_w411379959_3925.ts,2025-10-16T20:25:05.577Z
media_w338223318_3926.ts,2025-10-16T20:25:14.402Z
media_w369855043_3927.ts,2025-10-16T20:25:23.736Z
media_w148617895_3928.ts,2025-10-16T20:25:33.932Z
media_w1868800437_3929.ts,2025-10-16T20:25:43.540Z
media_w1205269097_3930.ts,2025-10-16T20:25:52.633Z
media_w1159669510_3931.ts,2025-10-16T20:26:01.178Z
media_w1217387900_3932.ts,2025-10-16T20:26:14.328Z
media_w1298756764_3933.ts,2025-10-16T20:26:23.404Z
media_w45736712_3934.ts,2025-10-16T20:26:32.819Z
media_w154567588_3935.ts,2025-10-16T20:26:41.401Z
media_w2123441636_3936.ts,2025-10-16T20:26:54.437Z
media_w2142149601_3937.ts,2025-10-16T20:27:04.192Z
media_w1444949192_3938.ts,2025-10-16T20:27:13.431Z
media_w2000746838_3939.ts,2025-10-16T20:27:22.742Z
media_w342502442_3940.ts,2025-10-16T20:27:35.708Z
media_w962797103_3941.ts,2025-10-16T20:27:44.613Z
media_w96311540_3942.ts,2025-10-16T20:27:54.139Z
media_w630878110_3943.ts,2025-10-16T20:28:03.489Z
media_w1305188736_3944.ts,2025-10-16T20:28:13.225Z
media_w64171162_3945.ts,2025-10-16T20:28:22.382Z
media_w1993945862_3946.ts,2025-10-16T20:28:35.452Z
media_w426756962_3947.ts,2025-10-16T20:28:43.981Z
media_w2082474064_3948.ts,2025-10-16T20:28:53.402Z
media_w1306255339_3949.ts,2025-10-16T20:29:02.590Z
media_w1958846568_3950.ts,2025-10-16T20:29:15.361Z
media_w699627687_3951.ts,2025-10-16T20:29:24.226Z
media_w1167901213_3952.ts,2025-10-16T20:29:33.332Z
media_w1754612721_3953.ts,2025-10-16T20:29:42.036Z
media_w679318091_3954.ts,2025-10-16T20:29:55.248Z
media_w342623745_3955.ts,2025-10-16T20:30:03.882Z
media_w1450153678_3956.ts,2025-10-16T20:30:13.929Z
media_w1482601332_3957.ts,2025-10-16T20:30:23.580Z
media_w1475727880_3958.ts,2025-10-16T20:30:32.796Z
media_w701814274_3959.ts,2025-10-16T20:30:45.914Z
media_w1599470668_3960.ts,2025-10-16T20:30:54.797Z
media_w124523908_3961.ts,2025-10-16T20:31:03.908Z
media_w125312595_3962.ts,2025-10-16T20:31:12.927Z
media_w816406814_3963.ts,2025-10-16T20:31:21.977Z
media_w1098800269_3964.ts,2025-10-16T20:31:34.932Z
media_w1364157093_3965.ts,2025-10-16T20:31:44.645Z
media_w1118566332_3966.ts,2025-10-16T20:31:54.136Z
media_w568825128_3967.ts,2025-10-16T20:32:04.189Z
media_w874443423_3968.ts,2025-10-16T20:32:14.102Z
media_w370437423_3969.ts,2025-10-16T20:32:24.136Z
media_w524093433_3970.ts,2025-10-16T20:32:33.412Z
media_w128537541_3971.ts,2025-10-16T20:32:42.957Z
media_w1946704240_3972.ts,2025-10-16T20:32:51.832Z
media_w219466302_3973.ts,2025-10-16T20:33:04.829Z
media_w1055972736_3974.ts,2025-10-16T20:33:14.072Z
media_w843853376_3975.ts,2025-10-16T20:33:23.579Z
media_w1527700361_3976.ts,2025-10-16T20:33:33.628Z
media_w794199927_3977.ts,2025-10-16T20:33:43.370Z
media_w351228487_3978.ts,2025-10-16T20:33:52.238Z
media_w301667167_3979.ts,2025-10-16T20:34:05.684Z
media_w298199215_3980.ts,2025-10-16T20:34:14.826Z
media_w826793695_3981.ts,2025-10-16T20:34:23.801Z
media_w1294451041_3982.ts,2025-10-16T20:34:33.270Z
media_w1053086065_3983.ts,2025-10-16T20:34:42.001Z
media_w1509879773_3984.ts,2025-10-16T20:34:55.252Z
media_w573366716_3985.ts,2025-10-16T20:35:03.792Z
media_w1901273764_3986.ts,2025-10-16T20:35:13.441Z
media_w1260187442_3987.ts,2025-10-16T20:35:22.581Z
media_w1375630794_3988.ts,2025-10-16T20:35:31.359Z
media_w999411203_3989.ts,2025-10-16T20:35:44.426Z
media_w1327198013_3990.ts,2025-10-16T20:35:53.412Z
media_w1420986798_3991.ts,2025-10-16T20:36:01.941Z
media_w34036510_3992.ts,2025-10-16T20:36:14.845Z
media_w1213729631_3993.ts,2025-10-16T20:36:23.924Z
media_w2117924042_3994.ts,2025-10-16T20:36:33.206Z
media_w102434961_3995.ts,2025-10-16T20:36:42.071Z
media_w1817865386_3996.ts,2025-10-16T20:36:54.969Z
media_w971936517_3997.ts,2025-10-16T20:37:04.408Z
media_w1700997624_3998.ts,2025-10-16T20:37:13.497Z
media_w1714331395_3999.ts,2025-10-16T20:37:22.907Z
media_w59105614_4000.ts,2025-10-16T20:37:32.374Z
media_w1583774428_4001.ts,2025-10-16T20:37:45.230Z
media_w360707304_4002.ts,2025-10-16T20:37:53.845Z
media_w1996993588_4003.ts,2025-10-16T20:38:02.890Z
media_w2038170717_4004.ts,2025-10-16T20:38:11.781Z
media_w818855466_4005.ts,2025-10-16T20:38:24.730Z
media_w600857316_4006.ts,2025-10-16T20:38:34.013Z
media_w254004573_4007.ts,2025-10-16T20:38:43.631Z
media_w556604719_4008.ts,2025-10-16T20:38:53.257Z
media_w1255295498_4009.ts,2025-10-16T20:39:02.088Z
media_w1001603804_4010.ts,2025-10-16T20:39:15.533Z
media_w277234141_4011.ts,2025-10-16T20:39:24.119Z
media_w1547095317_4012.ts,2025-10-16T20:39:33.222Z
media_w1261649802_4013.ts,2025-10-16T20:39:42.361Z
media_w1849655601_4014.ts,2025-10-16T20:39:51.050Z
media_w1510384461_4015.ts,2025-10-16T20:40:03.943Z
media_w319973257_4016.ts,2025-10-16T20:40:13.398Z
media_w544685262_4017.ts,2025-10-16T20:40:22.258Z
media_w1477732187_4018.ts,2025-10-16T20:40:30.823Z
media_w2040620656_4019.ts,2025-10-16T20:40:44.062Z
media_w482804394_4020.ts,2025-10-16T20:40:53.786Z
media_w2141412401_4021.ts,2025-10-16T20:41:02.987Z
media_w1614257153_4022.ts,2025-10-16T20:41:11.639Z
media_w1825052679_4023.ts,2025-10-16T20:41:24.745Z
media_w1850569999_4024.ts,2025-10-16T20:41:33.991Z
media_w1926382513_4025.ts,2025-10-16T20:41:43.249Z
media_w835656264_4026.ts,2025-10-16T20:41:52.201Z
media_w1877410351_4027.ts,2025-10-16T20:42:05.158Z
media_w522405449_4028.ts,2025-10-16T20:42:14.093Z
media_w1775661441_4029.ts,2025-10-16T20:42:23.181Z
media_w1207174038_4030.ts,2025-10-16T20:42:31.981Z
media_w877436322_4031.ts,2025-10-16T20:42:44.926Z
media_w1816835440_4032.ts,2025-10-16T20:42:54.135Z
media_w1496781940_4033.ts,2025-10-16T20:43:03.283Z
media_w805639696_4034.ts,2025-10-16T20:43:12.060Z
media_w536691989_4035.ts,2025-10-16T20:43:20.686Z
media_w706989999_4036.ts,2025-10-16T20:43:34.129Z
media_w1806115590_4037.ts,2025-10-16T20:43:43.801Z
media_w1132272356_4038.ts,2025-10-16T20:43:53.615Z
media_w1448604332_4039.ts,2025-10-16T20:44:03.009Z
media_w1724984870_4040.ts,2025-10-16T20:44:11.748Z
media_w312782880_4041.ts,2025-10-16T20:44:24.710Z
media_w244235776_4042.ts,2025-10-16T20:44:33.726Z
media_w1346963511_4043.ts,2025-10-16T20:44:42.700Z
media_w1174036528_4044.ts,2025-10-16T20:44:51.626Z
media_w250895494_4045.ts,2025-10-16T20:45:04.753Z
media_w1098962192_4046.ts,2025-10-16T20:45:13.751Z
media_w551520793_4047.ts,2025-10-16T20:45:23.039Z
media_w1915321569_4048.ts,2025-10-16T20:45:31.590Z
media_w1055109909_4049.ts,2025-10-16T20:45:44.587Z
media_w1330955529_4050.ts,2025-10-16T20:45:54.185Z
media_w1543338470_4051.ts,2025-10-16T20:46:03.638Z
media_w586220313_4052.ts,2025-10-16T20:46:12.239Z
media_w385793209_4053.ts,2025-10-16T20:46:25.230Z
media_w1951868306_4054.ts,2025-10-16T20:46:34.663Z
media_w313581426_4055.ts,2025-10-16T20:46:43.738Z
media_w1208774324_4056.ts,2025-10-16T20:46:52.482Z
media_w804407967_4057.ts,2025-10-16T20:47:05.578Z
media_w809365313_4058.ts,2025-10-16T20:47:14.542Z
media_w1108908526_4059.ts,2025-10-16T20:47:23.467Z
media_w1261276194_4060.ts,2025-10-16T20:47:32.425Z
media_w638225420_4061.ts,2025-10-16T20:47:45.114Z
media_w543663374_4062.ts,2025-10-16T20:47:53.622Z
media_w1527425454_4063.ts,2025-10-16T20:48:02.949Z
media_w167230317_4064.ts,2025-10-16T20:48:11.508Z
media_w1419994041_4065.ts,2025-10-16T20:48:24.438Z
media_w1471713718_4066.ts,2025-10-16T20:48:33.052Z
media_w1989466558_4067.ts,2025-10-16T20:48:42.279Z
media_w1566604548_4068.ts,2025-10-16T20:48:55.507Z
media_w588305486_4069.ts,2025-10-16T20:49:04.194Z
media_w1897846523_4070.ts,2025-10-16T20:49:13.260Z
media_w2139843304_4071.ts,2025-10-16T20:49:22.091Z
media_w1166333094_4072.ts,2025-10-16T20:49:34.786Z
media_w1379574076_4073.ts,2025-10-16T20:49:43.646Z
media_w835260333_4074.ts,2025-10-16T20:49:53.290Z
media_w140167371_4075.ts,2025-10-16T20:50:02.414Z
media_w978880932_4076.ts,2025-10-16T20:50:15.461Z
media_w1932035748_4077.ts,2025-10-16T20:50:24.091Z
media_w1555909473_4078.ts,2025-10-16T20:50:33.542Z
media_w567332694_4079.ts,2025-10-16T20:50:42.357Z
media_w183802497_4080.ts,2025-10-16T20:50:55.007Z
media_w1294092023_4081.ts,2025-10-16T20:51:04.099Z
media_w1575533534_4082.ts,2025-10-16T20:51:13.495Z
media_w521025333_4083.ts,2025-10-16T20:51:22.465Z
media_w320185824_4084.ts,2025-10-16T20:51:35.138Z
media_w1420314453_4085.ts,2025-10-16T20:51:43.826Z
media_w1911644322_4086.ts,2025-10-16T20:51:52.734Z
media_w1394404264_4087.ts,2025-10-16T20:52:01.476Z
media_w817193801_4088.ts,2025-10-16T20:52:14.916Z
media_w622457365_4089.ts,2025-10-16T20:52:23.872Z
media_w606533652_4090.ts,2025-10-16T20:52:33.887Z
media_w470013781_4091.ts,2025-10-16T20:52:42.480Z
media_w2042752481_4092.ts,2025-10-16T20:52:50.918Z
media_w1530264111_4093.ts,2025-10-16T20:53:03.574Z
media_w923508780_4094.ts,2025-10-16T20:53:12.150Z
media_w350397738_4095.ts,2025-10-16T20:53:24.730Z
media_w1325153584_4096.ts,2025-10-16T20:53:33.215Z
media_w777928824_4097.ts,2025-10-16T20:53:41.744Z
media_w1872406374_4098.ts,2025-10-16T20:53:54.601Z
media_w1127284459_4099.ts,2025-10-16T20:54:03.144Z
media_w2088494957_4100.ts,2025-10-16T20:54:11.630Z
media_w286313726_4101.ts,2025-10-16T20:54:24.566Z
media_w2140477320_4102.ts,2025-10-16T20:54:33.206Z
media_w193714794_4103.ts,2025-10-16T20:54:41.705Z
media_w821219086_4104.ts,2025-10-16T20:54:54.408Z
media_w1252147676_4105.ts,2025-10-16T20:55:02.960Z
media_w1891353365_4106.ts,2025-10-16T20:55:11.668Z
media_w1838590247_4107.ts,2025-10-16T20:55:24.351Z
media_w954279259_4108.ts,2025-10-16T20:55:32.823Z
media_w2069445846_4109.ts,2025-10-16T20:55:41.427Z
media_w1359471659_4110.ts,2025-10-16T20:55:54.067Z
media_w642552907_4111.ts,2025-10-16T20:56:02.979Z
media_w1506713550_4112.ts,2025-10-16T20:56:11.669Z
media_w382282746_4113.ts,2025-10-16T20:56:24.377Z
media_w1993758157_4114.ts,2025-10-16T20:56:33.132Z
media_w880728888_4115.ts,2025-10-16T20:56:41.817Z
media_w566611919_4116.ts,2025-10-16T20:56:54.639Z
media_w1626165047_4117.ts,2025-10-16T20:57:03.241Z
media_w1734452987_4118.ts,2025-10-16T20:57:11.759Z
media_w443551914_4119.ts,2025-10-16T20:57:24.395Z
media_w574864608_4120.ts,2025-10-16T20:57:33.855Z
media_w791293844_4121.ts,2025-10-16T20:57:43.422Z
media_w1160626811_4122.ts,2025-10-16T20:57:53.009Z
media_w485127324_4123.ts,2025-10-16T20:58:02.140Z
media_w1592472977_4124.ts,2025-10-16T20:58:15.302Z
media_w1486603278_4125.ts,2025-10-16T20:58:23.894Z
media_w1627834756_4126.ts,2025-10-16T20:58:33.470Z
media_w1857369679_4127.ts,2025-10-16T20:58:44.415Z
media_w693503769_4128.ts,2025-10-16T20:58:53.870Z
media_w1780851291_4129.ts,2025-10-16T20:59:03.953Z
media_w15517336_4130.ts,2025-10-16T20:59:13.626Z
media_w1407409026_4131.ts,2025-10-16T20:59:23.467Z
media_w497023537_4132.ts,2025-10-16T20:59:33.926Z
media_w2033806896_4133.ts,2025-10-16T20:59:43.962Z
media_w810386072_4134.ts,2025-10-16T20:59:54.123Z
media_w560303317_4135.ts,2025-10-16T21:00:03.943Z
media_w754080740_4136.ts,2025-10-16T21:00:12.606Z
media_w1259293686_4137.ts,2025-10-16T21:00:25.279Z
media_w380768189_4138.ts,2025-10-16T21:00:34.191Z
media_w414753455_4139.ts,2025-10-16T21:00:43.102Z
media_w170289136_4140.ts,2025-10-16T21:00:51.803Z
media_w982506828_4141.ts,2025-10-16T21:01:04.519Z
media_w2004898804_4142.ts,2025-10-16T21:01:13.048Z
media_w1219595728_4143.ts,2025-10-16T21:01:21.862Z
media_w1157045994_4144.ts,2025-10-16T21:01:34.578Z
media_w374533339_4145.ts,2025-10-16T21:01:43.163Z
media_w685248097_4146.ts,2025-10-16T21:01:51.725Z
media_w2070885073_4147.ts,2025-10-16T21:02:04.373Z
media_w915001408_4148.ts,2025-10-16T21:02:12.917Z
media_w309973289_4149.ts,2025-10-16T21:02:21.519Z
media_w705309720_4150.ts,2025-10-16T21:02:34.375Z
media_w1783605314_4151.ts,2025-10-16T21:02:43.115Z
media_w115484608_4152.ts,2025-10-16T21:02:52.386Z
media_w319774848_4153.ts,2025-10-16T21:03:00.894Z
media_w1950821466_4154.ts,2025-10-16T21:03:13.774Z
media_w343668811_4155.ts,2025-10-16T21:03:22.446Z
media_w1749771617_4156.ts,2025-10-16T21:03:35.519Z
media_w225155962_4157.ts,2025-10-16T21:03:44.027Z
media_w103601997_4158.ts,2025-10-16T21:03:52.583Z
media_w100198242_4159.ts,2025-10-16T21:04:01.051Z
media_w258556919_4160.ts,2025-10-16T21:04:13.683Z
media_w1126798519_4161.ts,2025-10-16T21:04:22.417Z
media_w977605895_4162.ts,2025-10-16T21:04:35.134Z
media_w118534785_4163.ts,2025-10-16T21:04:43.875Z
media_w982664030_4164.ts,2025-10-16T21:04:52.530Z
media_w118638920_4165.ts,2025-10-16T21:05:01.021Z
media_w735305000_4166.ts,2025-10-16T21:05:14.266Z
media_w784185477_4167.ts,2025-10-16T21:05:23.751Z
media_w2022703163_4168.ts,2025-10-16T21:05:33.403Z
media_w339745224_4169.ts,2025-10-16T21:05:42.419Z
media_w1184048285_4170.ts,2025-10-16T21:05:55.413Z
media_w1698137402_4171.ts,2025-10-16T21:06:04.254Z
media_w1993788349_4172.ts,2025-10-16T21:06:14.212Z
media_w380332500_4173.ts,2025-10-16T21:06:23.627Z
media_w1584399522_4174.ts,2025-10-16T21:06:32.682Z
media_w895903822_4175.ts,2025-10-16T21:06:45.982Z
media_w767582489_4176.ts,2025-10-16T21:06:55.042Z
media_w2096851880_4177.ts,2025-10-16T21:07:03.846Z
media_w723178158_4178.ts,2025-10-16T21:07:12.879Z
media_w1905497730_4179.ts,2025-10-16T21:07:22.070Z
media_w1865171506_4180.ts,2025-10-16T21:07:35.045Z
media_w261947236_4181.ts,2025-10-16T21:07:44.038Z
media_w100254680_4182.ts,2025-10-16T21:07:53.603Z
media_w821320003_4183.ts,2025-10-16T21:08:03.236Z
media_w1623720537_4184.ts,2025-10-16T21:08:12.308Z
media_w1090947963_4185.ts,2025-10-16T21:08:25.296Z
media_w281711549_4186.ts,2025-10-16T21:08:34.220Z
media_w1134209470_4187.ts,2025-10-16T21:08:43.700Z
media_w1534118124_4188.ts,2025-10-16T21:08:53.992Z
media_w549404760_4189.ts,2025-10-16T21:09:03.430Z
media_w1321442367_4190.ts,2025-10-16T21:09:13.012Z
media_w1309345548_4191.ts,2025-10-16T21:09:22.128Z
media_w596660941_4192.ts,2025-10-16T21:09:31.150Z
media_w671663611_4193.ts,2025-10-16T21:09:44.145Z
media_w939476701_4194.ts,2025-10-16T21:09:53.426Z
media_w125502651_4195.ts,2025-10-16T21:10:02.826Z
media_w1133447718_4196.ts,2025-10-16T21:10:12.161Z
media_w1918770142_4197.ts,2025-10-16T21:10:25.078Z
media_w706257299_4198.ts,2025-10-16T21:10:34.221Z
media_w1450136571_4199.ts,2025-10-16T21:10:43.855Z
media_w1968363381_4200.ts,2025-10-16T21:10:53.343Z
media_w1370711267_4201.ts,2025-10-16T21:11:03.339Z
media_w2075998237_4202.ts,2025-10-16T21:11:13.171Z
media_w1600345279_4203.ts,2025-10-16T21:11:21.700Z
media_w510628445_4204.ts,2025-10-16T21:11:35.126Z
media_w1862871464_4205.ts,2025-10-16T21:11:44.189Z
media_w1865364133_4206.ts,2025-10-16T21:11:53.656Z
media_w274279812_4207.ts,2025-10-16T21:12:02.914Z
media_w784733755_4208.ts,2025-10-16T21:12:11.809Z
media_w789944565_4209.ts,2025-10-16T21:12:24.777Z
media_w999937788_4210.ts,2025-10-16T21:12:33.366Z
media_w2090858761_4211.ts,2025-10-16T21:12:42.083Z
media_w1253503826_4212.ts,2025-10-16T21:12:55.136Z
media_w1161869039_4213.ts,2025-10-16T21:13:03.731Z
media_w492782803_4214.ts,2025-10-16T21:13:12.585Z
media_w1426949468_4215.ts,2025-10-16T21:13:21.069Z
media_w927090619_4216.ts,2025-10-16T21:13:33.798Z
media_w80066389_4217.ts,2025-10-16T21:13:42.396Z
media_w2064893532_4218.ts,2025-10-16T21:13:50.926Z
media_w235565615_4219.ts,2025-10-16T21:14:03.615Z
media_w1567127447_4220.ts,2025-10-16T21:14:13.064Z
media_w1541070087_4221.ts,2025-10-16T21:14:22.042Z
media_w1903348247_4222.ts,2025-10-16T21:14:35.164Z
media_w1753374793_4223.ts,2025-10-16T21:14:43.848Z
media_w853618581_4224.ts,2025-10-16T21:14:53.473Z
media_w886833578_4225.ts,2025-10-16T21:15:02.057Z
media_w1410929742_4226.ts,2025-10-16T21:15:15.006Z
media_w1298778773_4227.ts,2025-10-16T21:15:24.235Z
media_w788687272_4228.ts,2025-10-16T21:15:33.236Z
media_w1767696254_4229.ts,2025-10-16T21:15:42.489Z
media_w683395331_4230.ts,2025-10-16T21:15:51.519Z
media_w1226081323_4231.ts,2025-10-16T21:16:04.474Z
media_w1999330765_4232.ts,2025-10-16T21:16:13.693Z
media_w299835163_4233.ts,2025-10-16T21:16:23.230Z
media_w989812355_4234.ts,2025-10-16T21:16:32.195Z
media_w2099759281_4235.ts,2025-10-16T21:16:45.196Z
media_w1990903769_4236.ts,2025-10-16T21:16:54.536Z
media_w1442425624_4237.ts,2025-10-16T21:17:03.615Z
media_w1815603737_4238.ts,2025-10-16T21:17:13.514Z
media_w215794381_4239.ts,2025-10-16T21:17:22.312Z
media_w1006519825_4240.ts,2025-10-16T21:17:30.903Z
media_w15824220_4241.ts,2025-10-16T21:17:43.732Z
media_w1039539145_4242.ts,2025-10-16T21:17:53.303Z
media_w130990824_4243.ts,2025-10-16T21:18:02.371Z
media_w1837273717_4244.ts,2025-10-16T21:18:15.077Z
media_w1613549242_4245.ts,2025-10-16T21:18:24.150Z
media_w688746028_4246.ts,2025-10-16T21:18:33.201Z
media_w780648698_4247.ts,2025-10-16T21:18:42.104Z
media_w1511230347_4248.ts,2025-10-16T21:18:55.439Z
media_w1860766292_4249.ts,2025-10-16T21:19:04.482Z
media_w842208484_4250.ts,2025-10-16T21:19:13.699Z
media_w1648614977_4251.ts,2025-10-16T21:19:22.655Z
media_w611243531_4252.ts,2025-10-16T21:19:31.515Z
media_w1485111647_4253.ts,2025-10-16T21:19:44.416Z
media_w1826283640_4254.ts,2025-10-16T21:19:53.901Z
media_w534127727_4255.ts,2025-10-16T21:20:03.288Z
media_w829171584_4256.ts,2025-10-16T21:20:12.086Z
media_w585024468_4257.ts,2025-10-16T21:20:20.886Z
media_w1997339265_4258.ts,2025-10-16T21:20:33.750Z
media_w1992129345_4259.ts,2025-10-16T21:20:42.879Z
media_w550727603_4260.ts,2025-10-16T21:20:51.697Z
media_w323362423_4261.ts,2025-10-16T21:21:04.677Z
media_w517737156_4262.ts,2025-10-16T21:21:14.045Z
media_w1171519731_4263.ts,2025-10-16T21:21:22.977Z
media_w1658361939_4264.ts,2025-10-16T21:21:31.652Z
media_w1654566983_4265.ts,2025-10-16T21:21:44.650Z
media_w1372234696_4266.ts,2025-10-16T21:21:53.845Z
media_w1725877267_4267.ts,2025-10-16T21:22:03.115Z
media_w354123858_4268.ts,2025-10-16T21:22:11.965Z
media_w2023093442_4269.ts,2025-10-16T21:22:25.493Z
media_w1645458212_4270.ts,2025-10-16T21:22:34.381Z
media_w1247369511_4271.ts,2025-10-16T21:22:43.236Z
media_w1581069137_4272.ts,2025-10-16T21:22:51.966Z
media_w336093512_4273.ts,2025-10-16T21:23:05.363Z
media_w411111153_4274.ts,2025-10-16T21:23:14.313Z
media_w1083062599_4275.ts,2025-10-16T21:23:23.429Z
media_w1135205733_4276.ts,2025-10-16T21:23:32.703Z
media_w671133591_4277.ts,2025-10-16T21:23:41.597Z
media_w1973955613_4278.ts,2025-10-16T21:23:54.653Z
media_w1299891074_4279.ts,2025-10-16T21:24:03.377Z
media_w1366067015_4280.ts,2025-10-16T21:24:13.866Z
media_w1443477473_4281.ts,2025-10-16T21:24:23.306Z
media_w1890836090_4282.ts,2025-10-16T21:24:32.303Z
media_w326742478_4283.ts,2025-10-16T21:24:41.114Z
media_w575827943_4284.ts,2025-10-16T21:24:54.207Z
media_w241935680_4285.ts,2025-10-16T21:25:03.595Z
media_w1009834301_4286.ts,2025-10-16T21:25:12.968Z
media_w651616131_4287.ts,2025-10-16T21:25:21.952Z
media_w1897744137_4288.ts,2025-10-16T21:25:34.640Z
media_w920419091_4289.ts,2025-10-16T21:25:43.372Z
media_w537974070_4290.ts,2025-10-16T21:25:52.912Z
media_w747777404_4291.ts,2025-10-16T21:26:01.690Z
media_w102796627_4292.ts,2025-10-16T21:26:14.601Z
media_w1111430140_4293.ts,2025-10-16T21:26:23.583Z
media_w1691838126_4294.ts,2025-10-16T21:26:32.455Z
media_w663832456_4295.ts,2025-10-16T21:26:41.161Z
media_w1267082321_4296.ts,2025-10-16T21:26:54.213Z
media_w1976302060_4297.ts,2025-10-16T21:27:03.540Z
media_w1838759893_4298.ts,2025-10-16T21:27:12.591Z
media_w2004240768_4299.ts,2025-10-16T21:27:21.516Z
media_w1457065502_4300.ts,2025-10-16T21:27:34.275Z
media_w1070311445_4301.ts,2025-10-16T21:27:43.084Z
media_w877283007_4302.ts,2025-10-16T21:27:51.825Z
media_w680376804_4303.ts,2025-10-16T21:28:00.311Z
media_w297456007_4304.ts,2025-10-16T21:28:13.639Z
media_w1513647144_4305.ts,2025-10-16T21:28:22.959Z
media_w1968215089_4306.ts,2025-10-16T21:28:31.959Z
media_w363265113_4307.ts,2025-10-16T21:28:45.031Z
media_w1831448508_4308.ts,2025-10-16T21:28:53.627Z
media_w744686898_4309.ts,2025-10-16T21:29:02.854Z
media_w1936158747_4310.ts,2025-10-16T21:29:11.947Z
media_w504072681_4311.ts,2025-10-16T21:29:25.282Z
media_w1838157261_4312.ts,2025-10-16T21:29:34.301Z
media_w1960901775_4313.ts,2025-10-16T21:29:43.379Z
media_w35083849_4314.ts,2025-10-16T21:29:51.959Z
media_w2037217964_4315.ts,2025-10-16T21:30:05.170Z
media_w950636892_4316.ts,2025-10-16T21:30:14.210Z
media_w1005517115_4317.ts,2025-10-16T21:30:23.582Z
media_w1933284038_4318.ts,2025-10-16T21:30:33.147Z
media_w68478443_4319.ts,2025-10-16T21:30:41.695Z
media_w1587253775_4320.ts,2025-10-16T21:30:54.547Z
media_w1847103030_4321.ts,2025-10-16T21:31:03.819Z
media_w1447920162_4322.ts,2025-10-16T21:31:13.074Z
media_w467372914_4323.ts,2025-10-16T21:31:21.888Z
media_w1219958668_4324.ts,2025-10-16T21:31:30.730Z
media_w1926663820_4325.ts,2025-10-16T21:31:43.519Z
media_w1376628541_4326.ts,2025-10-16T21:31:52.893Z
media_w25574407_4327.ts,2025-10-16T21:32:01.891Z
media_w2105188542_4328.ts,2025-10-16T21:32:14.778Z
media_w1274809802_4329.ts,2025-10-16T21:32:23.681Z
media_w1713269097_4330.ts,2025-10-16T21:32:33.650Z
media_w140891017_4331.ts,2025-10-16T21:32:42.730Z
media_w961700990_4332.ts,2025-10-16T21:32:55.733Z
media_w167560347_4333.ts,2025-10-16T21:33:04.606Z
media_w2010657343_4334.ts,2025-10-16T21:33:14.051Z
media_w518131873_4335.ts,2025-10-16T21:33:23.706Z
media_w1661022884_4336.ts,2025-10-16T21:33:33.335Z
media_w1445652116_4337.ts,2025-10-16T21:33:41.835Z
media_w1251185933_4338.ts,2025-10-16T21:33:54.769Z
media_w1563259480_4339.ts,2025-10-16T21:34:04.020Z
media_w1062646729_4340.ts,2025-10-16T21:34:12.853Z
media_w1302149831_4341.ts,2025-10-16T21:34:21.587Z
media_w155482687_4342.ts,2025-10-16T21:34:34.997Z
media_w1784872830_4343.ts,2025-10-16T21:34:43.953Z
media_w1861153033_4344.ts,2025-10-16T21:34:53.187Z
media_w1131236109_4345.ts,2025-10-16T21:35:02.204Z
media_w1916224144_4346.ts,2025-10-16T21:35:15.196Z
media_w845029335_4347.ts,2025-10-16T21:35:24.346Z
media_w947835828_4348.ts,2025-10-16T21:35:34.025Z
media_w1993821018_4349.ts,2025-10-16T21:35:43.545Z
media_w1373532952_4350.ts,2025-10-16T21:35:52.758Z
media_w1010068403_4351.ts,2025-10-16T21:36:01.908Z
media_w2069068476_4352.ts,2025-10-16T21:36:14.997Z
media_w2058844987_4353.ts,2025-10-16T21:36:24.109Z
media_w505102187_4354.ts,2025-10-16T21:36:33.194Z
media_w119968428_4355.ts,2025-10-16T21:36:42.009Z
media_w598013150_4356.ts,2025-10-16T21:36:54.729Z
media_w1310881891_4357.ts,2025-10-16T21:37:03.754Z
media_w1477138860_4358.ts,2025-10-16T21:37:13.232Z
media_w657452249_4359.ts,2025-10-16T21:37:22.319Z
media_w9291666_4360.ts,2025-10-16T21:37:31.490Z
media_w2116479907_4361.ts,2025-10-16T21:37:44.626Z
media_w1443736376_4362.ts,2025-10-16T21:37:53.818Z
media_w622617958_4363.ts,2025-10-16T21:38:03.506Z
media_w2011311295_4364.ts,2025-10-16T21:38:12.237Z
media_w1142352639_4365.ts,2025-10-16T21:38:25.261Z
media_w2130024076_4366.ts,2025-10-16T21:38:34.281Z
media_w713146367_4367.ts,2025-10-16T21:38:43.461Z
media_w1382035430_4368.ts,2025-10-16T21:38:52.874Z
media_w180505115_4369.ts,2025-10-16T21:39:01.706Z
media_w1731591961_4370.ts,2025-10-16T21:39:14.642Z
media_w1399890408_4371.ts,2025-10-16T21:39:23.556Z
media_w1373799823_4372.ts,2025-10-16T21:39:33.311Z
media_w1402484968_4373.ts,2025-10-16T21:39:42.191Z
media_w1013252661_4374.ts,2025-10-16T21:39:55.166Z
media_w1886767292_4375.ts,2025-10-16T21:40:04.073Z
media_w42982670_4376.ts,2025-10-16T21:40:13.452Z
media_w1862381176_4377.ts,2025-10-16T21:40:22.035Z
media_w1323443755_4378.ts,2025-10-16T21:40:35.121Z
media_w372874647_4379.ts,2025-10-16T21:40:44.089Z
media_w1757936870_4380.ts,2025-10-16T21:40:53.456Z
media_w1204562145_4381.ts,2025-10-16T21:41:02.150Z
media_w2124066637_4382.ts,2025-10-16T21:41:15.144Z
media_w308003592_4383.ts,2025-10-16T21:41:24.002Z
media_w437814625_4384.ts,2025-10-16T21:41:32.525Z
media_w251806432_4385.ts,2025-10-16T21:41:41.265Z
media_w524672182_4386.ts,2025-10-16T21:41:54.427Z
media_w1944753397_4387.ts,2025-10-16T21:42:04.133Z
media_w896610652_4388.ts,2025-10-16T21:42:14.069Z
media_w86636414_4389.ts,2025-10-16T21:42:23.756Z
media_w2096398756_4390.ts,2025-10-16T21:42:32.635Z
media_w414669679_4391.ts,2025-10-16T21:42:41.133Z
media_w995947769_4392.ts,2025-10-16T21:42:54.320Z
media_w1918782560_4393.ts,2025-10-16T21:43:03.453Z
media_w1815160933_4394.ts,2025-10-16T21:43:11.966Z
media_w731050015_4395.ts,2025-10-16T21:43:24.853Z
media_w1803709043_4396.ts,2025-10-16T21:43:33.489Z
media_w1589697090_4397.ts,2025-10-16T21:43:42.947Z
media_w1802761605_4398.ts,2025-10-16T21:43:51.761Z
media_w1220153751_4399.ts,2025-10-16T21:44:05.130Z
media_w123826732_4400.ts,2025-10-16T21:44:13.908Z
media_w1352517207_4401.ts,2025-10-16T21:44:23.113Z
media_w623724062_4402.ts,2025-10-16T21:44:32.602Z
media_w1724539097_4403.ts,2025-10-16T21:44:41.143Z
media_w946560817_4404.ts,2025-10-16T21:44:54.444Z
media_w1236004072_4405.ts,2025-10-16T21:45:04.449Z
media_w1745403979_4406.ts,2025-10-16T21:45:13.910Z
media_w1298651983_4407.ts,2025-10-16T21:45:23.287Z
media_w1193223128_4408.ts,2025-10-16T21:45:32.654Z
media_w871618140_4409.ts,2025-10-16T21:45:41.519Z
media_w1376568097_4410.ts,2025-10-16T21:45:54.421Z
media_w1139490090_4411.ts,2025-10-16T21:46:03.703Z
media_w733935975_4412.ts,2025-10-16T21:46:13.215Z
media_w137252731_4413.ts,2025-10-16T21:46:21.871Z
media_w1600820318_4414.ts,2025-10-16T21:46:30.704Z
media_w1936287174_4415.ts,2025-10-16T21:46:43.872Z
media_w137963501_4416.ts,2025-10-16T21:46:53.029Z
media_w649001995_4417.ts,2025-10-16T21:47:01.964Z
media_w912143840_4418.ts,2025-10-16T21:47:15.131Z
media_w675039209_4419.ts,2025-10-16T21:47:24.131Z
media_w488394199_4420.ts,2025-10-16T21:47:32.948Z
media_w303487804_4421.ts,2025-10-16T21:47:41.745Z
media_w481099838_4422.ts,2025-10-16T21:47:54.463Z
media_w6206359_4423.ts,2025-10-16T21:48:03.145Z
media_w468228349_4424.ts,2025-10-16T21:48:11.832Z
media_w1370931031_4425.ts,2025-10-16T21:48:25.343Z
media_w162233712_4426.ts,2025-10-16T21:48:34.336Z
media_w1687198634_4427.ts,2025-10-16T21:48:43.320Z
media_w30238521_4428.ts,2025-10-16T21:48:52.544Z
media_w1918693491_4429.ts,2025-10-16T21:49:01.482Z
media_w438540775_4430.ts,2025-10-16T21:49:14.366Z
media_w73983003_4431.ts,2025-10-16T21:49:23.255Z
media_w395910228_4432.ts,2025-10-16T21:49:32.486Z
media_w1914385913_4433.ts,2025-10-16T21:49:41.196Z
media_w1969915221_4434.ts,2025-10-16T21:49:54.111Z
media_w1801325716_4435.ts,2025-10-16T21:50:03.236Z
media_w1114928504_4436.ts,2025-10-16T21:50:12.398Z
media_w2064077724_4437.ts,2025-10-16T21:50:25.090Z
media_w945880019_4438.ts,2025-10-16T21:50:34.015Z
media_w601261073_4439.ts,2025-10-16T21:50:43.860Z
media_w978011189_4440.ts,2025-10-16T21:50:53.298Z
media_w1933487623_4441.ts,2025-10-16T21:51:02.442Z
media_w1404520070_4442.ts,2025-10-16T21:51:11.132Z
media_w1450916849_4443.ts,2025-10-16T21:51:24.031Z
media_w2110970488_4444.ts,2025-10-16T21:51:33.050Z
media_w1833664568_4445.ts,2025-10-16T21:51:41.795Z
media_w1617267449_4446.ts,2025-10-16T21:51:54.683Z
media_w1283535860_4447.ts,2025-10-16T21:52:03.635Z
media_w1994743067_4448.ts,2025-10-16T21:52:12.516Z
media_w636271192_4449.ts,2025-10-16T21:52:21.291Z
media_w947781104_4450.ts,2025-10-16T21:52:34.180Z
media_w811536269_4451.ts,2025-10-16T21:52:43.452Z
media_w2096171662_4452.ts,2025-10-16T21:52:53.500Z
media_w367707777_4453.ts,2025-10-16T21:53:02.622Z
media_w37022677_4454.ts,2025-10-16T21:53:11.080Z
media_w737349133_4455.ts,2025-10-16T21:53:24.035Z
media_w870301009_4456.ts,2025-10-16T21:53:33.463Z
media_w1571300977_4457.ts,2025-10-16T21:53:43.729Z
media_w177948272_4458.ts,2025-10-16T21:53:53.095Z
media_w616306961_4459.ts,2025-10-16T21:54:01.875Z
media_w1967757803_4460.ts,2025-10-16T21:54:14.629Z
media_w806063165_4461.ts,2025-10-16T21:54:23.727Z
media_w892481961_4462.ts,2025-10-16T21:54:33.162Z
media_w351093385_4463.ts,2025-10-16T21:54:42.209Z
media_w1464681316_4464.ts,2025-10-16T21:54:55.224Z
media_w1956302219_4465.ts,2025-10-16T21:55:04.219Z
media_w1724817833_4466.ts,2025-10-16T21:55:14.610Z
media_w1421518998_4467.ts,2025-10-16T21:55:24.345Z
media_w1937465856_4468.ts,2025-10-16T21:55:33.871Z
media_w484970920_4469.ts,2025-10-16T21:55:43.360Z
media_w987602870_4470.ts,2025-10-16T21:55:52.640Z
media_w536108363_4471.ts,2025-10-16T21:56:01.383Z
media_w1301018879_4472.ts,2025-10-16T21:56:14.474Z
media_w465222124_4473.ts,2025-10-16T21:56:23.854Z
media_w630072202_4474.ts,2025-10-16T21:56:33.563Z
media_w1753671568_4475.ts,2025-10-16T21:56:42.704Z
media_w1500697454_4476.ts,2025-10-16T21:56:51.584Z
media_w1931377808_4477.ts,2025-10-16T21:57:04.755Z
media_w1762911908_4478.ts,2025-10-16T21:57:13.903Z
media_w57445573_4479.ts,2025-10-16T21:57:23.758Z
media_w72144559_4480.ts,2025-10-16T21:57:32.750Z
media_w833433105_4481.ts,2025-10-16T21:57:45.609Z
media_w70028762_4482.ts,2025-10-16T21:57:54.655Z
media_w1287622337_4483.ts,2025-10-16T21:58:03.796Z
media_w427833510_4484.ts,2025-10-16T21:58:13.396Z
media_w822173675_4485.ts,2025-10-16T21:58:22.584Z
media_w977424228_4486.ts,2025-10-16T21:58:31.385Z
media_w605191162_4487.ts,2025-10-16T21:58:44.494Z
media_w1300332793_4488.ts,2025-10-16T21:58:53.449Z
media_w2143541808_4489.ts,2025-10-16T21:59:02.542Z
media_w299532153_4490.ts,2025-10-16T21:59:11.246Z
media_w193314739_4491.ts,2025-10-16T21:59:23.992Z
media_w283898242_4492.ts,2025-10-16T21:59:33.096Z
media_w1379164863_4493.ts,2025-10-16T21:59:41.956Z
media_w1609854319_4494.ts,2025-10-16T21:59:54.958Z
media_w995942934_4495.ts,2025-10-16T22:00:04.210Z
media_w338735927_4496.ts,2025-10-16T22:00:13.866Z
media_w1828216928_4497.ts,2025-10-16T22:00:23.658Z
media_w88770458_4498.ts,2025-10-16T22:00:33.212Z
media_w781448534_4499.ts,2025-10-16T22:00:41.901Z
media_w240230714_4500.ts,2025-10-16T22:00:50.658Z
media_w98895710_4501.ts,2025-10-16T22:01:04.114Z
media_w817689782_4502.ts,2025-10-16T22:01:13.608Z
media_w1342449026_4503.ts,2025-10-16T22:01:23.203Z
media_w74300350_4504.ts,2025-10-16T22:01:32.972Z
media_w1869264395_4505.ts,2025-10-16T22:01:41.796Z
media_w558134466_4506.ts,2025-10-16T22:01:55.066Z
media_w22654826_4507.ts,2025-10-16T22:02:04.010Z
media_w337311246_4508.ts,2025-10-16T22:02:13.775Z
media_w621946436_4509.ts,2025-10-16T22:02:23.901Z
media_w1322835588_4510.ts,2025-10-16T22:02:33.658Z
media_w2100537616_4511.ts,2025-10-16T22:02:43.434Z
media_w13549048_4512.ts,2025-10-16T22:02:52.867Z
media_w1472039176_4513.ts,2025-10-16T22:03:01.764Z
media_w192706399_4514.ts,2025-10-16T22:03:14.934Z
media_w1668624429_4515.ts,2025-10-16T22:03:24.220Z
media_w1112869740_4516.ts,2025-10-16T22:03:33.462Z
media_w1972030477_4517.ts,2025-10-16T22:03:42.983Z
media_w1358850553_4518.ts,2025-10-16T22:03:51.578Z
media_w1473375408_4519.ts,2025-10-16T22:04:04.213Z
media_w833544464_4520.ts,2025-10-16T22:04:13.160Z
media_w140347312_4521.ts,2025-10-16T22:04:21.924Z
media_w808731872_4522.ts,2025-10-16T22:04:34.790Z
media_w495365373_4523.ts,2025-10-16T22:04:43.644Z
media_w1191277199_4524.ts,2025-10-16T22:04:53.205Z
media_w710407430_4525.ts,2025-10-16T22:05:01.870Z
media_w613803734_4526.ts,2025-10-16T22:05:14.819Z
media_w13954943_4527.ts,2025-10-16T22:05:24.412Z
media_w1403331421_4528.ts,2025-10-16T22:05:33.783Z
media_w1187853263_4529.ts,2025-10-16T22:05:43.629Z
media_w1129793331_4530.ts,2025-10-16T22:05:53.484Z
media_w1014735378_4531.ts,2025-10-16T22:06:02.447Z
media_w1722604859_4532.ts,2025-10-16T22:06:11.139Z
media_w1931632877_4533.ts,2025-10-16T22:06:23.855Z
media_w1727061202_4534.ts,2025-10-16T22:06:33.910Z
media_w2119038462_4535.ts,2025-10-16T22:06:43.477Z
media_w1108586797_4536.ts,2025-10-16T22:06:52.847Z
media_w1018424397_4537.ts,2025-10-16T22:07:01.617Z
media_w1613661089_4538.ts,2025-10-16T22:07:14.605Z
media_w602813837_4539.ts,2025-10-16T22:07:23.883Z
media_w2031213329_4540.ts,2025-10-16T22:07:33.431Z
media_w1157014783_4541.ts,2025-10-16T22:07:42.804Z
media_w940940125_4542.ts,2025-10-16T22:07:52.099Z
media_w131872979_4543.ts,2025-10-16T22:08:05.353Z
media_w1120071099_4544.ts,2025-10-16T22:08:14.106Z
media_w1644494948_4545.ts,2025-10-16T22:08:23.325Z
media_w1342705409_4546.ts,2025-10-16T22:08:32.108Z
media_w1171092827_4547.ts,2025-10-16T22:08:46.249Z
media_w362331087_4548.ts,2025-10-16T22:08:55.339Z
media_w1873507462_4549.ts,2025-10-16T22:09:04.271Z
media_w1278813846_4550.ts,2025-10-16T22:09:13.818Z
media_w217043355_4551.ts,2025-10-16T22:09:22.996Z
media_w1044762698_4552.ts,2025-10-16T22:09:31.629Z
media_w366768490_4553.ts,2025-10-16T22:09:44.544Z
media_w2031072152_4554.ts,2025-10-16T22:09:53.831Z
media_w1178520286_4555.ts,2025-10-16T22:10:03.645Z
media_w688037464_4556.ts,2025-10-16T22:10:14.534Z
media_w795292213_4557.ts,2025-10-16T22:10:24.135Z
media_w843925776_4558.ts,2025-10-16T22:10:33.482Z
media_w524940632_4559.ts,2025-10-16T22:10:43.027Z
media_w428174550_4560.ts,2025-10-16T22:10:52.061Z
media_w770588759_4561.ts,2025-10-16T22:11:00.969Z
media_w2116022824_4562.ts,2025-10-16T22:11:14.047Z
media_w1581504363_4563.ts,2025-10-16T22:11:23.266Z
media_w1941916067_4564.ts,2025-10-16T22:11:32.117Z
media_w1154264121_4565.ts,2025-10-16T22:11:41.033Z
media_w1414129874_4566.ts,2025-10-16T22:11:54.352Z
media_w2090774952_4567.ts,2025-10-16T22:12:03.503Z
media_w1570092078_4568.ts,2025-10-16T22:12:13.178Z
media_w1866318308_4569.ts,2025-10-16T22:12:22.942Z
media_w2067539040_4570.ts,2025-10-16T22:12:32.043Z
media_w695102896_4571.ts,2025-10-16T22:12:45.073Z
media_w1497403011_4572.ts,2025-10-16T22:12:54.057Z
media_w650557926_4573.ts,2025-10-16T22:13:03.367Z
media_w1143980043_4574.ts,2025-10-16T22:13:12.375Z
media_w306290891_4575.ts,2025-10-16T22:13:25.208Z
media_w1268636352_4576.ts,2025-10-16T22:13:33.953Z
media_w1338264332_4577.ts,2025-10-16T22:13:43.376Z
media_w1193875338_4578.ts,2025-10-16T22:13:52.305Z
media_w62983033_4579.ts,2025-10-16T22:14:05.069Z
media_w267559882_4580.ts,2025-10-16T22:14:14.046Z
media_w2079477057_4581.ts,2025-10-16T22:14:23.834Z
media_w32411138_4582.ts,2025-10-16T22:14:33.533Z
media_w1265730731_4583.ts,2025-10-16T22:14:43.077Z
media_w1722262440_4584.ts,2025-10-16T22:14:51.761Z
media_w19892133_4585.ts,2025-10-16T22:15:04.857Z
media_w745885792_4586.ts,2025-10-16T22:15:13.832Z
media_w1482059728_4587.ts,2025-10-16T22:15:22.739Z
media_w1762344473_4588.ts,2025-10-16T22:15:31.401Z
media_w73449187_4589.ts,2025-10-16T22:15:44.324Z
media_w1505640004_4590.ts,2025-10-16T22:15:53.396Z
media_w182854450_4591.ts,2025-10-16T22:16:02.212Z
media_w1148225146_4592.ts,2025-10-16T22:16:14.901Z
media_w1432328318_4593.ts,2025-10-16T22:16:23.646Z
media_w1169918303_4594.ts,2025-10-16T22:16:32.775Z
media_w1875650136_4595.ts,2025-10-16T22:16:41.615Z
media_w1829027068_4596.ts,2025-10-16T22:16:54.790Z
media_w318117035_4597.ts,2025-10-16T22:17:04.310Z
media_w897359883_4598.ts,2025-10-16T22:17:13.725Z
media_w1556484692_4599.ts,2025-10-16T22:17:22.818Z
media_w1926959035_4600.ts,2025-10-16T22:17:31.317Z
media_w1342898929_4601.ts,2025-10-16T22:17:44.300Z
media_w1336875454_4602.ts,2025-10-16T22:17:53.172Z
media_w1922050087_4603.ts,2025-10-16T22:18:01.833Z
media_w216284820_4604.ts,2025-10-16T22:18:14.521Z
media_w1488311408_4605.ts,2025-10-16T22:18:24.006Z
media_w278580613_4606.ts,2025-10-16T22:18:33.452Z
media_w2120104920_4607.ts,2025-10-16T22:18:42.134Z
media_w1043673361_4608.ts,2025-10-16T22:18:54.883Z
media_w1238008061_4609.ts,2025-10-16T22:19:03.750Z
media_w1036321051_4610.ts,2025-10-16T22:19:13.282Z
media_w1859406658_4611.ts,2025-10-16T22:19:22.442Z
media_w1619751332_4612.ts,2025-10-16T22:19:31.302Z
media_w1280810447_4613.ts,2025-10-16T22:19:44.293Z
media_w1464255389_4614.ts,2025-10-16T22:19:53.593Z
media_w1885548119_4615.ts,2025-10-16T22:20:03.242Z
media_w572923119_4616.ts,2025-10-16T22:20:12.399Z
media_w1784379931_4617.ts,2025-10-16T22:20:25.271Z
media_w1313453141_4618.ts,2025-10-16T22:20:34.209Z
media_w865177016_4619.ts,2025-10-16T22:20:43.686Z
media_w390952271_4620.ts,2025-10-16T22:20:52.993Z
media_w269440952_4621.ts,2025-10-16T22:21:01.641Z
media_w887705263_4622.ts,2025-10-16T22:21:14.953Z
media_w1851941363_4623.ts,2025-10-16T22:21:24.437Z
media_w1175797457_4624.ts,2025-10-16T22:21:33.324Z
media_w986697827_4625.ts,2025-10-16T22:21:42.426Z
media_w2027838469_4626.ts,2025-10-16T22:21:51.309Z
media_w1420419849_4627.ts,2025-10-16T22:22:04.245Z
media_w862591058_4628.ts,2025-10-16T22:22:13.699Z
media_w971370885_4629.ts,2025-10-16T22:22:22.805Z
media_w816130641_4630.ts,2025-10-16T22:22:31.308Z
media_w584012049_4631.ts,2025-10-16T22:22:44.297Z
media_w742460684_4632.ts,2025-10-16T22:22:53.624Z
media_w612910077_4633.ts,2025-10-16T22:23:02.816Z
media_w107029488_4634.ts,2025-10-16T22:23:16.017Z
media_w1720757623_4635.ts,2025-10-16T22:23:24.611Z
media_w776049267_4636.ts,2025-10-16T22:23:33.769Z
media_w199431395_4637.ts,2025-10-16T22:23:43.349Z
media_w58745790_4638.ts,2025-10-16T22:23:52.363Z
media_w1208777327_4639.ts,2025-10-16T22:24:01.436Z
media_w2110390730_4640.ts,2025-10-16T22:24:14.474Z
media_w1723709336_4641.ts,2025-10-16T22:24:23.759Z
media_w237131080_4642.ts,2025-10-16T22:24:32.409Z
media_w649937514_4643.ts,2025-10-16T22:24:41.257Z
media_w587542826_4644.ts,2025-10-16T22:24:54.092Z
media_w815890277_4645.ts,2025-10-16T22:25:03.366Z
media_w281283104_4646.ts,2025-10-16T22:25:12.581Z
media_w8155671_4647.ts,2025-10-16T22:25:21.572Z
media_w1993329729_4648.ts,2025-10-16T22:25:34.682Z
media_w15600571_4649.ts,2025-10-16T22:25:43.930Z
media_w1714280019_4650.ts,2025-10-16T22:25:53.749Z
media_w1884119044_4651.ts,2025-10-16T22:26:02.742Z
media_w328556588_4652.ts,2025-10-16T22:26:11.738Z
media_w656798779_4653.ts,2025-10-16T22:26:25.053Z
media_w618226750_4654.ts,2025-10-16T22:26:34.087Z
media_w1037355243_4655.ts,2025-10-16T22:26:43.615Z
media_w1518175811_4656.ts,2025-10-16T22:26:52.841Z
media_w181225666_4657.ts,2025-10-16T22:27:01.469Z
media_w1589883140_4658.ts,2025-10-16T22:27:14.673Z
media_w2127965298_4659.ts,2025-10-16T22:27:24.282Z
media_w912329798_4660.ts,2025-10-16T22:27:33.889Z
media_w1933760594_4661.ts,2025-10-16T22:27:43.666Z
media_w424038901_4662.ts,2025-10-16T22:27:52.482Z
media_w101553612_4663.ts,2025-10-16T22:28:05.854Z
media_w1635645941_4664.ts,2025-10-16T22:28:14.611Z
media_w1818179086_4665.ts,2025-10-16T22:28:23.579Z
media_w1106815567_4666.ts,2025-10-16T22:28:32.636Z
media_w315386745_4667.ts,2025-10-16T22:28:41.629Z
media_w891117628_4668.ts,2025-10-16T22:28:54.507Z
media_w1918860945_4669.ts,2025-10-16T22:29:03.458Z
media_w1724130411_4670.ts,2025-10-16T22:29:12.568Z
media_w826712637_4671.ts,2025-10-16T22:29:21.115Z
media_w1346077779_4672.ts,2025-10-16T22:29:34.066Z
media_w851309504_4673.ts,2025-10-16T22:29:43.552Z
media_w1915462827_4674.ts,2025-10-16T22:29:52.944Z
media_w1125238400_4675.ts,2025-10-16T22:30:01.550Z
media_w1907713262_4676.ts,2025-10-16T22:30:14.732Z
media_w315383730_4677.ts,2025-10-16T22:30:23.662Z
media_w1052120011_4678.ts,2025-10-16T22:30:32.696Z
media_w819263142_4679.ts,2025-10-16T22:30:41.950Z
media_w1833527644_4680.ts,2025-10-16T22:30:55.811Z
media_w475250483_4681.ts,2025-10-16T22:31:04.617Z
media_w269258832_4682.ts,2025-10-16T22:31:13.330Z
media_w2081869311_4683.ts,2025-10-16T22:31:22.310Z
media_w1226908409_4684.ts,2025-10-16T22:31:35.368Z
media_w1237005839_4685.ts,2025-10-16T22:31:43.915Z
media_w602346944_4686.ts,2025-10-16T22:31:53.288Z
media_w68262586_4687.ts,2025-10-16T22:32:02.167Z
media_w885546717_4688.ts,2025-10-16T22:32:15.790Z
media_w557527773_4689.ts,2025-10-16T22:32:24.974Z
media_w399826819_4690.ts,2025-10-16T22:32:33.702Z
media_w1980359542_4691.ts,2025-10-16T22:32:42.357Z
media_w1777512634_4692.ts,2025-10-16T22:32:55.446Z
media_w1643540154_4693.ts,2025-10-16T22:33:03.978Z
media_w1507716272_4694.ts,2025-10-16T22:33:13.748Z
media_w145007046_4695.ts,2025-10-16T22:33:23.346Z
media_w1089156089_4696.ts,2025-10-16T22:33:32.361Z
media_w1313296038_4697.ts,2025-10-16T22:33:41.238Z
media_w48426802_4698.ts,2025-10-16T22:33:54.053Z
media_w1592583547_4699.ts,2025-10-16T22:34:03.419Z
media_w1206510957_4700.ts,2025-10-16T22:34:12.277Z
media_w1146240567_4701.ts,2025-10-16T22:34:25.323Z
media_w1927045488_4702.ts,2025-10-16T22:34:34.231Z
media_w1611386365_4703.ts,2025-10-16T22:34:43.947Z
media_w456874779_4704.ts,2025-10-16T22:34:53.721Z
media_w1517874052_4705.ts,2025-10-16T22:35:03.144Z
media_w1338947550_4706.ts,2025-10-16T22:35:11.752Z
media_w321113215_4707.ts,2025-10-16T22:35:25.002Z
media_w1789587933_4708.ts,2025-10-16T22:35:34.024Z
media_w2108631998_4709.ts,2025-10-16T22:35:43.563Z
media_w379968730_4710.ts,2025-10-16T22:35:53.250Z
media_w1277373639_4711.ts,2025-10-16T22:36:02.239Z
media_w1656193771_4712.ts,2025-10-16T22:36:10.855Z
media_w1556046304_4713.ts,2025-10-16T22:36:23.843Z
media_w114676173_4714.ts,2025-10-16T22:36:33.628Z
media_w438346977_4715.ts,2025-10-16T22:36:42.342Z
media_w1647254259_4716.ts,2025-10-16T22:36:51.065Z
media_w908229747_4717.ts,2025-10-16T22:37:05.042Z
media_w1047512361_4718.ts,2025-10-16T22:37:14.388Z
media_w2081460876_4719.ts,2025-10-16T22:37:24.047Z
media_w1340323323_4720.ts,2025-10-16T22:37:33.585Z
media_w345769537_4721.ts,2025-10-16T22:37:42.964Z
media_w266584534_4722.ts,2025-10-16T22:37:51.957Z
media_w1856840157_4723.ts,2025-10-16T22:38:05.150Z
media_w1952267295_4724.ts,2025-10-16T22:38:14.327Z
media_w221565514_4725.ts,2025-10-16T22:38:23.209Z
media_w634350140_4726.ts,2025-10-16T22:38:31.730Z
media_w335505665_4727.ts,2025-10-16T22:38:44.799Z
media_w1230610217_4728.ts,2025-10-16T22:38:53.664Z
media_w1729795467_4729.ts,2025-10-16T22:39:03.256Z
media_w2016480037_4730.ts,2025-10-16T22:39:12.104Z
media_w1626642274_4731.ts,2025-10-16T22:39:25.405Z
media_w766124324_4732.ts,2025-10-16T22:39:34.385Z
media_w625514524_4733.ts,2025-10-16T22:39:43.595Z
media_w449812280_4734.ts,2025-10-16T22:39:52.932Z
media_w691427053_4735.ts,2025-10-16T22:40:01.926Z
media_w255784374_4736.ts,2025-10-16T22:40:14.938Z
media_w1349349276_4737.ts,2025-10-16T22:40:23.478Z
media_w1984290227_4738.ts,2025-10-16T22:40:32.514Z
media_w851139171_4739.ts,2025-10-16T22:40:41.203Z
media_w811160073_4740.ts,2025-10-16T22:40:53.878Z
media_w823486273_4741.ts,2025-10-16T22:41:03.355Z
media_w1378547344_4742.ts,2025-10-16T22:41:12.769Z
media_w90117234_4743.ts,2025-10-16T22:41:25.527Z
media_w784066072_4744.ts,2025-10-16T22:41:34.746Z
media_w2016644200_4745.ts,2025-10-16T22:41:44.241Z
media_w2111937050_4746.ts,2025-10-16T22:41:52.921Z
media_w994256807_4747.ts,2025-10-16T22:42:01.887Z
media_w1803207839_4748.ts,2025-10-16T22:42:15.164Z
media_w1172034383_4749.ts,2025-10-16T22:42:24.080Z
media_w1520395349_4750.ts,2025-10-16T22:42:33.357Z
media_w1954435519_4751.ts,2025-10-16T22:42:42.342Z
media_w792661502_4752.ts,2025-10-16T22:42:51.190Z
media_w1138829492_4753.ts,2025-10-16T22:43:04.126Z
media_w1549743512_4754.ts,2025-10-16T22:43:13.583Z
media_w1085154332_4755.ts,2025-10-16T22:43:22.804Z
media_w441316268_4756.ts,2025-10-16T22:43:31.322Z
media_w1881223919_4757.ts,2025-10-16T22:43:44.533Z
media_w335087661_4758.ts,2025-10-16T22:43:54.049Z
media_w2090879343_4759.ts,2025-10-16T22:44:03.193Z
media_w1338773824_4760.ts,2025-10-16T22:44:12.160Z
media_w1037074654_4761.ts,2025-10-16T22:44:25.155Z
media_w778912871_4762.ts,2025-10-16T22:44:34.095Z
media_w1295248192_4763.ts,2025-10-16T22:44:43.503Z
media_w923338380_4764.ts,2025-10-16T22:44:52.191Z
media_w349653460_4765.ts,2025-10-16T22:45:04.886Z
media_w320229163_4766.ts,2025-10-16T22:45:13.656Z
media_w938581122_4767.ts,2025-10-16T22:45:22.712Z
media_w1200773923_4768.ts,2025-10-16T22:45:35.783Z
media_w2133108481_4769.ts,2025-10-16T22:45:44.346Z
media_w1640887883_4770.ts,2025-10-16T22:45:53.742Z
media_w1707639815_4771.ts,2025-10-16T22:46:02.902Z
media_w213921977_4772.ts,2025-10-16T22:46:11.958Z
media_w1774876924_4773.ts,2025-10-16T22:46:24.882Z
media_w142617448_4774.ts,2025-10-16T22:46:33.939Z
media_w825470502_4775.ts,2025-10-16T22:46:43.345Z
media_w1211528529_4776.ts,2025-10-16T22:46:52.878Z
media_w377489790_4777.ts,2025-10-16T22:47:01.582Z
media_w434815142_4778.ts,2025-10-16T22:47:14.546Z
media_w710316974_4779.ts,2025-10-16T22:47:23.528Z
media_w1675626625_4780.ts,2025-10-16T22:47:32.510Z
media_w1784405272_4781.ts,2025-10-16T22:47:41.659Z
media_w1032512503_4782.ts,2025-10-16T22:47:54.890Z
media_w936615869_4783.ts,2025-10-16T22:48:04.122Z
media_w319833788_4784.ts,2025-10-16T22:48:13.850Z
media_w2039136672_4785.ts,2025-10-16T22:48:23.122Z
media_w478142837_4786.ts,2025-10-16T22:48:32.061Z
media_w1094201909_4787.ts,2025-10-16T22:48:45.471Z
media_w405853884_4788.ts,2025-10-16T22:48:54.076Z
media_w1050912002_4789.ts,2025-10-16T22:49:03.261Z
media_w505931434_4790.ts,2025-10-16T22:49:12.492Z
media_w780634636_4791.ts,2025-10-16T22:49:25.350Z
media_w587365991_4792.ts,2025-10-16T22:49:34.426Z
media_w309477870_4793.ts,2025-10-16T22:49:44.574Z
media_w1306678423_4794.ts,2025-10-16T22:49:53.906Z
media_w1539797146_4795.ts,2025-10-16T22:50:03.392Z
media_w1558384399_4796.ts,2025-10-16T22:50:12.388Z
media_w1603674977_4797.ts,2025-10-16T22:50:25.420Z
media_w599612219_4798.ts,2025-10-16T22:50:34.063Z
media_w1691963806_4799.ts,2025-10-16T22:50:43.342Z
media_w1118222403_4800.ts,2025-10-16T22:50:52.912Z
media_w64660903_4801.ts,2025-10-16T22:51:02.251Z
media_w17169928_4802.ts,2025-10-16T22:51:11.123Z
media_w16922926_4803.ts,2025-10-16T22:51:24.195Z
media_w739902543_4804.ts,2025-10-16T22:51:33.826Z
media_w684481408_4805.ts,2025-10-16T22:51:43.269Z
media_w2128406561_4806.ts,2025-10-16T22:51:51.892Z
media_w1186366164_4807.ts,2025-10-16T22:52:05.047Z
media_w1207750052_4808.ts,2025-10-16T22:52:13.828Z
media_w895753623_4809.ts,2025-10-16T22:52:23.206Z
media_w2098985623_4810.ts,2025-10-16T22:52:31.950Z
media_w1564034758_4811.ts,2025-10-16T22:52:44.858Z
media_w1598596370_4812.ts,2025-10-16T22:52:54.016Z
media_w369991152_4813.ts,2025-10-16T22:53:03.064Z
media_w2070817137_4814.ts,2025-10-16T22:53:11.873Z
media_w1073573179_4815.ts,2025-10-16T22:53:24.730Z
media_w2145528141_4816.ts,2025-10-16T22:53:33.898Z
media_w726232395_4817.ts,2025-10-16T22:53:43.005Z
media_w466685095_4818.ts,2025-10-16T22:53:52.087Z
media_w1210739188_4819.ts,2025-10-16T22:54:05.383Z
media_w466267236_4820.ts,2025-10-16T22:54:14.606Z
media_w12408130_4821.ts,2025-10-16T22:54:23.541Z
media_w1010503729_4822.ts,2025-10-16T22:54:33.666Z
media_w334833012_4823.ts,2025-10-16T22:54:42.781Z
media_w259187102_4824.ts,2025-10-16T22:54:51.575Z
media_w304513769_4825.ts,2025-10-16T22:55:04.540Z
media_w30096162_4826.ts,2025-10-16T22:55:13.597Z
media_w906816849_4827.ts,2025-10-16T22:55:22.765Z
media_w1188188101_4828.ts,2025-10-16T22:55:31.402Z
media_w651997059_4829.ts,2025-10-16T22:55:44.391Z
media_w519282280_4830.ts,2025-10-16T22:55:53.478Z
media_w1678843977_4831.ts,2025-10-16T22:56:03.380Z
media_w449279749_4832.ts,2025-10-16T22:56:12.707Z
media_w941472744_4833.ts,2025-10-16T22:56:26.214Z
media_w84107787_4834.ts,2025-10-16T22:56:34.715Z
media_w1806502632_4835.ts,2025-10-16T22:56:43.711Z
media_w1997226682_4836.ts,2025-10-16T22:56:52.883Z
media_w1143443338_4837.ts,2025-10-16T22:57:01.814Z
media_w2146756625_4838.ts,2025-10-16T22:57:14.786Z
media_w1712919231_4839.ts,2025-10-16T22:57:23.806Z
media_w1393409749_4840.ts,2025-10-16T22:57:32.747Z
media_w1811114535_4841.ts,2025-10-16T22:57:41.436Z
media_w1074205471_4842.ts,2025-10-16T22:57:54.371Z
media_w995361456_4843.ts,2025-10-16T22:58:03.344Z
media_w697879389_4844.ts,2025-10-16T22:58:13.021Z
media_w860609753_4845.ts,2025-10-16T22:58:22.428Z
media_w1875140294_4846.ts,2025-10-16T22:58:31.056Z
media_w209361914_4847.ts,2025-10-16T22:58:44.431Z
media_w1688982518_4848.ts,2025-10-16T22:58:53.546Z
media_w312861927_4849.ts,2025-10-16T22:59:03.192Z
media_w910876505_4850.ts,2025-10-16T22:59:11.932Z
media_w1202533796_4851.ts,2025-10-16T22:59:25.027Z
media_w1425830810_4852.ts,2025-10-16T22:59:34.019Z
media_w837929689_4853.ts,2025-10-16T22:59:43.108Z
media_w857651599_4854.ts,2025-10-16T22:59:51.618Z
media_w1748794798_4855.ts,2025-10-16T23:00:04.608Z
media_w157400824_4856.ts,2025-10-16T23:00:13.641Z
media_w1624506540_4857.ts,2025-10-16T23:00:22.859Z
media_w824129509_4858.ts,2025-10-16T23:00:31.498Z
media_w1392253511_4859.ts,2025-10-16T23:00:44.605Z
media_w1561802582_4860.ts,2025-10-16T23:00:54.027Z
media_w1559807132_4861.ts,2025-10-16T23:01:03.251Z
media_w93304940_4862.ts,2025-10-16T23:01:12.186Z
media_w1843476109_4863.ts,2025-10-16T23:01:20.975Z
media_w1887077480_4864.ts,2025-10-16T23:01:34.163Z
media_w985188271_4865.ts,2025-10-16T23:01:43.554Z
media_w504505061_4866.ts,2025-10-16T23:01:52.416Z
media_w1300154925_4867.ts,2025-10-16T23:02:01.348Z
media_w233572588_4868.ts,2025-10-16T23:02:14.391Z
media_w96614585_4869.ts,2025-10-16T23:02:23.366Z
media_w916022803_4870.ts,2025-10-16T23:02:32.401Z
media_w713219915_4871.ts,2025-10-16T23:02:41.227Z
media_w1207258613_4872.ts,2025-10-16T23:02:54.602Z
media_w1000698891_4873.ts,2025-10-16T23:03:03.896Z
media_w424731224_4874.ts,2025-10-16T23:03:13.851Z
media_w1218020317_4875.ts,2025-10-16T23:03:23.511Z
media_w76867399_4876.ts,2025-10-16T23:03:32.939Z
media_w1901383823_4877.ts,2025-10-16T23:03:41.784Z
media_w34783792_4878.ts,2025-10-16T23:03:54.527Z
media_w1961728865_4879.ts,2025-10-16T23:04:03.418Z
media_w380373463_4880.ts,2025-10-16T23:04:12.756Z
media_w162284907_4881.ts,2025-10-16T23:04:21.356Z
media_w1700428891_4882.ts,2025-10-16T23:04:34.260Z
media_w98140021_4883.ts,2025-10-16T23:04:43.522Z
media_w579687175_4884.ts,2025-10-16T23:04:52.355Z
media_w1799860201_4885.ts,2025-10-16T23:05:05.519Z
media_w1904742444_4886.ts,2025-10-16T23:05:14.383Z
media_w152845860_4887.ts,2025-10-16T23:05:23.841Z
media_w701943498_4888.ts,2025-10-16T23:05:33.067Z
media_w707353752_4889.ts,2025-10-16T23:05:41.964Z
media_w376743785_4890.ts,2025-10-16T23:05:54.891Z
media_w688260110_4891.ts,2025-10-16T23:06:04.009Z
media_w364809854_4892.ts,2025-10-16T23:06:13.448Z
media_w859325853_4893.ts,2025-10-16T23:06:22.135Z
media_w313888520_4894.ts,2025-10-16T23:06:30.659Z
media_w1965943836_4895.ts,2025-10-16T23:06:43.796Z
media_w964188201_4896.ts,2025-10-16T23:06:53.338Z
media_w927814748_4897.ts,2025-10-16T23:07:02.251Z
media_w209216312_4898.ts,2025-10-16T23:07:15.483Z
media_w1438835035_4899.ts,2025-10-16T23:07:24.038Z
media_w1639513697_4900.ts,2025-10-16T23:07:33.664Z
media_w1910131769_4901.ts,2025-10-16T23:07:42.419Z
media_w917796533_4902.ts,2025-10-16T23:07:55.491Z
media_w344955321_4903.ts,2025-10-16T23:08:04.054Z
media_w557297247_4904.ts,2025-10-16T23:08:13.599Z
media_w1949861293_4905.ts,2025-10-16T23:08:22.551Z
media_w1201912352_4906.ts,2025-10-16T23:08:35.369Z
media_w1296155038_4907.ts,2025-10-16T23:08:44.095Z
media_w1600484204_4908.ts,2025-10-16T23:08:52.888Z
media_w1920055463_4909.ts,2025-10-16T23:09:01.354Z
media_w1818722999_4910.ts,2025-10-16T23:09:14.499Z
media_w1216263269_4911.ts,2025-10-16T23:09:23.495Z
media_w316897742_4912.ts,2025-10-16T23:09:32.302Z
media_w323623846_4913.ts,2025-10-16T23:09:41.092Z
media_w1622107183_4914.ts,2025-10-16T23:09:54.122Z
media_w1392018847_4915.ts,2025-10-16T23:10:04.049Z
media_w390399326_4916.ts,2025-10-16T23:10:13.512Z
media_w1135560747_4917.ts,2025-10-16T23:10:22.491Z
media_w940592726_4918.ts,2025-10-16T23:10:31.227Z
media_w1659405265_4919.ts,2025-10-16T23:10:44.430Z
media_w910607550_4920.ts,2025-10-16T23:10:53.646Z
media_w757650085_4921.ts,2025-10-16T23:11:02.889Z
media_w182949259_4922.ts,2025-10-16T23:11:12.137Z
media_w1454333774_4923.ts,2025-10-16T23:11:25.196Z
media_w463995436_4924.ts,2025-10-16T23:11:34.051Z
media_w1393203088_4925.ts,2025-10-16T23:11:43.232Z
media_w1334998560_4926.ts,2025-10-16T23:11:51.967Z
media_w35389870_4927.ts,2025-10-16T23:12:04.680Z
media_w1976905803_4928.ts,2025-10-16T23:12:13.884Z
media_w80032652_4929.ts,2025-10-16T23:12:23.331Z
media_w1969196627_4930.ts,2025-10-16T23:12:32.199Z
media_w1087308510_4931.ts,2025-10-16T23:12:45.271Z
media_w72185785_4932.ts,2025-10-16T23:12:54.268Z
media_w1494717647_4933.ts,2025-10-16T23:13:03.780Z
media_w978484153_4934.ts,2025-10-16T23:13:12.755Z
media_w1348462115_4935.ts,2025-10-16T23:13:22.637Z
media_w1749832572_4936.ts,2025-10-16T23:13:31.707Z
media_w1460923845_4937.ts,2025-10-16T23:13:44.956Z
media_w546887715_4938.ts,2025-10-16T23:13:53.736Z
media_w1798717544_4939.ts,2025-10-16T23:14:02.943Z
media_w35617664_4940.ts,2025-10-16T23:14:11.779Z
media_w847439386_4941.ts,2025-10-16T23:14:24.656Z
media_w773830776_4942.ts,2025-10-16T23:14:33.556Z
media_w1379813855_4943.ts,2025-10-16T23:14:42.619Z
media_w2065537022_4944.ts,2025-10-16T23:14:55.691Z
media_w1058414435_4945.ts,2025-10-16T23:15:04.609Z
media_w1446814134_4946.ts,2025-10-16T23:15:13.954Z
media_w441196459_4947.ts,2025-10-16T23:15:23.581Z
media_w919277212_4948.ts,2025-10-16T23:15:33.521Z
media_w1059797851_4949.ts,2025-10-16T23:15:42.603Z
media_w192387981_4950.ts,2025-10-16T23:15:51.503Z
media_w1628514583_4951.ts,2025-10-16T23:16:04.504Z
media_w1475267270_4952.ts,2025-10-16T23:16:13.611Z
media_w1105497252_4953.ts,2025-10-16T23:16:22.277Z
media_w756647007_4954.ts,2025-10-16T23:16:35.178Z
media_w136226317_4955.ts,2025-10-16T23:16:44.176Z
media_w1660016857_4956.ts,2025-10-16T23:16:53.455Z
media_w1379324388_4957.ts,2025-10-16T23:17:02.403Z
media_w104119754_4958.ts,2025-10-16T23:17:15.398Z
media_w1104947561_4959.ts,2025-10-16T23:17:23.936Z
media_w93815551_4960.ts,2025-10-16T23:17:33.831Z
media_w1981545466_4961.ts,2025-10-16T23:17:43.825Z
media_w176702642_4962.ts,2025-10-16T23:17:53.218Z
media_w37419011_4963.ts,2025-10-16T23:18:02.250Z
media_w28221366_4964.ts,2025-10-16T23:18:15.306Z
media_w1306206581_4965.ts,2025-10-16T23:18:24.170Z
media_w611504511_4966.ts,2025-10-16T23:18:33.388Z
media_w579063952_4967.ts,2025-10-16T23:18:42.873Z
media_w694450564_4968.ts,2025-10-16T23:18:51.884Z
media_w502081335_4969.ts,2025-10-16T23:19:05.070Z
media_w1729526899_4970.ts,2025-10-16T23:19:14.062Z
media_w1131317630_4971.ts,2025-10-16T23:19:23.642Z
media_w1945106962_4972.ts,2025-10-16T23:19:33.029Z
media_w33574813_4973.ts,2025-10-16T23:19:41.651Z
media_w1357811676_4974.ts,2025-10-16T23:19:54.632Z
media_w741022731_4975.ts,2025-10-16T23:20:04.187Z
media_w927933066_4976.ts,2025-10-16T23:20:13.643Z
media_w232321594_4977.ts,2025-10-16T23:20:23.314Z
media_w667552570_4978.ts,2025-10-16T23:20:32.835Z
media_w1112171179_4979.ts,2025-10-16T23:20:41.702Z
media_w910182308_4980.ts,2025-10-16T23:20:55.098Z
media_w2007762903_4981.ts,2025-10-16T23:21:03.668Z
media_w1246118892_4982.ts,2025-10-16T23:21:13.142Z
media_w218554911_4983.ts,2025-10-16T23:21:21.658Z
media_w1226550888_4984.ts,2025-10-16T23:21:34.594Z
media_w1036752635_4985.ts,2025-10-16T23:21:44.011Z
media_w1727004923_4986.ts,2025-10-16T23:21:53.562Z
media_w793060428_4987.ts,2025-10-16T23:22:02.970Z
media_w2076760939_4988.ts,2025-10-16T23:22:11.940Z
media_w1010901614_4989.ts,2025-10-16T23:22:25.361Z
media_w1912558910_4990.ts,2025-10-16T23:22:34.477Z
media_w128268955_4991.ts,2025-10-16T23:22:43.897Z
media_w2073483099_4992.ts,2025-10-16T23:22:53.705Z
media_w2127391505_4993.ts,2025-10-16T23:23:03.442Z
media_w170101437_4994.ts,2025-10-16T23:23:12.096Z
media_w1784461531_4995.ts,2025-10-16T23:23:25.106Z
media_w1191902684_4996.ts,2025-10-16T23:23:33.984Z
media_w1779807532_4997.ts,2025-10-16T23:23:43.218Z
media_w1551965082_4998.ts,2025-10-16T23:23:52.040Z
media_w1101192093_4999.ts,2025-10-16T23:24:01.226Z
media_w289344183_5000.ts,2025-10-16T23:24:14.713Z
media_w1811967069_5001.ts,2025-10-16T23:24:23.790Z
media_w901647418_5002.ts,2025-10-16T23:24:32.945Z
media_w1378877300_5003.ts,2025-10-16T23:24:41.883Z
media_w461866272_5004.ts,2025-10-16T23:24:54.854Z
media_w1036622407_5005.ts,2025-10-16T23:25:03.968Z
media_w863358987_5006.ts,2025-10-16T23:25:13.647Z
media_w1363642123_5007.ts,2025-10-16T23:25:22.636Z
media_w1238398559_5008.ts,2025-10-16T23:25:31.617Z
media_w1665758925_5009.ts,2025-10-16T23:25:44.308Z
media_w1409175271_5010.ts,2025-10-16T23:25:53.991Z
media_w1789601455_5011.ts,2025-10-16T23:26:03.330Z
media_w1840163423_5012.ts,2025-10-16T23:26:12.424Z
media_w1249053485_5013.ts,2025-10-16T23:26:25.173Z
media_w830386091_5014.ts,2025-10-16T23:26:33.791Z
media_w1234850847_5015.ts,2025-10-16T23:26:43.084Z
media_w853775179_5016.ts,2025-10-16T23:26:51.954Z
media_w125122403_5017.ts,2025-10-16T23:27:05.132Z
media_w522304694_5018.ts,2025-10-16T23:27:14.325Z
media_w1225991841_5019.ts,2025-10-16T23:27:23.223Z
media_w381557736_5020.ts,2025-10-16T23:27:31.887Z
media_w524792774_5021.ts,2025-10-16T23:27:45.029Z
media_w1633242265_5022.ts,2025-10-16T23:27:53.856Z
media_w277867731_5023.ts,2025-10-16T23:28:02.906Z
media_w252426314_5024.ts,2025-10-16T23:28:12.183Z
media_w2059861020_5025.ts,2025-10-16T23:28:24.977Z
media_w582870491_5026.ts,2025-10-16T23:28:33.813Z
media_w1018928386_5027.ts,2025-10-16T23:28:43.035Z
media_w1073966112_5028.ts,2025-10-16T23:28:52.038Z
media_w1668075410_5029.ts,2025-10-16T23:29:05.100Z
media_w737408267_5030.ts,2025-10-16T23:29:14.012Z
media_w544628410_5031.ts,2025-10-16T23:29:22.834Z
media_w1697761708_5032.ts,2025-10-16T23:29:32.000Z
media_w600321440_5033.ts,2025-10-16T23:29:45.353Z
media_w601331469_5034.ts,2025-10-16T23:29:54.897Z
media_w994334708_5035.ts,2025-10-16T23:30:04.434Z
media_w1877546722_5036.ts,2025-10-16T23:30:13.730Z
media_w546864646_5037.ts,2025-10-16T23:30:22.935Z
media_w850702448_5038.ts,2025-10-16T23:30:31.789Z
media_w1167918003_5039.ts,2025-10-16T23:30:44.772Z
media_w1578527831_5040.ts,2025-10-16T23:30:53.362Z
media_w1187686047_5041.ts,2025-10-16T23:31:02.210Z
media_w718894065_5042.ts,2025-10-16T23:31:15.304Z
media_w2085633424_5043.ts,2025-10-16T23:31:23.934Z
media_w2005490030_5044.ts,2025-10-16T23:31:32.795Z
media_w474687825_5045.ts,2025-10-16T23:31:41.442Z
media_w1916293111_5046.ts,2025-10-16T23:31:54.293Z
media_w1025999854_5047.ts,2025-10-16T23:32:03.239Z
media_w1339254584_5048.ts,2025-10-16T23:32:12.047Z
media_w1417659412_5049.ts,2025-10-16T23:32:25.002Z
media_w219616350_5050.ts,2025-10-16T23:32:34.092Z
media_w139601533_5051.ts,2025-10-16T23:32:43.434Z
media_w1734269135_5052.ts,2025-10-16T23:32:52.579Z
media_w301514193_5053.ts,2025-10-16T23:33:05.222Z
media_w726965820_5054.ts,2025-10-16T23:33:14.303Z
media_w1183079827_5055.ts,2025-10-16T23:33:23.808Z
media_w931350255_5056.ts,2025-10-16T23:33:33.249Z
media_w1609943085_5057.ts,2025-10-16T23:33:41.902Z
media_w1736150348_5058.ts,2025-10-16T23:33:54.600Z
media_w1940046953_5059.ts,2025-10-16T23:34:03.510Z
media_w1895304427_5060.ts,2025-10-16T23:34:13.026Z
media_w1016297639_5061.ts,2025-10-16T23:34:22.433Z
media_w1761022361_5062.ts,2025-10-16T23:34:31.479Z
media_w663968772_5063.ts,2025-10-16T23:34:44.872Z
media_w472855738_5064.ts,2025-10-16T23:34:53.688Z
media_w1248802236_5065.ts,2025-10-16T23:35:03.200Z
media_w93530153_5066.ts,2025-10-16T23:35:12.097Z
media_w1533328163_5067.ts,2025-10-16T23:35:25.329Z
media_w643324371_5068.ts,2025-10-16T23:35:34.200Z
media_w1328004162_5069.ts,2025-10-16T23:35:43.562Z
media_w1396008262_5070.ts,2025-10-16T23:35:52.929Z
media_w1004218986_5071.ts,2025-10-16T23:36:01.565Z
media_w338120030_5072.ts,2025-10-16T23:36:14.837Z
media_w277985469_5073.ts,2025-10-16T23:36:23.987Z
media_w1707693468_5074.ts,2025-10-16T23:36:33.337Z
media_w421858690_5075.ts,2025-10-16T23:36:42.383Z
media_w1887489846_5076.ts,2025-10-16T23:36:55.435Z
media_w370280699_5077.ts,2025-10-16T23:37:04.492Z
media_w1168393493_5078.ts,2025-10-16T23:37:13.416Z
media_w955942258_5079.ts,2025-10-16T23:37:22.042Z
media_w1634562954_5080.ts,2025-10-16T23:37:35.072Z
media_w630162366_5081.ts,2025-10-16T23:37:43.861Z
media_w96750560_5082.ts,2025-10-16T23:37:53.260Z
media_w1931963728_5083.ts,2025-10-16T23:38:02.139Z
media_w1355059797_5084.ts,2025-10-16T23:38:15.284Z
media_w1990122770_5085.ts,2025-10-16T23:38:23.908Z
media_w1325940542_5086.ts,2025-10-16T23:38:33.775Z
media_w213256016_5087.ts,2025-10-16T23:38:43.596Z
media_w2127319962_5088.ts,2025-10-16T23:38:53.665Z
media_w418417657_5089.ts,2025-10-16T23:39:02.734Z
media_w1349335014_5090.ts,2025-10-16T23:39:11.500Z
media_w1326179227_5091.ts,2025-10-16T23:39:24.800Z
media_w1044991774_5092.ts,2025-10-16T23:39:33.708Z
media_w416446198_5093.ts,2025-10-16T23:39:42.648Z
media_w1656994514_5094.ts,2025-10-16T23:39:51.359Z
media_w253272960_5095.ts,2025-10-16T23:40:04.464Z
media_w1119796800_5096.ts,2025-10-16T23:40:13.524Z
media_w1189828474_5097.ts,2025-10-16T23:40:23.217Z
media_w1936484978_5098.ts,2025-10-16T23:40:32.902Z
media_w2036702919_5099.ts,2025-10-16T23:40:42.150Z
media_w982793232_5100.ts,2025-10-16T23:40:51.159Z
media_w2022300490_5101.ts,2025-10-16T23:41:03.821Z
media_w1073526574_5102.ts,2025-10-16T23:41:12.898Z
media_w1287302858_5103.ts,2025-10-16T23:41:22.014Z
media_w719862030_5104.ts,2025-10-16T23:41:30.678Z
media_w33365211_5105.ts,2025-10-16T23:41:43.820Z
media_w938079745_5106.ts,2025-10-16T23:41:53.208Z
media_w2118868098_5107.ts,2025-10-16T23:42:01.978Z
media_w1505979747_5108.ts,2025-10-16T23:42:10.732Z
media_w885823152_5109.ts,2025-10-16T23:42:23.867Z
media_w672079769_5110.ts,2025-10-16T23:42:33.476Z
media_w661711274_5111.ts,2025-10-16T23:42:43.313Z
media_w1214345368_5112.ts,2025-10-16T23:42:52.702Z
media_w1545424158_5113.ts,2025-10-16T23:43:01.305Z
media_w338202632_5114.ts,2025-10-16T23:43:14.037Z
media_w1280203871_5115.ts,2025-10-16T23:43:23.409Z
media_w297545510_5116.ts,2025-10-16T23:43:32.150Z
media_w127420503_5117.ts,2025-10-16T23:43:44.877Z
media_w93276313_5118.ts,2025-10-16T23:43:53.956Z
media_w844103849_5119.ts,2025-10-16T23:44:02.716Z
media_w1105585206_5120.ts,2025-10-16T23:44:11.221Z
media_w1026884994_5121.ts,2025-10-16T23:44:24.308Z
media_w796898593_5122.ts,2025-10-16T23:44:33.458Z
media_w2004439157_5123.ts,2025-10-16T23:44:42.734Z
media_w913309355_5124.ts,2025-10-16T23:44:51.595Z
media_w1128825811_5125.ts,2025-10-16T23:45:04.755Z
media_w720074219_5126.ts,2025-10-16T23:45:14.109Z
media_w176865538_5127.ts,2025-10-16T23:45:23.985Z
media_w880400999_5128.ts,2025-10-16T23:45:33.487Z
media_w550053384_5129.ts,2025-10-16T23:45:42.923Z
media_w1505326061_5130.ts,2025-10-16T23:45:52.530Z
media_w539659691_5131.ts,2025-10-16T23:46:01.521Z
media_w2106335445_5132.ts,2025-10-16T23:46:14.603Z
media_w251935070_5133.ts,2025-10-16T23:46:23.935Z
media_w112742614_5134.ts,2025-10-16T23:46:33.508Z
media_w2011803315_5135.ts,2025-10-16T23:46:43.019Z
media_w255054196_5136.ts,2025-10-16T23:46:52.428Z
media_w1265561985_5137.ts,2025-10-16T23:47:05.172Z
media_w933967310_5138.ts,2025-10-16T23:47:14.071Z
media_w2107439170_5139.ts,2025-10-16T23:47:22.941Z
media_w341160472_5140.ts,2025-10-16T23:47:31.780Z
media_w1417615774_5141.ts,2025-10-16T23:47:44.444Z
media_w1172717977_5142.ts,2025-10-16T23:47:53.627Z
media_w2095191825_5143.ts,2025-10-16T23:48:02.699Z
media_w2070575082_5144.ts,2025-10-16T23:48:11.363Z
media_w264395142_5145.ts,2025-10-16T23:48:24.407Z
media_w1111563652_5146.ts,2025-10-16T23:48:33.583Z
media_w1024967462_5147.ts,2025-10-16T23:48:43.131Z
media_w1159912020_5148.ts,2025-10-16T23:48:52.468Z
media_w172165094_5149.ts,2025-10-16T23:49:05.826Z
media_w881797_5150.ts,2025-10-16T23:49:14.967Z
media_w1968465549_5151.ts,2025-10-16T23:49:23.592Z
media_w1652358036_5152.ts,2025-10-16T23:49:32.445Z
media_w1692851210_5153.ts,2025-10-16T23:49:41.388Z
media_w1705585738_5154.ts,2025-10-16T23:49:54.268Z
media_w1832715307_5155.ts,2025-10-16T23:50:03.637Z
media_w1329159839_5156.ts,2025-10-16T23:50:12.849Z
media_w1506361833_5157.ts,2025-10-16T23:50:21.729Z
media_w818497766_5158.ts,2025-10-16T23:50:34.767Z
media_w1217755865_5159.ts,2025-10-16T23:50:43.749Z
media_w1972112532_5160.ts,2025-10-16T23:50:53.131Z
media_w309123534_5161.ts,2025-10-16T23:51:01.909Z
media_w819408483_5162.ts,2025-10-16T23:51:16.311Z
media_w1950004552_5163.ts,2025-10-16T23:51:21.054Z
media_w597772842_5164.ts,2025-10-16T23:51:33.908Z
media_w32736721_5165.ts,2025-10-16T23:51:42.468Z
media_w1976561834_5166.ts,2025-10-16T23:51:55.644Z
media_w758765549_5167.ts,2025-10-16T23:52:04.641Z
media_w603357818_5168.ts,2025-10-16T23:52:13.439Z
media_w1615013175_5169.ts,2025-10-16T23:52:22.197Z
media_w18920161_5170.ts,2025-10-16T23:52:35.436Z
media_w944692419_5171.ts,2025-10-16T23:52:43.937Z
media_w581015677_5172.ts,2025-10-16T23:52:52.492Z
media_w587855456_5173.ts,2025-10-16T23:53:00.953Z
media_w903592336_5174.ts,2025-10-16T23:53:13.662Z
media_w44286972_5175.ts,2025-10-16T23:53:22.181Z
media_w172122716_5176.ts,2025-10-16T23:53:35.536Z
media_w1454534668_5177.ts,2025-10-16T23:53:44.094Z
media_w918548044_5178.ts,2025-10-16T23:53:52.595Z
media_w370181810_5179.ts,2025-10-16T23:54:05.345Z
media_w131364862_5180.ts,2025-10-16T23:54:13.853Z
media_w2066005750_5181.ts,2025-10-16T23:54:22.374Z
media_w1311269372_5182.ts,2025-10-16T23:54:30.958Z
media_w1869235694_5183.ts,2025-10-16T23:54:43.913Z
media_w1221251277_5184.ts,2025-10-16T23:54:52.591Z
media_w1507248290_5185.ts,2025-10-16T23:55:05.293Z
media_w1329811080_5186.ts,2025-10-16T23:55:13.897Z
media_w1334231989_5187.ts,2025-10-16T23:55:22.944Z
media_w43232380_5188.ts,2025-10-16T23:55:31.497Z
media_w34902136_5189.ts,2025-10-16T23:55:44.097Z
media_w1523397572_5190.ts,2025-10-16T23:55:52.805Z
media_w669201147_5191.ts,2025-10-16T23:56:01.369Z
media_w1285309002_5192.ts,2025-10-16T23:56:14.063Z
media_w2085180684_5193.ts,2025-10-16T23:56:22.939Z
media_w1541441363_5194.ts,2025-10-16T23:56:31.840Z
media_w1764929014_5195.ts,2025-10-16T23:56:44.949Z
media_w1561713256_5196.ts,2025-10-16T23:56:53.873Z
media_w307954526_5197.ts,2025-10-16T23:57:03.126Z
media_w1139386048_5198.ts,2025-10-16T23:57:12.351Z
media_w832785236_5199.ts,2025-10-16T23:57:25.114Z
media_w1865842768_5200.ts,2025-10-16T23:57:33.950Z
media_w845344937_5201.ts,2025-10-16T23:57:42.989Z
media_w1055044263_5202.ts,2025-10-16T23:57:51.892Z
media_w1560439780_5203.ts,2025-10-16T23:58:04.948Z
media_w43002311_5204.ts,2025-10-16T23:58:13.781Z
media_w1676064924_5205.ts,2025-10-16T23:58:22.787Z
media_w1247544851_5206.ts,2025-10-16T23:58:35.440Z
media_w387719169_5207.ts,2025-10-16T23:58:44.142Z
media_w950049919_5208.ts,2025-10-16T23:58:53.380Z
media_w1218122358_5209.ts,2025-10-16T23:59:02.077Z
media_w1888245611_5210.ts,2025-10-16T23:59:15.106Z
media_w928214720_5211.ts,2025-10-16T23:59:24.034Z
media_w797413426_5212.ts,2025-10-16T23:59:33.283Z
media_w2003839595_5213.ts,2025-10-16T23:59:42.288Z
media_w739738351_5214.ts,2025-10-16T23:59:55.473Z
media_w885841770_5215.ts,2025-10-17T00:00:04.246Z
media_w931142228_5216.ts,2025-10-17T00:00:13.416Z
media_w1036467488_5217.ts,2025-10-17T00:00:22.054Z
media_w1515511182_5218.ts,2025-10-17T00:00:35.062Z
media_w305497267_5219.ts,2025-10-17T00:00:43.742Z
media_w2138979093_5220.ts,2025-10-17T00:00:52.972Z
media_w1684764473_5221.ts,2025-10-17T00:01:01.906Z
media_w703840967_5222.ts,2025-10-17T00:01:14.866Z
media_w1855157593_5223.ts,2025-10-17T00:01:24.058Z
media_w382628667_5224.ts,2025-10-17T00:01:33.579Z
media_w1832499883_5225.ts,2025-10-17T00:01:42.943Z
media_w503412948_5226.ts,2025-10-17T00:01:51.549Z
media_w421289025_5227.ts,2025-10-17T00:02:04.255Z
media_w2069300625_5228.ts,2025-10-17T00:02:13.414Z
media_w632290711_5229.ts,2025-10-17T00:02:22.182Z
media_w155433405_5230.ts,2025-10-17T00:02:35.309Z
media_w1523421261_5231.ts,2025-10-17T00:02:44.566Z
media_w1496918898_5232.ts,2025-10-17T00:02:53.255Z
media_w1531764536_5233.ts,2025-10-17T00:03:01.873Z
media_w773606755_5234.ts,2025-10-17T00:03:14.842Z
media_w86154745_5235.ts,2025-10-17T00:03:23.602Z
media_w1234442925_5236.ts,2025-10-17T00:03:33.102Z
media_w1074240465_5237.ts,2025-10-17T00:03:42.098Z
media_w1831198487_5238.ts,2025-10-17T00:03:51.076Z
media_w1882637985_5239.ts,2025-10-17T00:04:03.995Z
media_w75057540_5240.ts,2025-10-17T00:04:12.766Z
media_w745120114_5241.ts,2025-10-17T00:04:21.989Z
media_w250571984_5242.ts,2025-10-17T00:04:31.050Z
media_w1870841038_5243.ts,2025-10-17T00:04:44.202Z
media_w1299280209_5244.ts,2025-10-17T00:04:53.131Z
media_w1569306445_5245.ts,2025-10-17T00:05:01.748Z
media_w774514425_5246.ts,2025-10-17T00:05:14.703Z
media_w27101824_5247.ts,2025-10-17T00:05:23.327Z
media_w2117536166_5248.ts,2025-10-17T00:05:32.159Z
media_w633076568_5249.ts,2025-10-17T00:05:45.597Z
media_w1034654380_5250.ts,2025-10-17T00:05:54.947Z
media_w1779065287_5251.ts,2025-10-17T00:06:04.323Z
media_w807256607_5252.ts,2025-10-17T00:06:13.551Z
media_w1489387971_5253.ts,2025-10-17T00:06:22.271Z
media_w427819643_5254.ts,2025-10-17T00:06:35.600Z
media_w1720938422_5255.ts,2025-10-17T00:06:44.481Z
media_w1466408776_5256.ts,2025-10-17T00:06:53.152Z
media_w1931505468_5257.ts,2025-10-17T00:07:01.916Z
media_w1115849666_5258.ts,2025-10-17T00:07:14.603Z
media_w1085875959_5259.ts,2025-10-17T00:07:23.464Z
media_w1583671627_5260.ts,2025-10-17T00:07:32.556Z
media_w478921420_5261.ts,2025-10-17T00:07:41.529Z
media_w436382180_5262.ts,2025-10-17T00:07:54.312Z
media_w1601842103_5263.ts,2025-10-17T00:08:03.840Z
media_w300080259_5264.ts,2025-10-17T00:08:13.463Z
media_w820526828_5265.ts,2025-10-17T00:08:22.069Z
media_w991797835_5266.ts,2025-10-17T00:08:34.888Z
media_w147411341_5267.ts,2025-10-17T00:08:44.555Z
media_w1513230243_5268.ts,2025-10-17T00:08:54.044Z
media_w2071917711_5269.ts,2025-10-17T00:09:03.274Z
media_w221822855_5270.ts,2025-10-17T00:09:12.128Z
media_w743061802_5271.ts,2025-10-17T00:09:24.872Z
media_w1229518015_5272.ts,2025-10-17T00:09:33.698Z
media_w65981090_5273.ts,2025-10-17T00:09:42.917Z
media_w839813056_5274.ts,2025-10-17T00:09:51.514Z
media_w1271431175_5275.ts,2025-10-17T00:10:05.347Z
media_w709181046_5276.ts,2025-10-17T00:10:14.503Z
media_w438797371_5277.ts,2025-10-17T00:10:23.516Z
media_w1320696906_5278.ts,2025-10-17T00:10:32.174Z
media_w547510083_5279.ts,2025-10-17T00:10:44.961Z
media_w331427355_5280.ts,2025-10-17T00:10:53.584Z
media_w893469098_5281.ts,2025-10-17T00:11:02.706Z
media_w1771642810_5282.ts,2025-10-17T00:11:11.660Z
media_w185046876_5283.ts,2025-10-17T00:11:24.403Z
media_w271281599_5284.ts,2025-10-17T00:11:33.184Z
media_w1726828194_5285.ts,2025-10-17T00:11:42.140Z
media_w1236848857_5286.ts,2025-10-17T00:11:50.823Z
media_w1586341383_5287.ts,2025-10-17T00:12:03.908Z
media_w496839931_5288.ts,2025-10-17T00:12:12.999Z
media_w703847497_5289.ts,2025-10-17T00:12:22.186Z
media_w2101084801_5290.ts,2025-10-17T00:12:36.007Z
media_w1232804758_5291.ts,2025-10-17T00:12:44.983Z
media_w1784300333_5292.ts,2025-10-17T00:12:53.791Z
media_w1242073195_5293.ts,2025-10-17T00:13:02.877Z
media_w350553247_5294.ts,2025-10-17T00:13:11.467Z
media_w1371833336_5295.ts,2025-10-17T00:13:24.459Z
media_w1800074358_5296.ts,2025-10-17T00:13:33.707Z
media_w1510253377_5297.ts,2025-10-17T00:13:42.648Z
media_w670770257_5298.ts,2025-10-17T00:13:51.217Z
media_w909834288_5299.ts,2025-10-17T00:14:04.189Z
media_w1410959270_5300.ts,2025-10-17T00:14:13.181Z
media_w355975021_5301.ts,2025-10-17T00:14:22.207Z
media_w1362107115_5302.ts,2025-10-17T00:14:34.997Z
media_w1995583329_5303.ts,2025-10-17T00:14:43.776Z
media_w661897139_5304.ts,2025-10-17T00:14:53.280Z
media_w1394113545_5305.ts,2025-10-17T00:15:02.471Z
media_w1927816231_5306.ts,2025-10-17T00:15:11.282Z
media_w490405877_5307.ts,2025-10-17T00:15:23.966Z
media_w405563678_5308.ts,2025-10-17T00:15:33.044Z
media_w772550930_5309.ts,2025-10-17T00:15:41.784Z
media_w62691127_5310.ts,2025-10-17T00:15:54.892Z
media_w941343307_5311.ts,2025-10-17T00:16:03.876Z
media_w14050332_5312.ts,2025-10-17T00:16:13.401Z
media_w601130465_5313.ts,2025-10-17T00:16:22.563Z
media_w1501739198_5314.ts,2025-10-17T00:16:31.483Z
media_w78436677_5315.ts,2025-10-17T00:16:45.163Z
media_w595653449_5316.ts,2025-10-17T00:16:54.155Z
media_w104404030_5317.ts,2025-10-17T00:17:03.991Z
media_w437145364_5318.ts,2025-10-17T00:17:13.616Z
media_w392565668_5319.ts,2025-10-17T00:17:22.518Z
media_w424681247_5320.ts,2025-10-17T00:17:31.321Z
media_w1750633524_5321.ts,2025-10-17T00:17:44.396Z
media_w1088387418_5322.ts,2025-10-17T00:17:53.138Z
media_w2093598329_5323.ts,2025-10-17T00:18:01.678Z
media_w919599845_5324.ts,2025-10-17T00:18:14.608Z
media_w175110348_5325.ts,2025-10-17T00:18:24.335Z
media_w853225749_5326.ts,2025-10-17T00:18:33.324Z
media_w1302941163_5327.ts,2025-10-17T00:18:43.141Z
media_w1568156059_5328.ts,2025-10-17T00:18:52.621Z
media_w959944861_5329.ts,2025-10-17T00:19:01.269Z
media_w638940257_5330.ts,2025-10-17T00:19:14.293Z
media_w2052067162_5331.ts,2025-10-17T00:19:23.106Z
media_w549653064_5332.ts,2025-10-17T00:19:31.717Z
media_w275455737_5333.ts,2025-10-17T00:19:44.448Z
media_w1984477682_5334.ts,2025-10-17T00:19:53.912Z
media_w270533293_5335.ts,2025-10-17T00:20:03.332Z
media_w1776729390_5336.ts,2025-10-17T00:20:12.154Z
media_w618342693_5337.ts,2025-10-17T00:20:21.028Z
media_w418672319_5338.ts,2025-10-17T00:20:34.077Z
media_w380313119_5339.ts,2025-10-17T00:20:43.197Z
media_w437477688_5340.ts,2025-10-17T00:20:52.231Z
media_w1267649599_5341.ts,2025-10-17T00:21:00.925Z
media_w636197097_5342.ts,2025-10-17T00:21:14.133Z
media_w1319749069_5343.ts,2025-10-17T00:21:22.962Z
media_w676816883_5344.ts,2025-10-17T00:21:32.106Z
media_w814003305_5345.ts,2025-10-17T00:21:45.260Z
media_w558524401_5346.ts,2025-10-17T00:21:53.760Z
media_w1110701812_5347.ts,2025-10-17T00:22:03.055Z
media_w1784116639_5348.ts,2025-10-17T00:22:12.115Z
media_w1073224521_5349.ts,2025-10-17T00:22:21.121Z
media_w1373895825_5350.ts,2025-10-17T00:22:34.239Z
media_w322601946_5351.ts,2025-10-17T00:22:43.213Z
media_w1731369090_5352.ts,2025-10-17T00:22:52.045Z
media_w611038751_5353.ts,2025-10-17T00:23:05.038Z
media_w567252375_5354.ts,2025-10-17T00:23:13.877Z
media_w2134953617_5355.ts,2025-10-17T00:23:22.900Z
media_w1752963520_5356.ts,2025-10-17T00:23:31.867Z
media_w1664273711_5357.ts,2025-10-17T00:23:45.628Z
media_w609600446_5358.ts,2025-10-17T00:23:54.472Z
media_w1101758591_5359.ts,2025-10-17T00:24:03.432Z
media_w710075718_5360.ts,2025-10-17T00:24:12.342Z
media_w1862942229_5361.ts,2025-10-17T00:24:25.880Z
media_w713874568_5362.ts,2025-10-17T00:24:34.884Z
media_w1549204876_5363.ts,2025-10-17T00:24:43.730Z
media_w106852255_5364.ts,2025-10-17T00:24:52.574Z
media_w1661604319_5365.ts,2025-10-17T00:25:05.604Z
media_w1485390565_5366.ts,2025-10-17T00:25:14.281Z
media_w569517997_5367.ts,2025-10-17T00:25:23.537Z
media_w1707317169_5368.ts,2025-10-17T00:25:33.826Z
media_w1086266219_5369.ts,2025-10-17T00:25:43.345Z
media_w164601153_5370.ts,2025-10-17T00:25:52.867Z
media_w1018922933_5371.ts,2025-10-17T00:26:02.469Z
media_w1548705288_5372.ts,2025-10-17T00:26:11.389Z
media_w624605277_5373.ts,2025-10-17T00:26:24.335Z
media_w509413517_5374.ts,2025-10-17T00:26:33.527Z
media_w2108455759_5375.ts,2025-10-17T00:26:42.845Z
media_w83216850_5376.ts,2025-10-17T00:26:51.948Z
media_w1890593029_5377.ts,2025-10-17T00:27:04.627Z
media_w1360478669_5378.ts,2025-10-17T00:27:13.808Z
media_w418089684_5379.ts,2025-10-17T00:27:22.391Z
media_w1296977600_5380.ts,2025-10-17T00:27:35.080Z
media_w836155227_5381.ts,2025-10-17T00:27:43.956Z
media_w42528637_5382.ts,2025-10-17T00:27:53.257Z
media_w1127050962_5383.ts,2025-10-17T00:28:02.774Z
media_w908747410_5384.ts,2025-10-17T00:28:11.773Z
media_w252203289_5385.ts,2025-10-17T00:28:24.779Z
media_w1449568389_5386.ts,2025-10-17T00:28:33.648Z
media_w1417577936_5387.ts,2025-10-17T00:28:42.793Z
media_w1837176292_5388.ts,2025-10-17T00:28:51.685Z
media_w1523598083_5389.ts,2025-10-17T00:29:04.786Z
media_w533072557_5390.ts,2025-10-17T00:29:13.568Z
media_w1315091409_5391.ts,2025-10-17T00:29:22.692Z
media_w535851887_5392.ts,2025-10-17T00:29:31.388Z
media_w2066597513_5393.ts,2025-10-17T00:29:44.053Z
media_w717223690_5394.ts,2025-10-17T00:29:53.615Z
media_w429358995_5395.ts,2025-10-17T00:30:03.427Z
media_w1463140850_5396.ts,2025-10-17T00:30:12.483Z
media_w1794963270_5397.ts,2025-10-17T00:30:25.652Z
media_w895996005_5398.ts,2025-10-17T00:30:34.418Z
media_w940132749_5399.ts,2025-10-17T00:30:43.482Z
media_w865835425_5400.ts,2025-10-17T00:30:52.280Z
media_w19793581_5401.ts,2025-10-17T00:31:05.505Z
media_w35518530_5402.ts,2025-10-17T00:31:14.284Z
media_w593041216_5403.ts,2025-10-17T00:31:23.348Z
media_w1747804983_5404.ts,2025-10-17T00:31:32.345Z
media_w620082703_5405.ts,2025-10-17T00:31:45.122Z
media_w49846706_5406.ts,2025-10-17T00:31:53.912Z
media_w2074846591_5407.ts,2025-10-17T00:32:03.151Z
media_w2086427427_5408.ts,2025-10-17T00:32:12.254Z
media_w192019451_5409.ts,2025-10-17T00:32:25.354Z
media_w234202004_5410.ts,2025-10-17T00:32:34.223Z
media_w1414244705_5411.ts,2025-10-17T00:32:43.320Z
media_w172350477_5412.ts,2025-10-17T00:32:52.029Z
media_w1707302417_5413.ts,2025-10-17T00:33:05.150Z
media_w338161229_5414.ts,2025-10-17T00:33:14.003Z
media_w392286807_5415.ts,2025-10-17T00:33:23.250Z
media_w372287521_5416.ts,2025-10-17T00:33:32.003Z
media_w276077587_5417.ts,2025-10-17T00:33:44.854Z
media_w1910420344_5418.ts,2025-10-17T00:33:53.971Z
media_w1826946816_5419.ts,2025-10-17T00:34:03.194Z
media_w2122431491_5420.ts,2025-10-17T00:34:12.343Z
media_w1809978596_5421.ts,2025-10-17T00:34:21.175Z
media_w1498174306_5422.ts,2025-10-17T00:34:34.320Z
media_w1039655315_5423.ts,2025-10-17T00:34:43.551Z
media_w1178274151_5424.ts,2025-10-17T00:34:53.181Z
media_w2143517307_5425.ts,2025-10-17T00:35:02.003Z
media_w452843580_5426.ts,2025-10-17T00:35:15.122Z
media_w736736366_5427.ts,2025-10-17T00:35:23.918Z
media_w1676365179_5428.ts,2025-10-17T00:35:32.816Z
media_w450239633_5429.ts,2025-10-17T00:35:41.327Z
media_w860394420_5430.ts,2025-10-17T00:35:54.368Z
media_w1786366353_5431.ts,2025-10-17T00:36:03.839Z
media_w482450778_5432.ts,2025-10-17T00:36:12.961Z
media_w1523132100_5433.ts,2025-10-17T00:36:21.484Z
media_w1842921814_5434.ts,2025-10-17T00:36:34.509Z
media_w740701755_5435.ts,2025-10-17T00:36:43.511Z
media_w2140710844_5436.ts,2025-10-17T00:36:53.436Z
media_w668729543_5437.ts,2025-10-17T00:37:02.573Z
media_w1345224215_5438.ts,2025-10-17T00:37:11.460Z
media_w1629802588_5439.ts,2025-10-17T00:37:24.431Z
media_w90836446_5440.ts,2025-10-17T00:37:33.565Z
media_w1482014467_5441.ts,2025-10-17T00:37:42.696Z
media_w1160853556_5442.ts,2025-10-17T00:37:51.233Z
media_w1781603143_5443.ts,2025-10-17T00:38:03.952Z
media_w2037563691_5444.ts,2025-10-17T00:38:12.728Z
media_w132703821_5445.ts,2025-10-17T00:38:25.890Z
media_w2011447009_5446.ts,2025-10-17T00:38:34.768Z
media_w1487403031_5447.ts,2025-10-17T00:38:43.847Z
media_w1576752840_5448.ts,2025-10-17T00:38:52.764Z
media_w864262593_5449.ts,2025-10-17T00:39:01.736Z
media_w588450436_5450.ts,2025-10-17T00:39:14.798Z
media_w45252165_5451.ts,2025-10-17T00:39:23.601Z
media_w1955123963_5452.ts,2025-10-17T00:39:32.324Z
media_w1494145107_5453.ts,2025-10-17T00:39:45.495Z
media_w1258701721_5454.ts,2025-10-17T00:39:54.515Z
media_w1182192975_5455.ts,2025-10-17T00:40:03.391Z
media_w1729519979_5456.ts,2025-10-17T00:40:12.310Z
media_w1314692986_5457.ts,2025-10-17T00:40:24.994Z
media_w1158701505_5458.ts,2025-10-17T00:40:33.926Z
media_w1286355299_5459.ts,2025-10-17T00:40:43.420Z
media_w696741881_5460.ts,2025-10-17T00:40:52.725Z
media_w1913204911_5461.ts,2025-10-17T00:41:01.695Z
media_w547157379_5462.ts,2025-10-17T00:41:14.784Z
media_w2072797287_5463.ts,2025-10-17T00:41:23.545Z
media_w253880979_5464.ts,2025-10-17T00:41:32.245Z
media_w2007743880_5465.ts,2025-10-17T00:41:45.410Z
media_w689190408_5466.ts,2025-10-17T00:41:54.391Z
media_w2001177439_5467.ts,2025-10-17T00:42:03.437Z
media_w531567410_5468.ts,2025-10-17T00:42:12.029Z
media_w1770260828_5469.ts,2025-10-17T00:42:25.086Z
media_w1671297434_5470.ts,2025-10-17T00:42:34.053Z
media_w1201301989_5471.ts,2025-10-17T00:42:43.084Z
media_w1246045506_5472.ts,2025-10-17T00:42:51.764Z
media_w1901703894_5473.ts,2025-10-17T00:43:04.666Z
media_w1152825206_5474.ts,2025-10-17T00:43:13.251Z
media_w1040227465_5475.ts,2025-10-17T00:43:22.006Z
media_w1153487916_5476.ts,2025-10-17T00:43:34.913Z
media_w1722565137_5477.ts,2025-10-17T00:43:44.002Z
media_w623881080_5478.ts,2025-10-17T00:43:53.254Z
media_w858664906_5479.ts,2025-10-17T00:44:02.383Z
media_w940084119_5480.ts,2025-10-17T00:44:11.258Z
media_w2091805638_5481.ts,2025-10-17T00:44:24.206Z
media_w1689871481_5482.ts,2025-10-17T00:44:33.450Z
media_w1237524817_5483.ts,2025-10-17T00:44:42.417Z
media_w439024492_5484.ts,2025-10-17T00:44:55.302Z
media_w271432224_5485.ts,2025-10-17T00:45:04.009Z
media_w1335307966_5486.ts,2025-10-17T00:45:13.190Z
media_w2124837920_5487.ts,2025-10-17T00:45:21.882Z
media_w2098578873_5488.ts,2025-10-17T00:45:34.949Z
media_w1018843818_5489.ts,2025-10-17T00:45:44.054Z
media_w1517945664_5490.ts,2025-10-17T00:45:53.331Z
media_w488712160_5491.ts,2025-10-17T00:46:02.667Z
media_w1954640040_5492.ts,2025-10-17T00:46:11.224Z
media_w1631452967_5493.ts,2025-10-17T00:46:24.239Z
media_w1619769610_5494.ts,2025-10-17T00:46:33.836Z
media_w755652552_5495.ts,2025-10-17T00:46:42.917Z
media_w1824549216_5496.ts,2025-10-17T00:46:51.842Z
media_w1858904123_5497.ts,2025-10-17T00:47:05.226Z
media_w834615818_5498.ts,2025-10-17T00:47:14.175Z
media_w1349640680_5499.ts,2025-10-17T00:47:23.251Z
media_w898313715_5500.ts,2025-10-17T00:47:31.844Z
media_w275162110_5501.ts,2025-10-17T00:47:44.517Z
media_w162856265_5502.ts,2025-10-17T00:47:53.630Z
media_w258674141_5503.ts,2025-10-17T00:48:02.943Z
media_w1779556988_5504.ts,2025-10-17T00:48:12.119Z
media_w731257024_5505.ts,2025-10-17T00:48:24.864Z
media_w1532349563_5506.ts,2025-10-17T00:48:33.566Z
media_w548127394_5507.ts,2025-10-17T00:48:42.842Z
media_w104121484_5508.ts,2025-10-17T00:48:56.122Z
media_w494915403_5509.ts,2025-10-17T00:49:04.682Z
media_w1344652514_5510.ts,2025-10-17T00:49:13.469Z
media_w1631438907_5511.ts,2025-10-17T00:49:22.440Z
media_w1685174883_5512.ts,2025-10-17T00:49:35.395Z
media_w1146580083_5513.ts,2025-10-17T00:49:44.206Z
media_w638870263_5514.ts,2025-10-17T00:49:53.440Z
media_w843334021_5515.ts,2025-10-17T00:50:02.739Z
media_w1530433400_5516.ts,2025-10-17T00:50:11.750Z
media_w1136963061_5517.ts,2025-10-17T00:50:24.726Z
media_w1264555324_5518.ts,2025-10-17T00:50:33.576Z
media_w1793036623_5519.ts,2025-10-17T00:50:42.439Z
media_w1436795071_5520.ts,2025-10-17T00:50:55.813Z
media_w826503233_5521.ts,2025-10-17T00:51:04.762Z
media_w813734629_5522.ts,2025-10-17T00:51:13.730Z
media_w244935397_5523.ts,2025-10-17T00:51:22.610Z
media_w1792721177_5524.ts,2025-10-17T00:51:31.413Z
media_w1700357446_5525.ts,2025-10-17T00:51:44.215Z
media_w272372998_5526.ts,2025-10-17T00:51:53.427Z
media_w1538516547_5527.ts,2025-10-17T00:52:02.530Z
media_w1196968500_5528.ts,2025-10-17T00:52:11.669Z
media_w1481301504_5529.ts,2025-10-17T00:52:24.374Z
media_w1045029902_5530.ts,2025-10-17T00:52:32.961Z
media_w1020426043_5531.ts,2025-10-17T00:52:41.685Z
media_w119305377_5532.ts,2025-10-17T00:52:54.650Z
media_w1997588720_5533.ts,2025-10-17T00:53:03.698Z
media_w1407459953_5534.ts,2025-10-17T00:53:12.379Z
media_w734776289_5535.ts,2025-10-17T00:53:25.341Z
media_w1974831293_5536.ts,2025-10-17T00:53:34.434Z
media_w1213365119_5537.ts,2025-10-17T00:53:43.302Z
media_w225409048_5538.ts,2025-10-17T00:53:51.961Z
media_w2023136578_5539.ts,2025-10-17T00:54:04.983Z
media_w979445430_5540.ts,2025-10-17T00:54:13.794Z
media_w1341814087_5541.ts,2025-10-17T00:54:23.267Z
media_w1499811236_5542.ts,2025-10-17T00:54:31.853Z
media_w2045584714_5543.ts,2025-10-17T00:54:45.057Z
media_w74167669_5544.ts,2025-10-17T00:54:53.789Z
media_w1606932332_5545.ts,2025-10-17T00:55:02.922Z
media_w664518263_5546.ts,2025-10-17T00:55:11.774Z
media_w2072842366_5547.ts,2025-10-17T00:55:24.483Z
media_w342378331_5548.ts,2025-10-17T00:55:33.394Z
media_w415547524_5549.ts,2025-10-17T00:55:42.244Z
media_w1319686863_5550.ts,2025-10-17T00:55:55.155Z
media_w587456895_5551.ts,2025-10-17T00:56:03.913Z
media_w544638927_5552.ts,2025-10-17T00:56:12.968Z
media_w1541534437_5553.ts,2025-10-17T00:56:21.923Z
media_w1489132558_5554.ts,2025-10-17T00:56:34.945Z
media_w1814071855_5555.ts,2025-10-17T00:56:43.735Z
media_w1703386594_5556.ts,2025-10-17T00:56:52.803Z
media_w1314603392_5557.ts,2025-10-17T00:57:01.349Z
media_w424229133_5558.ts,2025-10-17T00:57:14.450Z
media_w1411597097_5559.ts,2025-10-17T00:57:23.766Z
media_w143331854_5560.ts,2025-10-17T00:57:32.379Z
media_w128071300_5561.ts,2025-10-17T00:57:41.126Z
media_w1031958696_5562.ts,2025-10-17T00:57:54.033Z
media_w1712742841_5563.ts,2025-10-17T00:58:02.803Z
media_w1946431297_5564.ts,2025-10-17T00:58:11.855Z
media_w827991600_5565.ts,2025-10-17T00:58:24.982Z
media_w1787641391_5566.ts,2025-10-17T00:58:34.084Z
media_w1516042755_5567.ts,2025-10-17T00:58:43.056Z
media_w487321578_5568.ts,2025-10-17T00:58:51.732Z
media_w537194879_5569.ts,2025-10-17T00:59:04.573Z
media_w1054979722_5570.ts,2025-10-17T00:59:13.501Z
media_w892760274_5571.ts,2025-10-17T00:59:22.304Z
media_w2095072018_5572.ts,2025-10-17T00:59:30.841Z
media_w1011997833_5573.ts,2025-10-17T00:59:43.509Z
media_w880462634_5574.ts,2025-10-17T00:59:52.181Z
media_w578156283_5575.ts,2025-10-17T01:00:05.090Z
media_w789180208_5576.ts,2025-10-17T01:00:13.897Z
media_w1753346524_5577.ts,2025-10-17T01:00:22.884Z
media_w1638114769_5578.ts,2025-10-17T01:00:31.434Z
media_w989264437_5579.ts,2025-10-17T01:00:44.677Z
media_w662147717_5580.ts,2025-10-17T01:00:53.878Z
media_w609906224_5581.ts,2025-10-17T01:01:02.568Z
media_w282600286_5582.ts,2025-10-17T01:01:11.377Z
media_w1481173682_5583.ts,2025-10-17T01:01:24.245Z
media_w560757964_5584.ts,2025-10-17T01:01:33.126Z
media_w1261995878_5585.ts,2025-10-17T01:01:42.016Z
media_w1643904169_5586.ts,2025-10-17T01:01:50.889Z
media_w86777818_5587.ts,2025-10-17T01:02:03.789Z
media_w895793418_5588.ts,2025-10-17T01:02:12.684Z
media_w635311078_5589.ts,2025-10-17T01:02:21.458Z
media_w594495258_5590.ts,2025-10-17T01:02:34.645Z
media_w1652719343_5591.ts,2025-10-17T01:02:43.437Z
media_w646144244_5592.ts,2025-10-17T01:02:52.557Z
media_w1303209974_5593.ts,2025-10-17T01:03:01.498Z
media_w2101946027_5594.ts,2025-10-17T01:03:14.669Z
media_w1821353593_5595.ts,2025-10-17T01:03:23.529Z
media_w777248943_5596.ts,2025-10-17T01:03:32.915Z
media_w1019558565_5597.ts,2025-10-17T01:03:41.933Z
media_w1367844673_5598.ts,2025-10-17T01:03:54.645Z
media_w1043204362_5599.ts,2025-10-17T01:04:03.654Z
media_w894694669_5600.ts,2025-10-17T01:04:13.192Z
media_w735870036_5601.ts,2025-10-17T01:04:22.114Z
media_w1166070935_5602.ts,2025-10-17T01:04:35.408Z
media_w1586433703_5603.ts,2025-10-17T01:04:44.404Z
media_w1570558530_5604.ts,2025-10-17T01:04:53.522Z
media_w2083189893_5605.ts,2025-10-17T01:05:02.805Z
media_w772507265_5606.ts,2025-10-17T01:05:11.693Z
media_w45269347_5607.ts,2025-10-17T01:05:24.497Z
media_w1033569619_5608.ts,2025-10-17T01:05:33.540Z
media_w2127625800_5609.ts,2025-10-17T01:05:42.484Z
media_w346562466_5610.ts,2025-10-17T01:05:51.383Z
media_w107508069_5611.ts,2025-10-17T01:06:04.248Z
media_w533794696_5612.ts,2025-10-17T01:06:13.483Z
media_w752783174_5613.ts,2025-10-17T01:06:22.148Z
media_w1815001394_5614.ts,2025-10-17T01:06:35.168Z
media_w1102199588_5615.ts,2025-10-17T01:06:44.073Z
media_w1361894445_5616.ts,2025-10-17T01:06:52.806Z
media_w522700699_5617.ts,2025-10-17T01:07:06.025Z
media_w1976988988_5618.ts,2025-10-17T01:07:14.889Z
media_w1092954695_5619.ts,2025-10-17T01:07:23.825Z
media_w2026645290_5620.ts,2025-10-17T01:07:32.548Z
media_w465458376_5621.ts,2025-10-17T01:07:45.545Z
media_w1117738787_5622.ts,2025-10-17T01:07:54.429Z
media_w1640205217_5623.ts,2025-10-17T01:08:03.338Z
media_w502779022_5624.ts,2025-10-17T01:08:11.863Z
media_w1733698675_5625.ts,2025-10-17T01:08:24.616Z
media_w385104663_5626.ts,2025-10-17T01:08:33.230Z
media_w2105179967_5627.ts,2025-10-17T01:08:42.420Z
media_w31722017_5628.ts,2025-10-17T01:08:51.277Z
media_w719012532_5629.ts,2025-10-17T01:09:04.011Z
media_w1480771887_5630.ts,2025-10-17T01:09:12.920Z
media_w1082430228_5631.ts,2025-10-17T01:09:21.700Z
media_w1604985354_5632.ts,2025-10-17T01:09:34.536Z
media_w1667757969_5633.ts,2025-10-17T01:09:43.585Z
media_w1391972322_5634.ts,2025-10-17T01:09:52.444Z
media_w834273521_5635.ts,2025-10-17T01:10:01.390Z
media_w234993543_5636.ts,2025-10-17T01:10:14.413Z
media_w752710901_5637.ts,2025-10-17T01:10:23.257Z
media_w1186028641_5638.ts,2025-10-17T01:10:31.817Z
media_w2002080213_5639.ts,2025-10-17T01:10:44.838Z
media_w1393032678_5640.ts,2025-10-17T01:10:53.872Z
media_w301642107_5641.ts,2025-10-17T01:11:03.265Z
media_w1814037910_5642.ts,2025-10-17T01:11:11.972Z
media_w1843101826_5643.ts,2025-10-17T01:11:24.721Z
media_w475425592_5644.ts,2025-10-17T01:11:33.684Z
media_w130012695_5645.ts,2025-10-17T01:11:42.456Z
media_w271209120_5646.ts,2025-10-17T01:11:55.429Z
media_w559509378_5647.ts,2025-10-17T01:12:03.960Z
media_w178477803_5648.ts,2025-10-17T01:12:12.852Z
media_w748212441_5649.ts,2025-10-17T01:12:21.607Z
media_w1044423352_5650.ts,2025-10-17T01:12:34.284Z
media_w735338770_5651.ts,2025-10-17T01:12:43.106Z
media_w45181317_5652.ts,2025-10-17T01:12:51.624Z
media_w1328282932_5653.ts,2025-10-17T01:13:04.464Z
media_w1114633291_5654.ts,2025-10-17T01:13:13.194Z
media_w841879556_5655.ts,2025-10-17T01:13:21.742Z
media_w467304706_5656.ts,2025-10-17T01:13:34.874Z
media_w1211781616_5657.ts,2025-10-17T01:13:43.773Z
media_w251129542_5658.ts,2025-10-17T01:13:52.309Z
media_w465528335_5659.ts,2025-10-17T01:14:05.443Z
media_w355326266_5660.ts,2025-10-17T01:14:14.342Z
media_w1318148825_5661.ts,2025-10-17T01:14:23.192Z
media_w1881529493_5662.ts,2025-10-17T01:14:31.978Z
media_w381971795_5663.ts,2025-10-17T01:14:45.148Z
media_w1837225999_5664.ts,2025-10-17T01:14:54.031Z
media_w797835607_5665.ts,2025-10-17T01:15:02.890Z
media_w1373748113_5666.ts,2025-10-17T01:15:11.427Z
media_w988524837_5667.ts,2025-10-17T01:15:24.696Z
media_w1652367734_5668.ts,2025-10-17T01:15:33.681Z
media_w1340227952_5669.ts,2025-10-17T01:15:42.352Z
media_w1333436999_5670.ts,2025-10-17T01:15:51.068Z
media_w785627047_5671.ts,2025-10-17T01:16:04.168Z
media_w62459156_5672.ts,2025-10-17T01:16:12.903Z
media_w652807092_5673.ts,2025-10-17T01:16:21.846Z
media_w1197861130_5674.ts,2025-10-17T01:16:35.094Z
media_w979795070_5675.ts,2025-10-17T01:16:44.054Z
media_w1210662650_5676.ts,2025-10-17T01:16:52.835Z
media_w1460343403_5677.ts,2025-10-17T01:17:01.528Z
media_w1623196002_5678.ts,2025-10-17T01:17:14.672Z
media_w461963715_5679.ts,2025-10-17T01:17:23.450Z
media_w1509856365_5680.ts,2025-10-17T01:17:32.323Z
media_w1712884375_5681.ts,2025-10-17T01:17:45.116Z
media_w44324053_5682.ts,2025-10-17T01:17:53.654Z
media_w1747358263_5683.ts,2025-10-17T01:18:03.006Z
media_w1615565050_5684.ts,2025-10-17T01:18:12.124Z
media_w1145599729_5685.ts,2025-10-17T01:18:20.678Z
media_w1128830452_5686.ts,2025-10-17T01:18:33.668Z
media_w1138350469_5687.ts,2025-10-17T01:18:42.430Z
media_w214788183_5688.ts,2025-10-17T01:18:55.389Z
media_w1400551294_5689.ts,2025-10-17T01:19:04.305Z
media_w1731640318_5690.ts,2025-10-17T01:19:13.365Z
media_w577512321_5691.ts,2025-10-17T01:19:22.140Z
media_w983530752_5692.ts,2025-10-17T01:19:34.857Z
media_w1090340174_5693.ts,2025-10-17T01:19:43.514Z
media_w528869922_5694.ts,2025-10-17T01:19:52.439Z
media_w687354500_5695.ts,2025-10-17T01:20:01.069Z
media_w776773578_5696.ts,2025-10-17T01:20:13.945Z
media_w275139697_5697.ts,2025-10-17T01:20:23.370Z
media_w377170891_5698.ts,2025-10-17T01:20:32.454Z
media_w642556543_5699.ts,2025-10-17T01:20:41.646Z
media_w1917547589_5700.ts,2025-10-17T01:20:54.601Z
media_w1161582296_5701.ts,2025-10-17T01:21:03.890Z
media_w529495580_5702.ts,2025-10-17T01:21:12.976Z
media_w1356838948_5703.ts,2025-10-17T01:21:21.711Z
media_w2065455256_5704.ts,2025-10-17T01:21:34.700Z
media_w466956610_5705.ts,2025-10-17T01:21:43.662Z
media_w1065819902_5706.ts,2025-10-17T01:21:52.797Z
media_w1337318360_5707.ts,2025-10-17T01:22:05.805Z
media_w1616918724_5708.ts,2025-10-17T01:22:14.522Z
media_w1479208591_5709.ts,2025-10-17T01:22:23.076Z
media_w1863503949_5710.ts,2025-10-17T01:22:31.824Z
media_w1547977988_5711.ts,2025-10-17T01:22:44.882Z
media_w319932176_5712.ts,2025-10-17T01:22:53.932Z
media_w790256629_5713.ts,2025-10-17T01:23:02.865Z
media_w779108231_5714.ts,2025-10-17T01:23:11.617Z
media_w1155664928_5715.ts,2025-10-17T01:23:24.546Z
media_w1540677888_5716.ts,2025-10-17T01:23:33.248Z
media_w1378990578_5717.ts,2025-10-17T01:23:42.038Z
media_w593528227_5718.ts,2025-10-17T01:23:50.776Z
media_w872112453_5719.ts,2025-10-17T01:24:03.676Z
media_w1637987901_5720.ts,2025-10-17T01:24:12.499Z
media_w315188464_5721.ts,2025-10-17T01:24:21.218Z
media_w1153048351_5722.ts,2025-10-17T01:24:34.249Z
media_w299643553_5723.ts,2025-10-17T01:24:43.009Z
media_w924863061_5724.ts,2025-10-17T01:24:51.489Z
media_w1641791607_5725.ts,2025-10-17T01:25:04.472Z
media_w359143712_5726.ts,2025-10-17T01:25:13.259Z
media_w1117922143_5727.ts,2025-10-17T01:25:21.973Z
media_w1387671068_5728.ts,2025-10-17T01:25:34.889Z
media_w266063376_5729.ts,2025-10-17T01:25:43.565Z
media_w889054062_5730.ts,2025-10-17T01:25:52.340Z
media_w1275005540_5731.ts,2025-10-17T01:26:01.137Z
media_w663085503_5732.ts,2025-10-17T01:26:14.265Z
media_w724157727_5733.ts,2025-10-17T01:26:23.106Z
media_w2138133223_5734.ts,2025-10-17T01:26:31.661Z
media_w1420687272_5735.ts,2025-10-17T01:26:44.316Z
media_w164318560_5736.ts,2025-10-17T01:26:53.301Z
media_w1543351961_5737.ts,2025-10-17T01:27:02.070Z
media_w240990569_5738.ts,2025-10-17T01:27:15.352Z
media_w541382186_5739.ts,2025-10-17T01:27:24.337Z
media_w1120955094_5740.ts,2025-10-17T01:27:32.991Z
media_w689938440_5741.ts,2025-10-17T01:27:41.890Z
media_w729819059_5742.ts,2025-10-17T01:27:54.844Z
media_w1254695979_5743.ts,2025-10-17T01:28:03.728Z
media_w1042413565_5744.ts,2025-10-17T01:28:12.606Z
media_w1472760691_5745.ts,2025-10-17T01:28:25.765Z
media_w736940965_5746.ts,2025-10-17T01:28:34.640Z
media_w1742307938_5747.ts,2025-10-17T01:28:43.828Z
media_w231590948_5748.ts,2025-10-17T01:28:52.599Z
media_w1075187318_5749.ts,2025-10-17T01:29:05.501Z
media_w1823712923_5750.ts,2025-10-17T01:29:14.212Z
media_w704047359_5751.ts,2025-10-17T01:29:22.885Z
media_w1160761078_5752.ts,2025-10-17T01:29:31.430Z
media_w2098030440_5753.ts,2025-10-17T01:29:44.343Z
media_w2063867837_5754.ts,2025-10-17T01:29:53.249Z
media_w126173220_5755.ts,2025-10-17T01:30:01.792Z
media_w60404628_5756.ts,2025-10-17T01:30:14.449Z
media_w837553484_5757.ts,2025-10-17T01:30:23.189Z
media_w278136313_5758.ts,2025-10-17T01:30:32.181Z
media_w1610068759_5759.ts,2025-10-17T01:30:45.317Z
media_w710230464_5760.ts,2025-10-17T01:30:54.209Z
media_w1229238878_5761.ts,2025-10-17T01:31:02.909Z
media_w544287161_5762.ts,2025-10-17T01:31:11.504Z
media_w1672862379_5763.ts,2025-10-17T01:31:25.060Z
media_w111741292_5764.ts,2025-10-17T01:31:33.976Z
media_w2022711008_5765.ts,2025-10-17T01:31:42.593Z
media_w1588956949_5766.ts,2025-10-17T01:31:51.073Z
media_w216518332_5767.ts,2025-10-17T01:32:04.241Z
media_w1643870459_5768.ts,2025-10-17T01:32:13.316Z
media_w58459493_5769.ts,2025-10-17T01:32:21.821Z
media_w1511885058_5770.ts,2025-10-17T01:32:35.060Z
media_w2015421428_5771.ts,2025-10-17T01:32:43.678Z
media_w931880620_5772.ts,2025-10-17T01:32:52.361Z
media_w1174909330_5773.ts,2025-10-17T01:33:01.384Z
media_w663973545_5774.ts,2025-10-17T01:33:14.336Z
media_w1594898081_5775.ts,2025-10-17T01:33:23.175Z
media_w1551875139_5776.ts,2025-10-17T01:33:32.268Z
media_w188952358_5777.ts,2025-10-17T01:33:41.545Z
media_w307963096_5778.ts,2025-10-17T01:33:54.225Z
media_w56592141_5779.ts,2025-10-17T01:34:03.177Z
media_w1739666181_5780.ts,2025-10-17T01:34:11.995Z
media_w1217426835_5781.ts,2025-10-17T01:34:20.529Z
media_w1474337977_5782.ts,2025-10-17T01:34:33.617Z
media_w355762521_5783.ts,2025-10-17T01:34:42.176Z
media_w630808899_5784.ts,2025-10-17T01:34:55.189Z
media_w656670256_5785.ts,2025-10-17T01:35:03.944Z
media_w355223173_5786.ts,2025-10-17T01:35:12.666Z
media_w1339262707_5787.ts,2025-10-17T01:35:21.329Z
media_w1100668914_5788.ts,2025-10-17T01:35:34.472Z
media_w738091877_5789.ts,2025-10-17T01:35:43.804Z
media_w427468737_5790.ts,2025-10-17T01:35:52.693Z
media_w1440192751_5791.ts,2025-10-17T01:36:05.331Z
media_w991835518_5792.ts,2025-10-17T01:36:14.158Z
media_w1755577210_5793.ts,2025-10-17T01:36:23.014Z
media_w2131039074_5794.ts,2025-10-17T01:36:31.829Z
media_w1443325381_5795.ts,2025-10-17T01:36:45.084Z
media_w11704281_5796.ts,2025-10-17T01:36:53.831Z
media_w1341703413_5797.ts,2025-10-17T01:37:03.071Z
media_w258187478_5798.ts,2025-10-17T01:37:11.692Z
media_w694265121_5799.ts,2025-10-17T01:37:24.716Z
media_w678643551_5800.ts,2025-10-17T01:37:33.553Z
media_w853609864_5801.ts,2025-10-17T01:37:42.407Z
media_w465741131_5802.ts,2025-10-17T01:37:51.176Z
media_w814062329_5803.ts,2025-10-17T01:38:04.184Z
media_w993242815_5804.ts,2025-10-17T01:38:13.085Z
media_w1335972024_5805.ts,2025-10-17T01:38:21.875Z
media_w1725693950_5806.ts,2025-10-17T01:38:35.310Z
media_w1026684607_5807.ts,2025-10-17T01:38:44.225Z
media_w1575455908_5808.ts,2025-10-17T01:38:53.169Z
media_w460879413_5809.ts,2025-10-17T01:39:02.148Z
media_w677623249_5810.ts,2025-10-17T01:39:14.960Z
media_w130439205_5811.ts,2025-10-17T01:39:23.664Z
media_w64660819_5812.ts,2025-10-17T01:39:33.425Z
media_w367258285_5813.ts,2025-10-17T01:39:42.377Z
media_w767180859_5814.ts,2025-10-17T01:39:55.282Z
media_w219405726_5815.ts,2025-10-17T01:40:03.766Z
media_w1478953885_5816.ts,2025-10-17T01:40:12.652Z
media_w2068912790_5817.ts,2025-10-17T01:40:21.377Z
media_w138869694_5818.ts,2025-10-17T01:40:34.518Z
media_w1750798357_5819.ts,2025-10-17T01:40:43.737Z
media_w1824484856_5820.ts,2025-10-17T01:40:52.353Z
media_w912468435_5821.ts,2025-10-17T01:41:01.356Z
media_w1610157106_5822.ts,2025-10-17T01:41:14.236Z
media_w508700698_5823.ts,2025-10-17T01:41:23.155Z
media_w1222602055_5824.ts,2025-10-17T01:41:32.007Z
media_w518979685_5825.ts,2025-10-17T01:41:40.785Z
media_w1748111596_5826.ts,2025-10-17T01:41:53.846Z
media_w1956225953_5827.ts,2025-10-17T01:42:02.673Z
media_w180300559_5828.ts,2025-10-17T01:42:11.423Z
media_w1373038836_5829.ts,2025-10-17T01:42:24.516Z
media_w1163314060_5830.ts,2025-10-17T01:42:33.225Z
media_w258328028_5831.ts,2025-10-17T01:42:41.859Z
media_w1402793661_5832.ts,2025-10-17T01:42:55.188Z
media_w766392688_5833.ts,2025-10-17T01:43:04.148Z
media_w56947422_5834.ts,2025-10-17T01:43:12.793Z
media_w806783809_5835.ts,2025-10-17T01:43:21.300Z
media_w567641137_5836.ts,2025-10-17T01:43:34.213Z
media_w356668341_5837.ts,2025-10-17T01:43:43.160Z
media_w542433399_5838.ts,2025-10-17T01:43:51.885Z
media_w73591074_5839.ts,2025-10-17T01:44:04.832Z
media_w1538727543_5840.ts,2025-10-17T01:44:13.633Z
media_w1803110166_5841.ts,2025-10-17T01:44:22.196Z
media_w1763507268_5842.ts,2025-10-17T01:44:31.223Z
media_w1918927794_5843.ts,2025-10-17T01:44:44.423Z
media_w1901908734_5844.ts,2025-10-17T01:44:53.229Z
media_w707121536_5845.ts,2025-10-17T01:45:01.977Z
media_w594679330_5846.ts,2025-10-17T01:45:14.864Z
media_w508618206_5847.ts,2025-10-17T01:45:23.868Z
media_w459970185_5848.ts,2025-10-17T01:45:32.710Z
media_w433121754_5849.ts,2025-10-17T01:45:41.730Z
media_w2038915367_5850.ts,2025-10-17T01:45:54.712Z
media_w257372802_5851.ts,2025-10-17T01:46:03.544Z
media_w161449015_5852.ts,2025-10-17T01:46:12.325Z
media_w286495346_5853.ts,2025-10-17T01:46:25.472Z
media_w703205399_5854.ts,2025-10-17T01:46:34.466Z
media_w160784361_5855.ts,2025-10-17T01:46:43.638Z
media_w1588742413_5856.ts,2025-10-17T01:46:52.563Z
media_w1835672213_5857.ts,2025-10-17T01:47:01.395Z
media_w184589183_5858.ts,2025-10-17T01:47:14.593Z
media_w582719796_5859.ts,2025-10-17T01:47:23.663Z
media_w862775126_5860.ts,2025-10-17T01:47:32.587Z
media_w1247674250_5861.ts,2025-10-17T01:47:41.383Z
media_w454469883_5862.ts,2025-10-17T01:47:54.536Z
media_w955943895_5863.ts,2025-10-17T01:48:03.479Z
media_w2006501248_5864.ts,2025-10-17T01:48:12.252Z
media_w1766967243_5865.ts,2025-10-17T01:48:21.069Z
media_w703326905_5866.ts,2025-10-17T01:48:34.094Z
media_w1227068459_5867.ts,2025-10-17T01:48:43.251Z
media_w1033523488_5868.ts,2025-10-17T01:48:51.710Z
media_w1903658989_5869.ts,2025-10-17T01:49:04.285Z
media_w1995688759_5870.ts,2025-10-17T01:49:12.916Z
media_w1132586727_5871.ts,2025-10-17T01:49:21.729Z
media_w579589526_5872.ts,2025-10-17T01:49:34.360Z
media_w1241317880_5873.ts,2025-10-17T01:49:43.273Z
media_w520797608_5874.ts,2025-10-17T01:49:52.016Z
media_w202335364_5875.ts,2025-10-17T01:50:00.789Z
media_w2068692397_5876.ts,2025-10-17T01:50:14.188Z
media_w209739803_5877.ts,2025-10-17T01:50:23.242Z
media_w86450482_5878.ts,2025-10-17T01:50:32.096Z
media_w240722908_5879.ts,2025-10-17T01:50:44.977Z
media_w732770462_5880.ts,2025-10-17T01:50:53.542Z
media_w2061850051_5881.ts,2025-10-17T01:51:02.451Z
media_w2118229911_5882.ts,2025-10-17T01:51:11.142Z
media_w2051129461_5883.ts,2025-10-17T01:51:24.056Z
media_w1285000378_5884.ts,2025-10-17T01:51:32.613Z
media_w1628876129_5885.ts,2025-10-17T01:51:45.609Z
media_w484538944_5886.ts,2025-10-17T01:51:54.560Z
media_w1531529255_5887.ts,2025-10-17T01:52:03.462Z
media_w55749549_5888.ts,2025-10-17T01:52:11.977Z
media_w155621091_5889.ts,2025-10-17T01:52:24.950Z
media_w409610649_5890.ts,2025-10-17T01:52:33.612Z
media_w848547062_5891.ts,2025-10-17T01:52:42.674Z
media_w663034332_5892.ts,2025-10-17T01:52:51.481Z
media_w507727198_5893.ts,2025-10-17T01:53:04.398Z
media_w1661602695_5894.ts,2025-10-17T01:53:13.175Z
media_w761822636_5895.ts,2025-10-17T01:53:22.293Z
media_w1295688830_5896.ts,2025-10-17T01:53:31.177Z
media_w1377736828_5897.ts,2025-10-17T01:53:44.144Z
media_w534071356_5898.ts,2025-10-17T01:53:52.906Z
media_w1865496141_5899.ts,2025-10-17T01:54:01.402Z
media_w408701524_5900.ts,2025-10-17T01:54:14.240Z
media_w1966840734_5901.ts,2025-10-17T01:54:22.885Z
media_w140349578_5902.ts,2025-10-17T01:54:31.492Z
media_w1796749644_5903.ts,2025-10-17T01:54:44.188Z
media_w1864681023_5904.ts,2025-10-17T01:54:53.286Z
media_w1568706233_5905.ts,2025-10-17T01:55:01.831Z
media_w1896336773_5906.ts,2025-10-17T01:55:14.745Z
media_w264454307_5907.ts,2025-10-17T01:55:23.309Z
media_w2046133232_5908.ts,2025-10-17T01:55:32.279Z
media_w667572486_5909.ts,2025-10-17T01:55:41.044Z
media_w1769999619_5910.ts,2025-10-17T01:55:54.079Z
media_w956499284_5911.ts,2025-10-17T01:56:02.916Z
media_w834443314_5912.ts,2025-10-17T01:56:11.601Z
media_w401573427_5913.ts,2025-10-17T01:56:24.469Z
media_w1850582144_5914.ts,2025-10-17T01:56:33.332Z
media_w622241221_5915.ts,2025-10-17T01:56:42.298Z
media_w116605159_5916.ts,2025-10-17T01:56:55.094Z
media_w1287720694_5917.ts,2025-10-17T01:57:03.712Z
media_w1565287500_5918.ts,2025-10-17T01:57:13.100Z
media_w1551460718_5919.ts,2025-10-17T01:57:22.003Z
media_w1866032374_5920.ts,2025-10-17T01:57:34.796Z
media_w1043461975_5921.ts,2025-10-17T01:57:43.529Z
media_w1979750241_5922.ts,2025-10-17T01:57:52.150Z
media_w2107269279_5923.ts,2025-10-17T01:58:05.396Z
media_w976340559_5924.ts,2025-10-17T01:58:14.170Z
media_w1694033693_5925.ts,2025-10-17T01:58:23.309Z
media_w1928791244_5926.ts,2025-10-17T01:58:31.898Z
media_w640124664_5927.ts,2025-10-17T01:58:45.037Z
media_w301636719_5928.ts,2025-10-17T01:58:53.796Z
media_w1093027386_5929.ts,2025-10-17T01:59:03.123Z
media_w96738838_5930.ts,2025-10-17T01:59:11.703Z
media_w1896847421_5931.ts,2025-10-17T01:59:24.597Z
media_w772437050_5932.ts,2025-10-17T01:59:33.557Z
media_w1027402306_5933.ts,2025-10-17T01:59:42.392Z
media_w1197592445_5934.ts,2025-10-17T01:59:51.263Z
media_w1748842836_5935.ts,2025-10-17T02:00:04.513Z
media_w1249540145_5936.ts,2025-10-17T02:00:13.482Z
media_w256640532_5937.ts,2025-10-17T02:00:22.404Z
media_w672805799_5938.ts,2025-10-17T02:00:31.333Z
media_w115455349_5939.ts,2025-10-17T02:00:44.039Z
media_w1258936020_5940.ts,2025-10-17T02:00:53.217Z
media_w312745333_5941.ts,2025-10-17T02:01:02.124Z
media_w195984735_5942.ts,2025-10-17T02:01:14.894Z
media_w523970566_5943.ts,2025-10-17T02:01:23.827Z
media_w427686580_5944.ts,2025-10-17T02:01:33.018Z
media_w613818449_5945.ts,2025-10-17T02:01:41.997Z
media_w1071786830_5946.ts,2025-10-17T02:01:55.118Z
media_w2059969618_5947.ts,2025-10-17T02:02:03.908Z
media_w1915368506_5948.ts,2025-10-17T02:02:12.772Z
media_w547382818_5949.ts,2025-10-17T02:02:21.412Z
media_w1686361146_5950.ts,2025-10-17T02:02:34.735Z
media_w1612778580_5951.ts,2025-10-17T02:02:43.609Z
media_w1879364297_5952.ts,2025-10-17T02:02:52.295Z
media_w1657950415_5953.ts,2025-10-17T02:03:01.152Z
media_w1305190781_5954.ts,2025-10-17T02:03:13.989Z
media_w17901780_5955.ts,2025-10-17T02:03:22.649Z
media_w2073257420_5956.ts,2025-10-17T02:03:31.215Z
media_w482197601_5957.ts,2025-10-17T02:03:44.093Z
media_w1676615404_5958.ts,2025-10-17T02:03:53.284Z
media_w174098243_5959.ts,2025-10-17T02:04:02.075Z
media_w2084278311_5960.ts,2025-10-17T02:04:15.216Z
media_w741029939_5961.ts,2025-10-17T02:04:24.036Z
media_w604055387_5962.ts,2025-10-17T02:04:32.806Z
media_w1059247981_5963.ts,2025-10-17T02:04:45.965Z
media_w23680614_5964.ts,2025-10-17T02:04:54.737Z
media_w305378361_5965.ts,2025-10-17T02:05:03.573Z
media_w2056078333_5966.ts,2025-10-17T02:05:12.228Z
media_w321306335_5967.ts,2025-10-17T02:05:25.217Z
media_w1152221928_5968.ts,2025-10-17T02:05:34.048Z
media_w667534374_5969.ts,2025-10-17T02:05:42.792Z
media_w1080619923_5970.ts,2025-10-17T02:05:51.661Z
media_w2107808079_5971.ts,2025-10-17T02:06:04.745Z
media_w573249301_5972.ts,2025-10-17T02:06:13.341Z
media_w1242594406_5973.ts,2025-10-17T02:06:21.894Z
media_w1306508687_5974.ts,2025-10-17T02:06:34.633Z
media_w1617406034_5975.ts,2025-10-17T02:06:43.466Z
media_w945115226_5976.ts,2025-10-17T02:06:51.937Z
media_w408699716_5977.ts,2025-10-17T02:07:04.729Z
media_w166152423_5978.ts,2025-10-17T02:07:13.613Z
media_w1891998327_5979.ts,2025-10-17T02:07:22.353Z
media_w1950921002_5980.ts,2025-10-17T02:07:31.036Z
media_w2038234649_5981.ts,2025-10-17T02:07:43.860Z
media_w624608300_5982.ts,2025-10-17T02:07:52.796Z
media_w1099122073_5983.ts,2025-10-17T02:08:01.597Z
media_w1303551023_5984.ts,2025-10-17T02:08:14.604Z
media_w1397024268_5985.ts,2025-10-17T02:08:23.437Z
media_w675584227_5986.ts,2025-10-17T02:08:32.217Z
media_w551716680_5987.ts,2025-10-17T02:08:45.214Z
media_w1293648756_5988.ts,2025-10-17T02:08:53.984Z
media_w209670414_5989.ts,2025-10-17T02:09:02.717Z
media_w728207265_5990.ts,2025-10-17T02:09:15.692Z
media_w194483228_5991.ts,2025-10-17T02:09:24.504Z
media_w319265487_5992.ts,2025-10-17T02:09:33.487Z
media_w288851695_5993.ts,2025-10-17T02:09:42.298Z
media_w469437911_5994.ts,2025-10-17T02:09:55.280Z
media_w431077026_5995.ts,2025-10-17T02:10:03.837Z
media_w1397404449_5996.ts,2025-10-17T02:10:12.819Z
media_w1411245653_5997.ts,2025-10-17T02:10:21.530Z
media_w733757281_5998.ts,2025-10-17T02:10:34.431Z
media_w2012691534_5999.ts,2025-10-17T02:10:43.504Z
media_w1137167785_6000.ts,2025-10-17T02:10:52.286Z
media_w743050092_6001.ts,2025-10-17T02:11:00.985Z
media_w1532079576_6002.ts,2025-10-17T02:11:13.800Z
